sample	sequence_id	v_call	j_call	v_aa_identity	j_aa_identity	bad_v	bad_j	bad_v_identity	bad_j_identity	bad_v_evalue	bad_j_evalue
ERR346596	ERR346596.210	J558.5	JH4	94.845	81.250	False	True	False	True	False	False
ERR346596	ERR346596.244	V11,VHS107.a3.106	JH1	8.081	100.000	True	False	True	False	False	False
ERR346596	ERR346596.325	J558.24,J558.80.186		66.667		True	False	True	False	False	False
ERR346596	ERR346596.853	Q52.1pg.2,VHQ52.a1psi.2		62.500		True	False	True	False	False	False
ERR346596	ERR346596.941	VHQ52.a27.79,VOx-1	JH4	78.947	100.000	True	False	True	False	False	False
ERR346596	ERR346596.1169	VH7183.a4.6,VHD6.96	JH4	95.833	80.000	False	True	False	True	False	False
ERR346596	ERR346596.1223	J558.h	JH4	84.375	33.333	True	True	True	True	False	False
ERR346596	ERR346596.1361	Q52.1pg.2,VHQ52.a1psi.2		62.500		True	False	True	False	False	False
ERR346596	ERR346596.1173	VH7183.a7.10	JH4	38.776	100.000	True	False	True	False	False	False
ERR346596	ERR346596.1373	J558.29	JH4	78.125	100.000	True	False	True	False	False	False
ERR346596	ERR346596.1295	J558.5	JH2	90.722	84.615	False	True	False	True	False	False
ERR346596	ERR346596.1327	J558.19.109	JH4	31.959	92.857	True	False	True	False	False	False
ERR346596	ERR346596.1731	VH7183.a4.6,VHD6.96	JH4	54.639	92.857	True	False	True	False	False	False
ERR346596	ERR346596.1707	VH7183.a4.6,VHD6.96	JH4	18.557	100.000	True	False	True	False	False	False
ERR346596	ERR346596.1735	Vh10.2a	JH4	93.878	82.353	False	True	False	True	False	False
ERR346596	ERR346596.1836	VHSM7.a3.93	JH3	62.500	100.000	True	False	True	False	False	False
ERR346596	ERR346596.1875	VHQ52.a27.79	JH3	81.250	100.000	True	False	True	False	False	False
ERR346596	ERR346596.1885	VH7183.a3psi.5		62.500		True	False	True	False	False	False
ERR346596	ERR346596.1918	J558.1.85	JH2	76.923	66.667	True	True	True	True	False	False
ERR346596	ERR346596.1996	J558.8	JH3	84.536	100.000	True	False	True	False	False	False
ERR346596	ERR346596.2148	7183.3pg.5,VH7183.a3psi.5		62.500		True	False	True	False	False	False
ERR346596	ERR346596.2246	3:3.9,7183.7.10,VH7183.a7.10	JH2	98.958	80.000	False	True	False	True	False	False
ERR346596	ERR346596.2291	J558.17	JH2	52.083	100.000	True	False	True	False	False	False
ERR346596	ERR346596.2336	J558.61.157,V3	JH2	90.722	84.615	False	True	False	True	False	False
ERR346596	ERR346596.2410	VHS107.a3.106	JH1	78.218	100.000	True	False	True	False	False	False
ERR346596	ERR346596.2391	J606.4.82	JH4	72.000	93.333	True	False	True	False	False	False
ERR346596	ERR346596.2504	VH7183.a30.50	JH2	95.918	80.000	False	True	False	True	False	False
ERR346596	ERR346596.2695	VHA1	JH2	46.392	86.667	True	False	True	False	False	False
ERR346596	ERR346596.2667	J558.5	JH4	94.898	81.250	False	True	False	True	False	False
ERR346596	ERR346596.2775	VH36-60.a2.90	JH4	32.990	100.000	True	False	True	False	False	False
ERR346596	ERR346596.2876	J558.h	JH4	84.694	92.857	True	False	True	False	False	False
ERR346596	ERR346596.2933	VHQ52.a27.79	JH1	82.474	100.000	True	False	True	False	False	False
ERR346596	ERR346596.3104	VH7183.a4.6,VHD6.96	JH4	96.907	73.333	False	True	False	True	False	False
ERR346596	ERR346596.3052	VHSM7.a3.93	JH3	10.417	100.000	True	False	True	False	False	False
ERR346596	ERR346596.3158	J558.21pg.111,J558.25pg.115	JH3	83.505	92.308	True	False	True	False	False	False
ERR346596	ERR346596.3094	VHQ52.a27.79	JH1	45.833	100.000	True	False	True	False	False	False
ERR346596	ERR346596.3258	J558.50	JH3	82.474	100.000	True	False	True	False	False	False
ERR346596	ERR346596.3244	J558.h	JH4	81.250	93.750	True	False	True	False	False	False
ERR346596	ERR346596.3382	VHSM7.a3.93	JH4	45.361	92.857	True	False	True	False	False	False
ERR346596	ERR346596.3284	J558.15	JH3	7.216	100.000	True	False	True	False	False	False
ERR346596	ERR346596.3436	MAI1,MBK2,PWK2		66.667		True	False	True	False	False	False
ERR346596	ERR346596.3974	J558.13	JH3	7.292	100.000	True	False	True	False	False	False
ERR346596	ERR346596.4014	J558.37,J558.38,J558.39		80.000		True	False	True	False	False	False
ERR346596	ERR346596.4080	J558.50	JH3	82.653	100.000	True	False	True	False	False	False
ERR346596	ERR346596.4444	J558.21pg.111,J558.25pg.115	JH3	82.474	92.308	True	False	True	False	False	False
ERR346596	ERR346596.4407	J558.83.189	JH2	81.633	100.000	True	False	True	False	False	False
ERR346596	ERR346596.4465	J558.79.184,J558.h	JH4	81.250	87.500	True	False	True	False	False	False
ERR346596	ERR346596.4539	J558.5	JH4	94.898	81.250	False	True	False	True	False	False
ERR346596	ERR346596.4530	J558.44	JH2	80.208	100.000	True	False	True	False	False	False
ERR346596	ERR346596.4582	VHSM7.a3.93	JH2	7.143	100.000	True	False	True	False	False	False
ERR346596	ERR346596.5001	VHSM7.a3.93	JH3	26.804	100.000	True	False	True	False	False	False
ERR346596	ERR346596.4913	VHSM7.a3.93	JH3	37.895	100.000	True	False	True	False	False	False
ERR346596	ERR346596.5035	J558.h	JH4	81.443	92.857	True	False	True	False	False	False
ERR346596	ERR346596.5081	VH7183.a4.6,VHD6.96	JH4	69.892	100.000	True	False	True	False	False	False
ERR346596	ERR346596.5236	J558.50	JH3	84.694	100.000	True	False	True	False	False	False
ERR346596	ERR346596.5222	J558.29	JH4	59.375	100.000	True	False	True	False	False	False
ERR346596	ERR346596.5339	VHS107.a3.106	JH1	48.000	100.000	True	False	True	False	False	False
ERR346596	ERR346596.5426	VHSM7.a3.93	JH3	55.208	100.000	True	False	True	False	False	False
ERR346596	ERR346596.5487	VHSM7.a3.93	JH2	8.333	100.000	True	False	True	False	False	False
ERR346596	ERR346596.5574	VHS107.a3.106	JH4	5.941	100.000	True	False	True	False	False	False
ERR346596	ERR346596.5616	VHQ52.a27.79	JH1	8.333	100.000	True	False	True	False	False	False
ERR346596	ERR346596.5664	J558.5	JH4	94.845	81.250	False	True	False	True	False	False
ERR346596	ERR346596.5789	VHQ52.a27.79	JH1	80.208	100.000	True	False	True	False	False	False
ERR346596	ERR346596.5779	J558.50	JH3	83.673	100.000	True	False	True	False	False	False
ERR346596	ERR346596.5783	VH36-60.a1.85	JH2	13.402	100.000	True	False	True	False	False	False
ERR346596	ERR346596.5900	J558.27pg.117	JH4	11.579	100.000	True	False	True	False	False	False
ERR346596	ERR346596.5946	J558.29	JH4	97.938	33.333	False	True	False	True	False	False
ERR346596	ERR346596.6010	J606.4.82	JH2	26.882	100.000	True	False	True	False	False	False
ERR346596	ERR346596.6087	J558.26.116	JH1	67.708	100.000	True	False	True	False	False	False
ERR346596	ERR346596.6420	J558.19	JH2	28.866	100.000	True	False	True	False	False	False
ERR346596	ERR346596.6276	J558.29	JH4	74.227	100.000	True	False	True	False	False	False
ERR346596	ERR346596.6499	J558.79.184,J558.h	JH4	82.474	93.750	True	False	True	False	False	False
ERR346596	ERR346596.6434	J558.64.162,J558.74.176	JH1	27.835	93.333	True	False	True	False	False	False
ERR346596	ERR346596.6521	V11,VHS107.a3.106	JH1	43.564	100.000	True	False	True	False	False	False
ERR346596	ERR346596.6569	Q52.3.8,VHQ52.a3.8		50.000		True	False	True	False	False	False
ERR346596	ERR346596.6576	VHQ52.a27.79	JH1	7.216	100.000	True	False	True	False	False	False
ERR346596	ERR346596.6583	VH7183.a4.6,VHD6.96	JH4	77.320	100.000	True	False	True	False	False	False
ERR346596	ERR346596.6749	J558.64.162,J558.74.176	JH3	95.876	80.000	False	True	False	True	False	False
ERR346596	ERR346596.6805	J558.54.148	JH3	75.000	91.667	True	False	True	False	False	False
ERR346596	ERR346596.6934	J558.h	JH4	82.979	93.750	True	False	True	False	False	False
ERR346596	ERR346596.7040	J558.83.189	JH2	42.708	100.000	True	False	True	False	False	False
ERR346596	ERR346596.7127	J558.45	JH3	23.958	100.000	True	False	True	False	False	False
ERR346596	ERR346596.6896	J558.50	JH3	83.505	100.000	True	False	True	False	False	False
ERR346596	ERR346596.6952	J558.h	JH4	84.375	93.750	True	False	True	False	False	False
ERR346596	ERR346596.7418	J558.14pg.104		71.429		True	False	True	False	False	False
ERR346596	ERR346596.7426	VHQ52.a27.79,VOx-1	JH4	50.000	100.000	True	False	True	False	False	False
ERR346596	ERR346596.7471	J558.29	JH4	68.041	100.000	True	False	True	False	False	False
ERR346596	ERR346596.7557	J558.h	JH4	80.208	93.750	True	False	True	False	False	False
ERR346596	ERR346596.7505	J558.21pg.111,J558.25pg.115	JH3	84.536	100.000	True	False	True	False	False	False
ERR346596	ERR346596.7510	J558.46	JH4	37.113	87.500	True	False	True	False	False	False
ERR346596	ERR346596.7621	VHQ52.a27.79	JH4	79.167	100.000	True	False	True	False	False	False
ERR346596	ERR346596.7672	J558.19.109,J558.37.127		16.495		True	False	True	False	False	False
ERR346596	ERR346596.7719	J558.50	JH3	81.443	100.000	True	False	True	False	False	False
ERR346596	ERR346596.7824	J558.29	JH4	96.939	35.714	False	True	False	True	False	False
ERR346596	ERR346596.7832	VHSM7.a3.93	JH3	20.833	100.000	True	False	True	False	False	False
ERR346596	ERR346596.7799	J558.5	JH4	91.837	81.250	False	True	False	True	False	False
ERR346596	ERR346596.7911	J558.13,J558.54.148	JH4	6.186	100.000	True	False	True	False	False	False
ERR346596	ERR346596.8050	S107.1.42,V1,VHS107.a1.81	JH4	70.000	100.000	True	False	True	False	False	False
ERR346596	ERR346596.8268	VHSM7.a3.93	JH2	84.375	100.000	True	False	True	False	False	False
ERR346596	ERR346596.8327	VH36-60.a2.90	JH4	31.633	100.000	True	False	True	False	False	False
ERR346596	ERR346596.8542	J558.14pg.104	JH4	71.429	100.000	True	False	True	False	False	False
ERR346596	ERR346596.8569	VHS107.a3.106	JH2	98.020	84.615	False	True	False	True	False	False
ERR346596	ERR346596.8581	J558.12	JH2	4.167	92.308	True	False	True	False	False	False
ERR346596	ERR346596.8787	VHQ52.a27.79	JH1	83.505	100.000	True	False	True	False	False	False
ERR346596	ERR346596.8826	J558.70pg.171,J558.n	JH4	84.211	88.235	True	False	True	False	False	False
ERR346596	ERR346596.8729	VH7183.a7.10	JH3	6.122	92.308	True	False	True	False	False	False
ERR346596	ERR346596.8592	VHS107.a3.106	JH4	7.921	94.118	True	False	True	False	False	False
ERR346596	ERR346596.8888	J558.39	JH3	56.701	100.000	True	False	True	False	False	False
ERR346596	ERR346596.8856	VHSM7.a3.93	JH2	56.701	100.000	True	False	True	False	False	False
ERR346596	ERR346596.8876	V102	JH4	84.375	93.750	True	False	True	False	False	False
ERR346596	ERR346596.8894	VH36-60.a1.85	JH3	79.381	100.000	True	False	True	False	False	False
ERR346596	ERR346596.8924	J558.54.148	JH3	95.918	83.333	False	True	False	True	False	False
ERR346596	ERR346596.8966	VH7183.a33.55	JH4	31.959	100.000	True	False	True	False	False	False
ERR346596	ERR346596.9053	J558.47	JH2	31.250	100.000	True	False	True	False	False	False
ERR346596	ERR346596.9025	VH50.1,VH7183.a13.20	JH2	94.898	35.714	False	True	False	True	False	False
ERR346596	ERR346596.8933	J558.h	JH4	82.653	92.857	True	False	True	False	False	False
ERR346596	ERR346596.9189	J558.50	JH3	83.696	100.000	True	False	True	False	False	False
ERR346596	ERR346596.9336	VH61-1P,VH7183.a47.76	JH4	19.388	100.000	True	False	True	False	False	False
ERR346596	ERR346596.9123	Q52.3.8,VHQ52.a3.8		50.000		True	False	True	False	False	False
ERR346596	ERR346596.9344	J558.21pg.111,J558.25pg.115	JH3	82.474	100.000	True	False	True	False	False	False
ERR346596	ERR346596.9231	J558.1	JH4	84.536	100.000	True	False	True	False	False	False
ERR346596	ERR346596.9464	VHQ52.a27.79	JH1	44.792	100.000	True	False	True	False	False	False
ERR346596	ERR346596.9595	J558.45	JH4	30.208	94.118	True	False	True	False	False	False
ERR346596	ERR346596.9623	J558.5	JH4	92.784	81.250	False	True	False	True	False	False
ERR346596	ERR346596.9547	VH7183.a4.6,VHD6.96	JH3	58.333	93.333	True	False	True	False	False	False
ERR346596	ERR346596.9722	J558.19	JH2	95.918	83.333	False	True	False	True	False	False
ERR346596	ERR346596.9935	VHSM7.a3.93	JH2	7.292	100.000	True	False	True	False	False	False
ERR346596	ERR346596.9941	J558.29	JH4	69.072	100.000	True	False	True	False	False	False
ERR346596	ERR346596.10087	VHS107.a3.106	JH1	43.564	100.000	True	False	True	False	False	False
ERR346596	ERR346596.10074	J558.20	JH1	94.898	46.667	False	True	False	True	False	False
ERR346596	ERR346596.10047	J558.19.109,J558.37.127	JH3	14.583	86.667	True	False	True	False	False	False
ERR346596	ERR346596.10202	VHSM7.a3.93	JH3	29.167	100.000	True	False	True	False	False	False
ERR346596	ERR346596.10315	J558.39	JH3	84.536	92.857	True	False	True	False	False	False
ERR346596	ERR346596.10332	J558.64.162,J558.74.176	JH3	51.546	93.333	True	False	True	False	False	False
ERR346596	ERR346596.10353	J558.h	JH4	80.412	100.000	True	False	True	False	False	False
ERR346596	ERR346596.10460	J558.5	JH4	94.898	81.250	False	True	False	True	False	False
ERR346596	ERR346596.10492	SM7.1.44,SM7.2.49,SM7.3.54		75.000		True	False	True	False	False	False
ERR346596	ERR346596.10517	J558.27pg.117	JH3	11.458	91.667	True	False	True	False	False	False
ERR346596	ERR346596.10551	J558.70pg.171,J558.n	JH4	62.887	100.000	True	False	True	False	False	False
ERR346596	ERR346596.10598	VH7183.a37.59	JH2	8.247	100.000	True	False	True	False	False	False
ERR346596	ERR346596.10726	J558.h	JH4	82.474	92.857	True	False	True	False	False	False
ERR346596	ERR346596.10686	J558.55.149	JH2	19.792	100.000	True	False	True	False	False	False
ERR346596	ERR346596.10662	J558.47	JH3	13.402	100.000	True	False	True	False	False	False
ERR346596	ERR346596.10687	VH36-60.a1.85	JH4	44.792	100.000	True	False	True	False	False	False
ERR346596	ERR346596.10741	J558.50	JH3	37.113	100.000	True	False	True	False	False	False
ERR346596	ERR346596.10804	H13-3	JH2	30.612	100.000	True	False	True	False	False	False
ERR346596	ERR346596.10826	VHA1	JH2	96.939	80.000	False	True	False	True	False	False
ERR346596	ERR346596.10899	J558.5	JH4	94.898	82.353	False	True	False	True	False	False
ERR346596	ERR346596.10938	J558.19	JH2	51.042	100.000	True	False	True	False	False	False
ERR346596	ERR346596.10960	J558.54.148	JH4	44.330	100.000	True	False	True	False	False	False
ERR346596	ERR346596.11096	J558.50	JH3	6.122	100.000	True	False	True	False	False	False
ERR346596	ERR346596.11241	J558.14pg.104	JH4	71.429	100.000	True	False	True	False	False	False
ERR346596	ERR346596.11328	VHS107.a3.106	JH1	73.267	100.000	True	False	True	False	False	False
ERR346596	ERR346596.11364	VH36-60.a1.85	JH2	40.860	100.000	True	False	True	False	False	False
ERR346596	ERR346596.11470	J558.29	JH3	98.980	69.231	False	True	False	True	False	False
ERR346596	ERR346596.11509	VHSM7.a3.93	JH4	91.753	64.286	False	True	False	True	False	False
ERR346596	ERR346596.11579	J558.5	JH4	75.258	88.235	True	False	True	False	False	False
ERR346596	ERR346596.11611	VHQ52.a9.26	JH3	80.412	100.000	True	False	True	False	False	False
ERR346596	ERR346596.11597	J558.50	JH3	84.536	100.000	True	False	True	False	False	False
ERR346596	ERR346596.11547	J558.50	JH3	82.653	100.000	True	False	True	False	False	False
ERR346596	ERR346596.11822	VH7183.a4.6,VHD6.96	JH4	10.204	100.000	True	False	True	False	False	False
ERR346596	ERR346596.11817	Q52.1pg.2,VHQ52.a1psi.2		62.500		True	False	True	False	False	False
ERR346596	ERR346596.11874	J558.2.88	JH2	16.667	100.000	True	False	True	False	False	False
ERR346596	ERR346596.11880	J558.40	JH2	15.464	100.000	True	False	True	False	False	False
ERR346596	ERR346596.11810	J558.39	JH3	30.208	100.000	True	False	True	False	False	False
ERR346596	ERR346596.11940	VHQ52.a27.79,VOx-1	JH1	58.763	100.000	True	False	True	False	False	False
ERR346596	ERR346596.11867	J558.64.162,J558.74.176	JH3	50.526	100.000	True	False	True	False	False	False
ERR346596	ERR346596.11960	J558.h	JH4	84.536	92.857	True	False	True	False	False	False
ERR346596	ERR346596.12035	VH7183.a7.10	JH4	52.041	100.000	True	False	True	False	False	False
ERR346596	ERR346596.12191	J558.26.116,J558.5,J558.8	JH4	13.542	100.000	True	False	True	False	False	False
ERR346596	ERR346596.12237	J558.37,J558.38,J558.39		80.000		True	False	True	False	False	False
ERR346596	ERR346596.12222	J558.20	JH3	19.388	100.000	True	False	True	False	False	False
ERR346596	ERR346596.12299	J558.2	JH2	97.938	83.333	False	True	False	True	False	False
ERR346596	ERR346596.12421	VHSM7.a3.93	JH2	84.536	92.857	True	False	True	False	False	False
ERR346596	ERR346596.12420	J558.h	JH4	83.505	93.750	True	False	True	False	False	False
ERR346596	ERR346596.12602	VHS107.a3.106	JH1	48.515	100.000	True	False	True	False	False	False
ERR346596	ERR346596.12776	J606.1.79,VH22.1,VHJ606.a3.124#	JH2	18.085	80.000	True	True	True	True	False	False
ERR346596	ERR346596.12875	J558.32	JH4	54.639	100.000	True	False	True	False	False	False
ERR346596	ERR346596.12901	VHQ52.a17.46	JH2	80.000	100.000	True	False	True	False	False	False
ERR346596	ERR346596.12922	VHQ52.a27.79	JH3	81.250	100.000	True	False	True	False	False	False
ERR346596	ERR346596.13009	J558.17	JH3	34.118	100.000	True	False	True	False	False	False
ERR346596	ERR346596.12923	VHQ52.a27.79	JH1	97.917	66.667	False	True	False	True	False	False
ERR346596	ERR346596.13067	VHQ52.a27.79	JH1	80.412	100.000	True	False	True	False	False	False
ERR346596	ERR346596.13351	J558.35	JH2	84.375	100.000	True	False	True	False	False	False
ERR346596	ERR346596.13585	VHSM7.a3.93	JH2	82.474	100.000	True	False	True	False	False	False
ERR346596	ERR346596.13692	J558.50	JH3	82.653	100.000	True	False	True	False	False	False
ERR346596	ERR346596.13760	VH7183.a4.6,VHD6.96	JH4	41.237	100.000	True	False	True	False	False	False
ERR346596	ERR346596.14133	VHQ52.a27.79,VOx-1	JH4	49.474	92.857	True	False	True	False	False	False
ERR346596	ERR346596.14157	J558.l	JH4	65.979	87.500	True	False	True	False	False	False
ERR346596	ERR346596.14239	VH7183.a31psi.53		55.556		True	False	True	False	False	False
ERR346596	ERR346596.14202	J558.5	JH3	6.186	100.000	True	False	True	False	False	False
ERR346596	ERR346596.14302	J558.5	JH4	93.814	81.250	False	True	False	True	False	False
ERR346596	ERR346596.14378	J558.34.124	JH1	14.583	93.750	True	False	True	False	False	False
ERR346596	ERR346596.14389	VHQ52.a19.61	JH2	25.263	100.000	True	False	True	False	False	False
ERR346596	ERR346596.14480	J558.15pg.105,J558.21pg.111,J558.25pg.115	JH3	11.458	100.000	True	False	True	False	False	False
ERR346596	ERR346596.14659	J558.46	JH4	80.412	87.500	True	False	True	False	False	False
ERR346596	ERR346596.14765	VHQ52.a15.42	JH4	37.500	100.000	True	False	True	False	False	False
ERR346596	ERR346596.14971	J558.8	JH1	6.250	100.000	True	False	True	False	False	False
ERR346596	ERR346596.15025	V11,VHS107.a3.106	JH1	47.475	100.000	True	False	True	False	False	False
ERR346596	ERR346596.15034	VHSM7.a3.93	JH3	43.750	100.000	True	False	True	False	False	False
ERR346596	ERR346596.15051	VHSM7.a3.93	JH4	100.000	43.750	False	True	False	True	False	False
ERR346596	ERR346596.15109	J558.h	JH4	82.292	93.750	True	False	True	False	False	False
ERR346596	ERR346596.15183	VHS107.a3.106	JH1	48.000	100.000	True	False	True	False	False	False
ERR346596	ERR346596.15284	J558.45	JH4	92.784	82.353	False	True	False	True	False	False
ERR346596	ERR346596.15281	J558.17	JH2	6.316	100.000	True	False	True	False	False	False
ERR346596	ERR346596.15309	J558.50	JH3	82.474	100.000	True	False	True	False	False	False
ERR346596	ERR346596.15315	SM7.1.44,SM7.2.49,VHSM7.a3.93	JH2	80.000	100.000	True	False	True	False	False	False
ERR346596	ERR346596.15345	J558.h	JH4	83.158	92.857	True	False	True	False	False	False
ERR346596	ERR346596.15584	VH7183.9,VH7183.a15.24	JH1	96.939	46.667	False	True	False	True	False	False
ERR346596	ERR346596.15601	VHSM7.a3.93	JH3	10.417	100.000	True	False	True	False	False	False
ERR346596	ERR346596.15687	VH7183.7b	JH4	7.143	100.000	True	False	True	False	False	False
ERR346596	ERR346596.15710	V11,VHS107.a3.106	JH2	45.545	100.000	True	False	True	False	False	False
ERR346596	ERR346596.15738	VHQ52.a22.67	JH2	78.125	100.000	True	False	True	False	False	False
ERR346596	ERR346596.15655	J558.46	JH3	47.917	100.000	True	False	True	False	False	False
ERR346596	ERR346596.15761	J558.15	JH3	50.000	91.667	True	False	True	False	False	False
ERR346596	ERR346596.15962	VH7183.a4.6,VHD6.96	JH4	30.928	100.000	True	False	True	False	False	False
ERR346596	ERR346596.15946	J558.h	JH4	81.915	93.750	True	False	True	False	False	False
ERR346596	ERR346596.16222	J558.50	JH3	80.612	100.000	True	False	True	False	False	False
ERR346596	ERR346596.16291	J558.5	JH4	91.837	81.250	False	True	False	True	False	False
ERR346596	ERR346596.16383	H13-3		58.333		True	False	True	False	False	False
ERR346596	ERR346596.16404	VHQ52.a27.79,VOx-1	JH4	81.053	100.000	True	False	True	False	False	False
ERR346596	ERR346596.16316	J558.2	JH3	90.722	84.615	False	True	False	True	False	False
ERR346596	ERR346596.16417	J558.21pg.111	JH3	3.297	100.000	True	False	True	False	False	False
ERR346596	ERR346596.16418	J558.48,J558.k	JH2,JH3	70.000	100.000	True	False	True	False	False	False
ERR346596	ERR346596.16725	VHA1	JH4	96.907	40.000	False	True	False	True	False	False
ERR346596	ERR346596.16655	J558.17	JH2	51.579	100.000	True	False	True	False	False	False
ERR346596	ERR346596.16870	VHSM7.a3.93	JH2	47.917	100.000	True	False	True	False	False	False
ERR346596	ERR346596.17100	J558.35	JH4	70.103	100.000	True	False	True	False	False	False
ERR346596	ERR346596.17184	J558.50	JH3	84.536	100.000	True	False	True	False	False	False
ERR346596	ERR346596.17512	J558.45	JH4	59.375	100.000	True	False	True	False	False	False
ERR346596	ERR346596.17467	VHQ52.a2.4	JH3	50.000	100.000	True	False	True	False	False	False
ERR346596	ERR346596.17691	J558.29	JH2	57.732	100.000	True	False	True	False	False	False
ERR346596	ERR346596.17813	Q52.3.8,VHQ52.a3.8	JH2	12.632	100.000	True	False	True	False	False	False
ERR346596	ERR346596.17862	J558.50	JH3	84.694	100.000	True	False	True	False	False	False
ERR346596	ERR346596.17941	VH7183.a28.48	JH4	56.122	100.000	True	False	True	False	False	False
ERR346596	ERR346596.17913	VHS107.a3.106	JH1	47.525	100.000	True	False	True	False	False	False
ERR346596	ERR346596.18003	VHSM7.a3.93	JH3	29.167	100.000	True	False	True	False	False	False
ERR346596	ERR346596.18137	J558.50	JH3	83.673	100.000	True	False	True	False	False	False
ERR346596	ERR346596.18166	VHSM7.a3.93	JH2	9.375	100.000	True	False	True	False	False	False
ERR346596	ERR346596.18262	J558.19	JH2	92.784	83.333	False	True	False	True	False	False
ERR346596	ERR346596.18278	VHSM7.a3.93	JH2	51.042	100.000	True	False	True	False	False	False
ERR346596	ERR346596.18259	VH7183.a4.6,VHD6.96	JH4	42.708	85.714	True	False	True	False	False	False
ERR346596	ERR346596.18290	VH36-60.a1.85	JH2	98.969	84.615	False	True	False	True	False	False
ERR346596	ERR346596.18441	J558.29	JH4	54.639	100.000	True	False	True	False	False	False
ERR346596	ERR346596.18362	J558.46	JH4	97.938	40.000	False	True	False	True	False	False
ERR346596	ERR346596.18406	VHSM7.a3.93	JH3	59.375	100.000	True	False	True	False	False	False
ERR346596	ERR346596.18490	J558.h	JH1	53.125	100.000	True	False	True	False	False	False
ERR346596	ERR346596.18639	J558.79.184	JH3	26.042	100.000	True	False	True	False	False	False
ERR346596	ERR346596.18717	J558.17	JH3	43.158	100.000	True	False	True	False	False	False
ERR346596	ERR346596.18774	VHA1	JH2	97.959	14.286	False	True	False	True	False	False
ERR346596	ERR346596.18801	J558.50	JH3	82.653	92.857	True	False	True	False	False	False
ERR346596	ERR346596.18817	VHSM7-13	JH1	63.636	66.667	True	True	True	True	False	False
ERR346596	ERR346596.18842	J558.29	JH4	39.583	100.000	True	False	True	False	False	False
ERR346596	ERR346596.18845	J558.54.148	JH3	94.898	83.333	False	True	False	True	False	False
ERR346596	ERR346596.18979	J558.45	JH4	15.306	100.000	True	False	True	False	False	False
ERR346596	ERR346596.18827	J558.37	JH3	4.124	92.857	True	False	True	False	False	False
ERR346596	ERR346596.18921	J558.50	JH3	22.680	100.000	True	False	True	False	False	False
ERR346596	ERR346596.19206	VH7183.a4.6,VHD6.96	JH4	9.278	92.857	True	False	True	False	False	False
ERR346596	ERR346596.19182	J558.k	JH4	48.958	100.000	True	False	True	False	False	False
ERR346596	ERR346596.19226	J558.k	JH2	89.796	84.615	False	True	False	True	False	False
ERR346596	ERR346596.19420	VHSM7.a3.93	JH3	65.625	100.000	True	False	True	False	False	False
ERR346596	ERR346596.19423	J558.f	JH1	57.732	100.000	True	False	True	False	False	False
ERR346596	ERR346596.19489	VH36-60.a1.85	JH4	43.299	100.000	True	False	True	False	False	False
ERR346596	ERR346596.19578	J558.19	JH2	14.583	100.000	True	False	True	False	False	False
ERR346596	ERR346596.19607	VH7183.a4.6,VHD6.96	JH4	21.649	100.000	True	False	True	False	False	False
ERR346596	ERR346596.19790	H13-3	JH3	92.857	73.333	False	True	False	True	False	False
ERR346596	ERR346596.19799	J558.l	JH3	93.878	53.846	False	True	False	True	False	False
ERR346596	ERR346596.19806	VH36-60.a6.114	JH4	94.792	35.714	False	True	False	True	False	False
ERR346596	ERR346596.19742	J558.45	JH3	13.265	100.000	True	False	True	False	False	False
ERR346596	ERR346596.19792	J558.14pg.104		71.429		True	False	True	False	False	False
ERR346596	ERR346596.19883	J558.h	JH2	34.021	100.000	True	False	True	False	False	False
ERR346596	ERR346596.20008	J558.29	JH4	65.957	100.000	True	False	True	False	False	False
ERR346596	ERR346596.20193	J558.5	JH4	88.776	81.250	False	True	False	True	False	False
ERR346596	ERR346596.20262	VHSM7.a3.93	JH3	98.958	38.462	False	True	False	True	False	False
ERR346596	ERR346596.20298	VH61-1P,VH7183.a47.76	JH2	63.918	100.000	True	False	True	False	False	False
ERR346596	ERR346596.20477	VHQ52.a2.4	JH1	89.583	42.857	False	True	False	True	False	False
ERR346596	ERR346596.20531	J558.19	JH2	76.289	100.000	True	False	True	False	False	False
ERR346596	ERR346596.20664	VH36-60.a1.85	JH4	46.875	100.000	True	False	True	False	False	False
ERR346596	ERR346596.20803	J558.8	JH3	84.536	100.000	True	False	True	False	False	False
ERR346596	ERR346596.20939	J558.f	JH1	6.186	100.000	True	False	True	False	False	False
ERR346596	ERR346596.20918	J558.8	JH3	84.536	100.000	True	False	True	False	False	False
ERR346596	ERR346596.21021	VHSM7.a3.93	JH4	59.794	100.000	True	False	True	False	False	False
ERR346596	ERR346596.21013	J558.50	JH3	84.694	100.000	True	False	True	False	False	False
ERR346596	ERR346596.21059	J558.15	JH4	96.939	81.250	False	True	False	True	False	False
ERR346596	ERR346596.21153	VH61-1P,VH7183.a47.76	JH4	82.474	100.000	True	False	True	False	False	False
ERR346596	ERR346596.21211	J558.2	JH3	90.722	78.571	False	True	False	True	False	False
ERR346596	ERR346596.21182	J558.h	JH4	83.505	93.750	True	False	True	False	False	False
ERR346596	ERR346596.21288	VHX24.a1.84	JH3	51.546	100.000	True	False	True	False	False	False
ERR346596	ERR346596.21322	VHQ52.a27.79	JH1	81.250	100.000	True	False	True	False	False	False
ERR346596	ERR346596.21425	J558.h	JH3	83.505	100.000	True	False	True	False	False	False
ERR346596	ERR346596.21401	V11,VHS107.a3.106	JH2	71.000	92.857	True	False	True	False	False	False
ERR346596	ERR346596.21443	J558.37	JH2	4.124	100.000	True	False	True	False	False	False
ERR346596	ERR346596.21692	VHQ52.a22.67	JH2	9.375	100.000	True	False	True	False	False	False
ERR346596	ERR346596.21560	VHSM7.a3.93	JH3	13.542	100.000	True	False	True	False	False	False
ERR346596	ERR346596.21713	J558.46	JH4	46.392	87.500	True	False	True	False	False	False
ERR346596	ERR346596.21745	J558.h	JH4	84.536	100.000	True	False	True	False	False	False
ERR346596	ERR346596.21836	J558.5	JH2	5.155	100.000	True	False	True	False	False	False
ERR346596	ERR346596.21815	J558.45	JH4	92.784	82.353	False	True	False	True	False	False
ERR346596	ERR346596.21842	J558.1	JH2	48.454	100.000	True	False	True	False	False	False
ERR346596	ERR346596.22021	VH7183.a4.6,VHD6.96	JH4	57.732	92.857	True	False	True	False	False	False
ERR346596	ERR346596.22083	VH7183.a4.6,VHD6.96	JH4	20.619	100.000	True	False	True	False	False	False
ERR346596	ERR346596.21980	J558.h	JH4	9.278	100.000	True	False	True	False	False	False
ERR346596	ERR346596.22057	J558.38pg.128	JH2	70.000	100.000	True	False	True	False	False	False
ERR346596	ERR346596.22106	J558.44	JH2	57.732	100.000	True	False	True	False	False	False
ERR346596	ERR346596.22224	VH7183.a7.10	JH4	30.612	100.000	True	False	True	False	False	False
ERR346596	ERR346596.22281	VHS107.a3.106	JH1	6.931	100.000	True	False	True	False	False	False
ERR346596	ERR346596.22282	J558.70pg.171,J558.n	JH3	70.833	92.308	True	False	True	False	False	False
ERR346596	ERR346596.22347	J558.17	JH3	45.263	100.000	True	False	True	False	False	False
ERR346596	ERR346596.22258	J558.83.189	JH2	42.708	100.000	True	False	True	False	False	False
ERR346596	ERR346596.22576	J558.48,J558.k	JH2,JH3	66.667	100.000	True	False	True	False	False	False
ERR346596	ERR346596.22610	J558.18A,J558.54,J558.83.189		50.000		True	False	True	False	False	False
ERR346596	ERR346596.22718	J558.50	JH3	83.696	100.000	True	False	True	False	False	False
ERR346596	ERR346596.22620	J558.h	JH4	84.536	100.000	True	False	True	False	False	False
ERR346596	ERR346596.22723	VHSM7.a3.93	JH4	93.814	83.333	False	True	False	True	False	False
ERR346596	ERR346596.22840	J558.50	JH3	84.694	100.000	True	False	True	False	False	False
ERR346596	ERR346596.22917	J558.32	JH2	79.167	92.857	True	False	True	False	False	False
ERR346596	ERR346596.22944	J558.47	JH1	39.583	100.000	True	False	True	False	False	False
ERR346596	ERR346596.22912	J558.17	JH3	43.158	100.000	True	False	True	False	False	False
ERR346596	ERR346596.22948	J558.h	JH4	83.505	92.857	True	False	True	False	False	False
ERR346596	ERR346596.23020	J558.15pg.105	JH3	82.979	100.000	True	False	True	False	False	False
ERR346596	ERR346596.23140	cb9	JK3	37.500	100.000	True	False	True	False	False	False
ERR346596	ERR346596.23193	J558.14pg.104	JH4	71.429	100.000	True	False	True	False	False	False
ERR346596	ERR346596.23141	J558.50	JH3	84.694	100.000	True	False	True	False	False	False
ERR346596	ERR346596.23277	VHSM7.a3.93	JH3	9.375	100.000	True	False	True	False	False	False
ERR346596	ERR346596.23280	J558.17,J558.22,J558.23	JH2	100.000	75.000	False	True	False	True	False	False
ERR346596	ERR346596.23307	VH7183.a7.10	JH4	71.429	100.000	True	False	True	False	False	False
ERR346596	ERR346596.23296	J558.10pg.100	JH4	57.143	100.000	True	False	True	False	False	False
ERR346596	ERR346596.23364	J558.70pg.171,J558.n	JH4	43.750	100.000	True	False	True	False	False	False
ERR346596	ERR346596.23425	ki4		66.667		True	False	True	False	False	False
ERR346596	ERR346596.23664	J558.70pg.171,J558.n	JH4	91.667	82.353	False	True	False	True	False	False
ERR346596	ERR346596.23658	VH7183.a4.6,VHD6.96	JH4	76.289	100.000	True	False	True	False	False	False
ERR346596	ERR346596.23685	J558.48,J558.k	JH2,JH3	66.667	100.000	True	False	True	False	False	False
ERR346596	ERR346596.23655	J558.52	JH2	25.773	100.000	True	False	True	False	False	False
ERR346596	ERR346596.23854	VHQ52.a27.79	JH3	71.134	100.000	True	False	True	False	False	False
ERR346596	ERR346596.24015	VHQ52.a27.79,VOx-1	JH4	7.368	100.000	True	False	True	False	False	False
ERR346596	ERR346596.24026	J558.50	JH3	82.653	92.857	True	False	True	False	False	False
ERR346596	ERR346596.23984	J558.50	JH3	81.443	100.000	True	False	True	False	False	False
ERR346596	ERR346596.24036	J558.l	JH4	62.766	87.500	True	False	True	False	False	False
ERR346596	ERR346596.24230	J558.17	JH3	98.947	38.462	False	True	False	True	False	False
ERR346596	ERR346596.24256	J558.l	JH3	41.667	100.000	True	False	True	False	False	False
ERR346596	ERR346596.24423	J558.51	JH3	7.368	93.333	True	False	True	False	False	False
ERR346596	ERR346596.24370	VHSM7.a3.93	JH3	16.495	92.308	True	False	True	False	False	False
ERR346596	ERR346596.24436	VH7183.a37.59	JH2	5.155	100.000	True	False	True	False	False	False
ERR346596	ERR346596.24419	J558.48,J558.k	JH4	77.778	100.000	True	False	True	False	False	False
ERR346596	ERR346596.24429	J558.1	JH2	35.417	100.000	True	False	True	False	False	False
ERR346596	ERR346596.24575	VHX24.a1.84	JH2	77.551	100.000	True	False	True	False	False	False
ERR346596	ERR346596.24632	VHSM7.a3.93	JH2	97.938	64.286	False	True	False	True	False	False
ERR346596	ERR346596.24636	VH36-60.a2.90	JH3	41.837	100.000	True	False	True	False	False	False
ERR346596	ERR346596.24931	J558.k	JH2	63.636	100.000	True	False	True	False	False	False
ERR346596	ERR346596.25113	ki4		66.667		True	False	True	False	False	False
ERR346596	ERR346596.25154	bb1,bb1.1,cr1	JK3	60.000	100.000	True	False	True	False	False	False
ERR346596	ERR346596.25196	V11,VHS107.a3.106	JH1	67.677	100.000	True	False	True	False	False	False
ERR346596	ERR346596.25422	J558.50	JH3	84.694	100.000	True	False	True	False	False	False
ERR346596	ERR346596.25445	J558.29	JH3	75.000	100.000	True	False	True	False	False	False
ERR346596	ERR346596.25883	VH36-60.a6.114	JH4	81.250	100.000	True	False	True	False	False	False
ERR346596	ERR346596.25851	VHSM7.a3.93	JH3	44.792	100.000	True	False	True	False	False	False
ERR346596	ERR346596.25980	J558.20pg.110	JH4	66.667	100.000	True	False	True	False	False	False
ERR346596	ERR346596.26033	J558.17	JH2	48.958	100.000	True	False	True	False	False	False
ERR346596	ERR346596.26088	MAI1,MBK2,PWK2		66.667		True	False	True	False	False	False
ERR346596	ERR346596.26136	J558.18A,J558.54,J558.83.189		50.000		True	False	True	False	False	False
ERR346596	ERR346596.26112	J558.70pg.171,J558.n	JH4	83.333	100.000	True	False	True	False	False	False
ERR346596	ERR346596.26143	VH36-60.a6.114	JH2	11.458	86.667	True	False	True	False	False	False
ERR346596	ERR346596.26432	J558.h	JH3	41.237	100.000	True	False	True	False	False	False
ERR346596	ERR346596.26408	J558.64.162,J558.74.176	JH1	77.320	100.000	True	False	True	False	False	False
ERR346596	ERR346596.26514	VHQ52.a9.26	JH3	96.875	38.462	False	True	False	True	False	False
ERR346596	ERR346596.26539	J558.34.124	JH1	60.417	93.750	True	False	True	False	False	False
ERR346596	ERR346596.26629	bb1,bb1.1,cr1	JK3	60.000	100.000	True	False	True	False	False	False
ERR346596	ERR346596.26701	VH7183.a19.31	JH1	8.163	100.000	True	False	True	False	False	False
ERR346596	ERR346596.26793	VH36-60.a8.117,VH36-60.a9.121#	JH2	14.583	93.333	True	False	True	False	False	False
ERR346596	ERR346596.27036	VHSM7-13	JH1	63.636	66.667	True	True	True	True	False	False
ERR346596	ERR346596.27133	J558.29	JH4	100.000	35.714	False	True	False	True	False	False
ERR346596	ERR346596.27182	VH7183.a4.6,VHD6.96	JH4	25.773	100.000	True	False	True	False	False	False
ERR346596	ERR346596.27208	J558.19	JH2	40.625	100.000	True	False	True	False	False	False
ERR346596	ERR346596.27347	J558.1	JH4	40.206	100.000	True	False	True	False	False	False
ERR346596	ERR346596.27352	ki4		66.667		True	False	True	False	False	False
ERR346596	ERR346596.27436	J558.64.162,J558.74.176	JH1	49.485	100.000	True	False	True	False	False	False
ERR346596	ERR346596.27483	J558.1	JH2	15.464	100.000	True	False	True	False	False	False
ERR346596	ERR346596.27380	J558.20	JH1	36.082	100.000	True	False	True	False	False	False
ERR346596	ERR346596.27736	VHQ52.a27.79,VOx-1	JH4	50.526	92.857	True	False	True	False	False	False
ERR346596	ERR346596.27737	J558.h	JH4	83.505	92.857	True	False	True	False	False	False
ERR346596	ERR346596.27856	VH7183.a4.6,VHD6.96	JH4	65.979	100.000	True	False	True	False	False	False
ERR346596	ERR346596.27879	VH7183.a46.75	JH4	10.204	100.000	True	False	True	False	False	False
ERR346596	ERR346596.27854	VHSM7.a3.93	JH2	96.907	35.714	False	True	False	True	False	False
ERR346596	ERR346596.27994	J558.50	JH3	84.783	100.000	True	False	True	False	False	False
ERR346596	ERR346596.27977	J558.29	JH4	23.711	100.000	True	False	True	False	False	False
ERR346596	ERR346596.28154	VHSM7.a3.93	JH4	37.500	100.000	True	False	True	False	False	False
ERR346596	ERR346596.28163	J558.70pg.171,J558.n	JH3	93.814	38.462	False	True	False	True	False	False
ERR346596	ERR346596.28203	J558.1	JH2	81.250	100.000	True	False	True	False	False	False
ERR346596	ERR346596.28322	Q52.7.18,VHQ52.a7.18	JH3	5.208	100.000	True	False	True	False	False	False
ERR346596	ERR346596.28348	J558.21pg.111,J558.25pg.115	JH3	8.333	100.000	True	False	True	False	False	False
ERR346596	ERR346596.28373	VHSM7.a4.108	JH2	36.458	100.000	True	False	True	False	False	False
ERR346596	ERR346596.28251	J558.37,J558.38,J558.39		80.000		True	False	True	False	False	False
ERR346596	ERR346596.28428	VHQ52.a27.79	JH1	27.083	100.000	True	False	True	False	False	False
ERR346596	ERR346596.28431	VH50.1,VH7183.a13.20	JH2	12.371	100.000	True	False	True	False	False	False
ERR346596	ERR346596.28544	S107.3.62,V11,VHS107.a2psi.82	JH1	66.667	100.000	True	False	True	False	False	False
ERR346596	ERR346596.28395	J558.h	JH4	84.536	93.750	True	False	True	False	False	False
ERR346596	ERR346596.28611	VH7183.a4.6,VHD6.96	JH4	20.619	100.000	True	False	True	False	False	False
ERR346596	ERR346596.28752	J558.79.184,J558.h	JH4	83.673	100.000	True	False	True	False	False	False
ERR346596	ERR346596.29028	Q52.1pg.2,VHQ52.a1psi.2		62.500		True	False	True	False	False	False
ERR346596	ERR346596.29094	J558.21pg.111	JH3	45.918	100.000	True	False	True	False	False	False
ERR346596	ERR346596.28996	VHQ52.a27.79	JH1	81.250	100.000	True	False	True	False	False	False
ERR346596	ERR346596.29204	VHX24.a1.84	JH3	98.980	80.000	False	True	False	True	False	False
ERR346596	ERR346596.29271	VHQ52.a27.79	JH1	27.083	100.000	True	False	True	False	False	False
ERR346596	ERR346596.29477	J558.15	JH3	42.268	100.000	True	False	True	False	False	False
ERR346596	ERR346596.29507	J558.70pg.171,J558.n	JH3	88.660	38.462	False	True	False	True	False	False
ERR346596	ERR346596.29729	MAI1,MBK2,PWK2		66.667		True	False	True	False	False	False
ERR346596	ERR346596.29817	gu33		66.667		True	False	True	False	False	False
ERR346596	ERR346596.29822	VHX24.a1.84	JH3	29.592	93.333	True	False	True	False	False	False
ERR346596	ERR346596.30142	VHSM7.a3.93	JH3	30.208	100.000	True	False	True	False	False	False
ERR346596	ERR346596.30194	SM7.1.44,SM7.2.49,VHSM7.a3.93	JH2	77.778	100.000	True	False	True	False	False	False
ERR346596	ERR346596.30210	J558.h	JH4	84.694	92.857	True	False	True	False	False	False
ERR346596	ERR346596.30287	J558.29	JH4	5.208	100.000	True	False	True	False	False	False
ERR346596	ERR346596.30248	J558.70pg.171,J558.n	JH3	55.208	92.308	True	False	True	False	False	False
ERR346596	ERR346596.30342	VHSM7.a3.93	JH2	59.794	100.000	True	False	True	False	False	False
ERR346596	ERR346596.30283	VH36-60.a2.90	JH4	96.875	82.353	False	True	False	True	False	False
ERR346596	ERR346596.30537	VHSM7.a3.93	JH4	93.814	80.000	False	True	False	True	False	False
ERR346596	ERR346596.30585	J558.17	JH3	4.301	100.000	True	False	True	False	False	False
ERR346596	ERR346596.30600	J558.20	JH2	95.918	28.571	False	True	False	True	False	False
ERR346596	ERR346596.30729	VH7183.a7.10	JH4	24.490	100.000	True	False	True	False	False	False
ERR346596	ERR346596.30880	J558.50	JH3	83.505	100.000	True	False	True	False	False	False
ERR346596	ERR346596.30837	VH7183.a4.6,VHD6.96	JH4	39.175	100.000	True	False	True	False	False	False
ERR346596	ERR346596.30995	J606.4.82		50.000		True	False	True	False	False	False
ERR346596	ERR346596.31038	VHQ52.a27.79,VOx-1	JH4	13.684	100.000	True	False	True	False	False	False
ERR346596	ERR346596.31249	J558.55.149	JH2	38.776	100.000	True	False	True	False	False	False
ERR346596	ERR346596.31448	J558.46	JH4	46.392	100.000	True	False	True	False	False	False
ERR346596	ERR346596.31491	VHQ52.a27.79,VOx-1	JH4	8.421	100.000	True	False	True	False	False	False
ERR346596	ERR346596.31774	J558.50	JH3	81.633	100.000	True	False	True	False	False	False
ERR346596	ERR346596.31744	J558.h	JH4	84.375	87.500	True	False	True	False	False	False
ERR346596	ERR346596.31968	V11,VHS107.a3.106	JH1	49.000	100.000	True	False	True	False	False	False
ERR346596	ERR346596.31987	J558.45	JH3	84.694	100.000	True	False	True	False	False	False
ERR346596	ERR346596.32148	J558.37	JH3	51.020	100.000	True	False	True	False	False	False
ERR346596	ERR346596.32222	J558.h	JH4	82.979	93.750	True	False	True	False	False	False
ERR346596	ERR346596.32226	Q52.7.18,VHQ52.a7.18	JH3	57.895	100.000	True	False	True	False	False	False
ERR346596	ERR346596.32379	J558.f,VH104B		80.000		True	False	True	False	False	False
ERR346596	ERR346596.32754	J558.50	JH3	82.653	100.000	True	False	True	False	False	False
ERR346596	ERR346596.32892	J558.50	JH3	84.536	100.000	True	False	True	False	False	False
ERR346596	ERR346596.32899	J558.45	JH3	64.948	100.000	True	False	True	False	False	False
ERR346596	ERR346596.32931	J558.79.184,J558.h	JH4	76.531	100.000	True	False	True	False	False	False
ERR346596	ERR346596.33081	J558.50	JH3	82.653	100.000	True	False	True	False	False	False
ERR346596	ERR346596.33126	VHSM7.a3.93	JH4	74.227	100.000	True	False	True	False	False	False
ERR346596	ERR346596.33298	J558.55.149	JH2	92.784	78.571	False	True	False	True	False	False
ERR346596	ERR346596.33262	VHS107.a3.106	JH1	48.515	100.000	True	False	True	False	False	False
ERR346596	ERR346596.33388	J558.18	JH2	51.020	91.667	True	False	True	False	False	False
ERR346596	ERR346596.33392	J558.50	JH3	83.505	100.000	True	False	True	False	False	False
ERR346596	ERR346596.33414	J558.24,J558.80.186	JH1	66.667	100.000	True	False	True	False	False	False
ERR346596	ERR346596.33322	VHSM7.a3.93	JH2	6.250	100.000	True	False	True	False	False	False
ERR346596	ERR346596.33586	VH7183.a7.10	JH4	72.165	100.000	True	False	True	False	False	False
ERR346596	ERR346596.33625	VHSM7.a3.93	JH2	82.474	100.000	True	False	True	False	False	False
ERR346596	ERR346596.33566	J558.19	JH2	15.464	100.000	True	False	True	False	False	False
ERR346596	ERR346596.33639	J558.19	JH2	16.495	100.000	True	False	True	False	False	False
ERR346596	ERR346596.33688	J558.50	JH3	84.694	100.000	True	False	True	False	False	False
ERR346596	ERR346596.33822	V11,VHS107.a3.106	JH1	6.000	100.000	True	False	True	False	False	False
ERR346596	ERR346596.33941	J558.50	JH3	82.653	100.000	True	False	True	False	False	False
ERR346596	ERR346596.33841	J558.50	JH3	81.633	100.000	True	False	True	False	False	False
ERR346596	ERR346596.33970	J558.17	JH3	38.947	100.000	True	False	True	False	False	False
ERR346596	ERR346596.34046	J558.50	JH3	82.653	100.000	True	False	True	False	False	False
ERR346596	ERR346596.34056	J558.55.149	JH2	8.333	100.000	True	False	True	False	False	False
ERR346596	ERR346596.34055	J558.21pg.111,J558.25pg.115	JH3	46.392	100.000	True	False	True	False	False	False
ERR346596	ERR346596.34304	VHSM7.a3.93	JH2	21.649	100.000	True	False	True	False	False	False
ERR346596	ERR346596.34342	J558.h	JH4	82.979	93.750	True	False	True	False	False	False
ERR346596	ERR346596.34354	J558.8	JH3	84.536	100.000	True	False	True	False	False	False
ERR346596	ERR346596.34407	J558.h	JH4	83.505	100.000	True	False	True	False	False	False
ERR346596	ERR346596.34456	VHQ52.a27.79,VOx-1	JH2	10.309	100.000	True	False	True	False	False	False
ERR346596	ERR346596.34530	J558.5	JH4	92.784	81.250	False	True	False	True	False	False
ERR346596	ERR346596.34588	VH108A	JH1	42.708	100.000	True	False	True	False	False	False
ERR346596	ERR346596.34658	J558.32	JH4	25.263	100.000	True	False	True	False	False	False
ERR346596	ERR346596.34725	J558.17	JH2	15.789	92.308	True	False	True	False	False	False
ERR346596	ERR346596.34815	J558.33	JH3	6.186	100.000	True	False	True	False	False	False
ERR346596	ERR346596.34901	VHQ52.a27.79,VOx-1	JH2	72.632	100.000	True	False	True	False	False	False
ERR346596	ERR346596.35067	J558.1	JH1	81.250	100.000	True	False	True	False	False	False
ERR346596	ERR346596.35037	VHQ52.a27.79,VOx-1	JH4	98.947	35.714	False	True	False	True	False	False
ERR346596	ERR346596.35124	J558.2	JH3	45.361	91.667	True	False	True	False	False	False
ERR346596	ERR346596.35159	J558.17A,J558.6.96	JH2	83.636	100.000	True	False	True	False	False	False
ERR346596	ERR346596.35418	VH61-1P,VH7183.a47.76	JH4	16.495	100.000	True	False	True	False	False	False
ERR346596	ERR346596.35474	J558.45	JH2	65.306	100.000	True	False	True	False	False	False
ERR346596	ERR346596.35594	VHS107.a3.106	JH4	15.842	100.000	True	False	True	False	False	False
ERR346596	ERR346596.35640	J558.37.127	JH3	78.125	100.000	True	False	True	False	False	False
ERR346596	ERR346596.35652	J558.37.127	JH3	30.208	100.000	True	False	True	False	False	False
ERR346596	ERR346596.35688	VH37.1,VH7183.a16.27	JH1	7.216	100.000	True	False	True	False	False	False
ERR346596	ERR346596.35843	VHQ52.a27.79,VOx-1	JH4	78.947	100.000	True	False	True	False	False	False
ERR346596	ERR346596.36021	VHSM7.a3.93	JH3	65.979	100.000	True	False	True	False	False	False
ERR346596	ERR346596.36247	J558.18A,J558.54,J558.83.189	JH1	50.000	100.000	True	False	True	False	False	False
ERR346596	ERR346596.36292	J558.50	JH3	84.536	100.000	True	False	True	False	False	False
ERR346596	ERR346596.36277	J558.44	JH4	94.792	66.667	False	True	False	True	False	False
ERR346596	ERR346596.36355	VHQ52.a12.33	JH3	19.792	100.000	True	False	True	False	False	False
ERR346596	ERR346596.36444	J558.45	JH3	64.286	100.000	True	False	True	False	False	False
ERR346596	ERR346596.36477	VHX24.a1.84	JH3	94.845	50.000	False	True	False	True	False	False
ERR346596	ERR346596.36440	J558.5	JH4	83.673	100.000	True	False	True	False	False	False
ERR346596	ERR346596.36511	J558.17	JH3	4.167	100.000	True	False	True	False	False	False
ERR346596	ERR346596.36641	J558.40	JH2	35.052	100.000	True	False	True	False	False	False
ERR346596	ERR346596.36638	VHQ52.a27.79,VOx-1	JH2	31.250	100.000	True	False	True	False	False	False
ERR346596	ERR346596.36629	J558.50	JH3	84.375	100.000	True	False	True	False	False	False
ERR346596	ERR346596.36671	V11,VHS107.a3.106	JH2	53.000	100.000	True	False	True	False	False	False
ERR346596	ERR346596.36765	J558.50	JH3	82.653	100.000	True	False	True	False	False	False
ERR346596	ERR346596.36901	VHSM7.a3.93	JH4	6.250	92.857	True	False	True	False	False	False
ERR346596	ERR346596.36907	J558.52.145,J558.61.157,V3	JH2	84.536	100.000	True	False	True	False	False	False
ERR346596	ERR346596.37003	J558.35	JH4	49.485	100.000	True	False	True	False	False	False
ERR346596	ERR346596.36923	VH61-1P,VH7183.a47.76	JH4	40.909	100.000	True	False	True	False	False	False
ERR346596	ERR346596.37019	SM7.1.44,SM7.2.49,VHSM7.a3.93	JH2	80.000	100.000	True	False	True	False	False	False
ERR346596	ERR346596.36930	J558.h	JH4	74.227	100.000	True	False	True	False	False	False
ERR346596	ERR346596.37038	VH7183.a4.6,VHD6.96	JH4	6.186	92.857	True	False	True	False	False	False
ERR346596	ERR346596.37067	VHQ52.a27.79	JH1	43.750	100.000	True	False	True	False	False	False
ERR346596	ERR346596.37139	J558.38pg.128	JH2	72.727	100.000	True	False	True	False	False	False
ERR346596	ERR346596.37179	J558.l	JH4	39.583	93.333	True	False	True	False	False	False
ERR346596	ERR346596.37250	J558.50	JH3	84.536	100.000	True	False	True	False	False	False
ERR346596	ERR346596.37376	VH7183.a4.6,VHD6.96	JH4	41.237	92.857	True	False	True	False	False	False
ERR346596	ERR346596.37431	VHSM7.a3.93	JH3	10.309	85.714	True	False	True	False	False	False
ERR346596	ERR346596.37550	VHQ52.a19.61	JH2	81.250	100.000	True	False	True	False	False	False
ERR346596	ERR346596.37633	J558.k	JH2	63.636	100.000	True	False	True	False	False	False
ERR346596	ERR346596.37810	VHQ52.a27.79,VOx-1	JH4	44.211	100.000	True	False	True	False	False	False
ERR346596	ERR346596.37851	J558.h	JH4	83.505	93.750	True	False	True	False	False	False
ERR346596	ERR346596.37915	J558.70pg.171,J558.n	JH3	23.711	100.000	True	False	True	False	False	False
ERR346596	ERR346596.37890	VH7183.a3psi.5		62.500		True	False	True	False	False	False
ERR346596	ERR346596.37846	J558.17	JH2	21.053	100.000	True	False	True	False	False	False
ERR346596	ERR346596.38040	VHSM7.a3.93	JH2	82.474	100.000	True	False	True	False	False	False
ERR346596	ERR346596.38097	VHQ52.a27.79,VOx-1	JH4	54.737	100.000	True	False	True	False	False	False
ERR346596	ERR346596.38065	J558.50	JH3	84.694	100.000	True	False	True	False	False	False
ERR346596	ERR346596.38161	J558.50	JH3	83.505	100.000	True	False	True	False	False	False
ERR346596	ERR346596.38570	VH36-60.a2.90	JH2	33.333	100.000	True	False	True	False	False	False
ERR346596	ERR346596.38759	J558.41pg.131	JH2	83.333	100.000	True	False	True	False	False	False
ERR346596	ERR346596.38855	J558.45	JH1	6.250	100.000	True	False	True	False	False	False
ERR346596	ERR346596.38872	VHSM7.a4.108	JH4	73.196	100.000	True	False	True	False	False	False
ERR346596	ERR346596.39029	J558.50	JH3	83.505	100.000	True	False	True	False	False	False
ERR346596	ERR346596.39141	VHQ52.a12.33	JH2	45.361	100.000	True	False	True	False	False	False
ERR346596	ERR346596.39268	VHSM7.a3.93	JH2	83.505	100.000	True	False	True	False	False	False
ERR346596	ERR346596.39301	VHQ52.a27.79,VOx-1	JH4	50.526	100.000	True	False	True	False	False	False
ERR346596	ERR346596.39373	J558.27pg.117	JH3	11.458	100.000	True	False	True	False	False	False
ERR346596	ERR346596.39348	J558.50	JH3	84.536	100.000	True	False	True	False	False	False
ERR346596	ERR346596.39399	J558.h	JH4	82.474	92.857	True	False	True	False	False	False
ERR346596	ERR346596.39635	Q52.1pg.2,VHQ52.a1psi.2		62.500		True	False	True	False	False	False
ERR346596	ERR346596.39678	cb9	JK3	37.500	100.000	True	False	True	False	False	False
ERR346596	ERR346596.39655	VHSM7.a3.93	JH4	9.278	92.857	True	False	True	False	False	False
ERR346596	ERR346596.39661	V11,VHS107.a3.106	JH1	6.000	100.000	True	False	True	False	False	False
ERR346596	ERR346596.39686	VHQ52.a27.79,VOx-1	JH2	7.368	92.308	True	False	True	False	False	False
ERR346596	ERR346596.39730	J558.h	JH4	83.505	100.000	True	False	True	False	False	False
ERR346596	ERR346596.39739	VHSM7.a3.93	JH3	27.835	100.000	True	False	True	False	False	False
ERR346596	ERR346596.39757	J558.h	JH4	82.474	100.000	True	False	True	False	False	False
ERR346596	ERR346596.39965	J558.19	JH2	40.816	100.000	True	False	True	False	False	False
ERR346596	ERR346596.39932	MAI1,MBK2,PWK2		66.667		True	False	True	False	False	False
ERR346596	ERR346596.39961	SM7.3.54	JH1,JH2,JH3	50.000	100.000	True	False	True	False	False	False
ERR346596	ERR346596.40032	VH7183.a4.6,VHD6.96	JH4	29.897	100.000	True	False	True	False	False	False
ERR346596	ERR346596.39939	J558.40	JH3	73.958	92.857	True	False	True	False	False	False
ERR346596	ERR346596.40151	V11,VHS107.a3.106	JH1	50.000	100.000	True	False	True	False	False	False
ERR346596	ERR346596.40191	J558.25pg.115	JH3	83.505	100.000	True	False	True	False	False	False
ERR346596	ERR346596.40181	J558.50	JH3	81.443	100.000	True	False	True	False	False	False
ERR346596	ERR346596.40163	VHSM7.a3.93	JH2	58.333	100.000	True	False	True	False	False	False
ERR346596	ERR346596.40323	VHSM7.a1.83	JH2	59.375	100.000	True	False	True	False	False	False
ERR346596	ERR346596.40154	J558.53.146,V23	JH2	63.636	100.000	True	False	True	False	False	False
ERR346596	ERR346596.40344	VHSM7.a3.93	JH3	75.000	100.000	True	False	True	False	False	False
ERR346596	ERR346596.40365	J606.4.82		50.000		True	False	True	False	False	False
ERR346596	ERR346596.40518	J558.50	JH3	42.708	100.000	True	False	True	False	False	False
ERR346596	ERR346596.40707	J558.19	JH2	48.454	100.000	True	False	True	False	False	False
ERR346596	ERR346596.40659	J558.64.162,J558.74.176	JH3	7.292	100.000	True	False	True	False	False	False
ERR346596	ERR346596.40684	VHQ52.a23.68	JH2	76.923	100.000	True	False	True	False	False	False
ERR346596	ERR346596.40799	VHQ52.a27.79,VOx-1	JH4	7.368	100.000	True	False	True	False	False	False
ERR346596	ERR346596.40870	J558.50	JH3	84.536	100.000	True	False	True	False	False	False
ERR346596	ERR346596.41050	J558.70pg.171,J558.n	JH4	84.536	88.235	True	False	True	False	False	False
ERR346596	ERR346596.41014	VHS107.a3.106	JH1	47.525	100.000	True	False	True	False	False	False
ERR346596	ERR346596.41095	J558.21pg.111,J558.25pg.115	JH3	82.474	100.000	True	False	True	False	False	False
ERR346596	ERR346596.41119	VHQ52.a27.79	JH1	31.250	100.000	True	False	True	False	False	False
ERR346596	ERR346596.41166	H13-3	JH2	21.649	100.000	True	False	True	False	False	False
ERR346596	ERR346596.41132	J558.47	JH2	57.292	100.000	True	False	True	False	False	False
ERR346596	ERR346596.41220	J558.45	JH4	45.833	87.500	True	False	True	False	False	False
ERR346596	ERR346596.41340	J558.33	JH3	58.763	100.000	True	False	True	False	False	False
ERR346596	ERR346596.41518	VHSM7.a4.108	JH3	90.722	50.000	False	True	False	True	False	False
ERR346596	ERR346596.41595	J558.1	JH2	16.495	100.000	True	False	True	False	False	False
ERR346596	ERR346596.41715	J558.19	JH2	57.732	100.000	True	False	True	False	False	False
ERR346596	ERR346596.41931	J558.70pg.171,J558.n	JH3	83.505	92.857	True	False	True	False	False	False
ERR346596	ERR346596.42096	J558.17	JH2	3.226	84.615	True	True	True	True	False	False
ERR346596	ERR346596.42147	J558.h	JH4	83.505	93.750	True	False	True	False	False	False
ERR346596	ERR346596.42265	J558.55.149	JH2	28.571	100.000	True	False	True	False	False	False
ERR346596	ERR346596.42528	VHSM7.a3.93	JH3	7.292	100.000	True	False	True	False	False	False
ERR346596	ERR346596.42733	J558.50	JH3	82.653	100.000	True	False	True	False	False	False
ERR346596	ERR346596.43009	J558.45	JH4	91.667	18.750	False	True	False	True	False	False
ERR346596	ERR346596.43016	J558.2	JH4	54.082	100.000	True	False	True	False	False	False
ERR346596	ERR346596.43045	J558.12	JH3	34.021	92.857	True	False	True	False	False	False
ERR346596	ERR346596.43249	Q52.1pg.2,VHQ52.a1psi.2		62.500		True	False	True	False	False	False
ERR346596	ERR346596.43327	V11,VHS107.a3.106	JH2	10.000	92.857	True	False	True	False	False	False
ERR346596	ERR346596.43298	J558.50	JH3	83.673	100.000	True	False	True	False	False	False
ERR346596	ERR346596.43415	VH36-60.a2.90	JH4	95.876	82.353	False	True	False	True	False	False
ERR346596	ERR346596.43460	J558.h	JH4	82.474	93.750	True	False	True	False	False	False
ERR346596	ERR346596.43417	H13-3	JH4	4.124	93.750	True	False	True	False	False	False
ERR346596	ERR346596.43594	J558.50	JH3	84.536	100.000	True	False	True	False	False	False
ERR346596	ERR346596.43679	J558.50	JH3	82.474	100.000	True	False	True	False	False	False
ERR346596	ERR346596.43902	VHQ52.a22.67	JH1	10.417	100.000	True	False	True	False	False	False
ERR346596	ERR346596.43860	J558.26		60.000		True	False	True	False	False	False
ERR346596	ERR346596.43995	J558.64.162,J558.74.176	JH3	59.375	100.000	True	False	True	False	False	False
ERR346596	ERR346596.44048	J558.20pg.110	JH4	66.667	100.000	True	False	True	False	False	False
ERR346596	ERR346596.44168	J558.17	JH2	7.292	92.308	True	False	True	False	False	False
ERR346596	ERR346596.44315	VHX24.a1.84	JH3	14.583	100.000	True	False	True	False	False	False
ERR346596	ERR346596.44507	J558.32	JH2	84.536	85.714	True	False	True	False	False	False
ERR346596	ERR346596.44697	V11,VHS107.a3.106	JH1	92.079	62.500	False	True	False	True	False	False
ERR346596	ERR346596.44761	J558.83.189	JH4	92.784	30.769	False	True	False	True	False	False
ERR346596	ERR346596.44939	J558.h	JH4	83.673	92.857	True	False	True	False	False	False
ERR346596	ERR346596.44944	VHQ52.a27.79	JH4	80.208	100.000	True	False	True	False	False	False
ERR346596	ERR346596.44967	VHA1	JH2	97.959	80.000	False	True	False	True	False	False
ERR346596	ERR346596.45072	J558.40	JH2	95.918	30.769	False	True	False	True	False	False
ERR346596	ERR346596.45023	J558.12	JH3	23.958	100.000	True	False	True	False	False	False
ERR346596	ERR346596.45058	VHA1	JH2	43.750	100.000	True	False	True	False	False	False
ERR346596	ERR346596.45278	J558.70pg.171,J558.n	JH4	93.814	56.250	False	True	False	True	False	False
ERR346596	ERR346596.45325	J558.2	JH3	90.722	78.571	False	True	False	True	False	False
ERR346596	ERR346596.45415	VHSM7.a3.93	JH2	7.292	100.000	True	False	True	False	False	False
ERR346596	ERR346596.45247	J558.h	JH4	82.474	100.000	True	False	True	False	False	False
ERR346596	ERR346596.45358	VH7183.a4.6,VHD6.96	JH3	45.918	91.667	True	False	True	False	False	False
ERR346596	ERR346596.45444	VHSM7.a3.93	JH4	94.845	80.000	False	True	False	True	False	False
ERR346596	ERR346596.45403	J558.5	JH4	94.898	81.250	False	True	False	True	False	False
ERR346596	ERR346596.45544	VHX24.a1.84	JH3	47.959	93.333	True	False	True	False	False	False
ERR346596	ERR346596.45536	VHX24.a1.84	JH3	47.423	80.000	True	True	True	True	False	False
ERR346596	ERR346596.45579	MAI1,MBK2,PWK2		66.667		True	False	True	False	False	False
ERR346596	ERR346596.45743	J558.29	JH4	84.536	100.000	True	False	True	False	False	False
ERR346596	ERR346596.45755	gu33		66.667		True	False	True	False	False	False
ERR346596	ERR346596.45832	J558.h	JH4	84.694	92.857	True	False	True	False	False	False
ERR346596	ERR346596.45718	VHSM7.a3.93	JH2	8.333	100.000	True	False	True	False	False	False
ERR346596	ERR346596.46081	J558.21pg.111,J558.25pg.115	JH3	83.505	100.000	True	False	True	False	False	False
ERR346596	ERR346596.46176	J558.64.162,J558.74.176	JH3	9.278	100.000	True	False	True	False	False	False
ERR346596	ERR346596.46215	J558.h	JH4	84.536	85.714	True	False	True	False	False	False
ERR346596	ERR346596.46280	VHQ52.a27.79,VOx-1	JH4	33.333	92.308	True	False	True	False	False	False
ERR346596	ERR346596.46328	VHQ52.a27.79,VOx-1	JH2	10.417	100.000	True	False	True	False	False	False
ERR346596	ERR346596.46521	J558.50	JH3	83.505	100.000	True	False	True	False	False	False
ERR346596	ERR346596.46231	J558.17	JH2	97.895	80.000	False	True	False	True	False	False
ERR346596	ERR346596.46712	VHS107.a3.106	JH1	51.485	100.000	True	False	True	False	False	False
ERR346596	ERR346596.46845	J558.54.148	JH3	57.292	91.667	True	False	True	False	False	False
ERR346596	ERR346596.46915	VHSM7.a4.108	JH2	78.571	100.000	True	False	True	False	False	False
ERR346596	ERR346596.47036	J558.50	JH3	84.694	100.000	True	False	True	False	False	False
ERR346596	ERR346596.47052	J558.37.127	JH3	9.278	100.000	True	False	True	False	False	False
ERR346596	ERR346596.47284	J558.83.189	JH2	51.546	100.000	True	False	True	False	False	False
ERR346596	ERR346596.47340	VHSM7.a3.93	JH2	83.333	100.000	True	False	True	False	False	False
ERR346596	ERR346596.47644	J558.50	JH3	82.653	100.000	True	False	True	False	False	False
ERR346596	ERR346596.47598	VH36-60.a1.85	JH3	6.186	100.000	True	False	True	False	False	False
ERR346596	ERR346596.47969	kb4		80.000		True	False	True	False	False	False
ERR346596	ERR346596.48105	J558.29	JH4	96.939	30.769	False	True	False	True	False	False
ERR346596	ERR346596.48033	J558.29	JH4	97.959	40.000	False	True	False	True	False	False
ERR346596	ERR346596.48106	J558.f	JH1	94.898	46.667	False	True	False	True	False	False
ERR346596	ERR346596.48143	J558.61.157,V3	JH2	57.732	92.857	True	False	True	False	False	False
ERR346596	ERR346596.48313	J558.29	JH4	13.402	100.000	True	False	True	False	False	False
ERR346596	ERR346596.48539	J558.24,J558.80.186		66.667		True	False	True	False	False	False
ERR346596	ERR346596.48713	VHQ52.a27.79,VOx-1	JH4	72.917	100.000	True	False	True	False	False	False
ERR346596	ERR346596.48837	VHQ52.a19.61	JH2	81.053	100.000	True	False	True	False	False	False
ERR346596	ERR346596.48956	J558.h	JH4	83.673	92.857	True	False	True	False	False	False
ERR346596	ERR346596.48986	gu33		66.667		True	False	True	False	False	False
ERR346596	ERR346596.49084	J558.4	JH2	57.292	100.000	True	False	True	False	False	False
ERR346596	ERR346596.49136	J558.70pg.171,J558.n	JH3	81.443	86.667	True	False	True	False	False	False
ERR346596	ERR346596.49192	Q52.1pg.2,VHQ52.a1psi.2	JH4	62.500	100.000	True	False	True	False	False	False
ERR346596	ERR346596.49341	V11,VHS107.a3.106	JH1	18.000	100.000	True	False	True	False	False	False
ERR346596	ERR346596.49040	J558.29	JH4	66.667	100.000	True	False	True	False	False	False
ERR346596	ERR346596.49870	Q52.3.8,VHQ52.a3.8	JH2	13.684	100.000	True	False	True	False	False	False
ERR346596	ERR346596.50181	VHS107.a3.106	JH1	47.525	100.000	True	False	True	False	False	False
ERR346596	ERR346596.50240	VHSM7.a3.93	JH3	8.247	100.000	True	False	True	False	False	False
ERR346596	ERR346596.50166	J558.32	JH4	97.917	30.769	False	True	False	True	False	False
ERR346596	ERR346596.50617	VHX24.a1.84	JH3	28.571	93.333	True	False	True	False	False	False
ERR346596	ERR346596.50658	J558.24,J558.80.186		66.667		True	False	True	False	False	False
ERR346596	ERR346596.50639	J558.17	JH3	46.316	100.000	True	False	True	False	False	False
ERR346596	ERR346596.50699	J558.8	JH4	44.792	100.000	True	False	True	False	False	False
ERR346596	ERR346596.50903	VHSM7.a3.93	JH4	31.959	100.000	True	False	True	False	False	False
ERR346596	ERR346596.50983	J558.50	JH3	83.505	100.000	True	False	True	False	False	False
ERR346596	ERR346596.51118	V11,VHS107.a3.106	JH1	55.000	100.000	True	False	True	False	False	False
ERR346596	ERR346596.51431	J558.64.162,J558.74.176	JH3	10.309	100.000	True	False	True	False	False	False
ERR346596	ERR346596.51770	J558.3	JH3	90.816	84.615	False	True	False	True	False	False
ERR346596	ERR346596.51796	J558.61.157,V3	JH2	93.814	84.615	False	True	False	True	False	False
ERR346596	ERR346596.51907	J558.h	JH4	84.211	93.750	True	False	True	False	False	False
ERR346596	ERR346596.52010	VHS107.a3.106	JH2	99.010	84.615	False	True	False	True	False	False
ERR346596	ERR346596.52133	J558.2	JH3	92.784	84.615	False	True	False	True	False	False
ERR346596	ERR346596.52188	VH36-60.a1.85	JH2	65.979	100.000	True	False	True	False	False	False
ERR346596	ERR346596.52126	J558.50	JH3	82.653	100.000	True	False	True	False	False	False
ERR346596	ERR346596.52455	VH61-1P,VH7183.a47.76	JH4	56.701	100.000	True	False	True	False	False	False
ERR346596	ERR346596.52551	J558.46		82.653		True	False	True	False	False	False
ERR346596	ERR346596.52571	VHSM7.a3.93	JH3	9.375	100.000	True	False	True	False	False	False
ERR346596	ERR346596.52541	H13-3	JH2	5.155	100.000	True	False	True	False	False	False
ERR346596	ERR346596.52640	VHQ52.a17.46	JH2	80.208	100.000	True	False	True	False	False	False
ERR346596	ERR346596.52779	J558.50	JH3	83.505	100.000	True	False	True	False	False	False
ERR346596	ERR346596.52898	3:3.9,7183.7.10,VH7183.7b	JH1	91.753	57.143	False	True	False	True	False	False
ERR346596	ERR346596.52954	VHQ52.a27.79	JH1	80.208	100.000	True	False	True	False	False	False
ERR346596	ERR346596.52889	J558.3.90,J558.50	JH4	81.250	100.000	True	False	True	False	False	False
ERR346596	ERR346596.52899	J558.70pg.171,J558.n	JH4	57.732	100.000	True	False	True	False	False	False
ERR346596	ERR346596.52935	VHSM7.a3.93	JH4	32.990	100.000	True	False	True	False	False	False
ERR346596	ERR346596.53117	J558.h	JH4	84.536	100.000	True	False	True	False	False	False
ERR346596	ERR346596.53328	J558.50	JH3	84.536	100.000	True	False	True	False	False	False
ERR346596	ERR346596.53344	VHSM7.a3.93	JH3	6.186	100.000	True	False	True	False	False	False
ERR346596	ERR346596.53446	J558.50	JH3	83.673	92.857	True	False	True	False	False	False
ERR346596	ERR346596.53480	J558.50	JH3	82.474	100.000	True	False	True	False	False	False
ERR346596	ERR346596.53531	VH7183.a7.10	JH4	15.464	100.000	True	False	True	False	False	False
ERR346596	ERR346596.53527	VHSM7.a3.93	JH2	97.938	50.000	False	True	False	True	False	False
ERR346596	ERR346596.53719	7183.10pg.16,7183.15pg.26,7183.5pg.7	JH2	80.000	100.000	True	False	True	False	False	False
ERR346596	ERR346596.53964	J558.19	JH2	15.464	100.000	True	False	True	False	False	False
ERR346596	ERR346596.53965	J558.17	JH4	40.000	100.000	True	False	True	False	False	False
ERR346596	ERR346596.54075	J558.54.148	JH3	34.694	91.667	True	False	True	False	False	False
ERR346596	ERR346596.53952	VH7183.27b,VH7183.7b	JH3	8.163	92.308	True	False	True	False	False	False
ERR346596	ERR346596.54031	J558.64.162,J558.74.176	JH3	15.625	100.000	True	False	True	False	False	False
ERR346596	ERR346596.54095	J558.50	JH3	81.633	100.000	True	False	True	False	False	False
ERR346596	ERR346596.54049	J558.83.189	JH4	15.625	100.000	True	False	True	False	False	False
ERR346596	ERR346596.54062	J558.22	JH3	77.320	100.000	True	False	True	False	False	False
ERR346596	ERR346596.54228	J558.50	JH3	84.694	100.000	True	False	True	False	False	False
ERR346596	ERR346596.54287	J558.46	JH4	7.216	87.500	True	False	True	False	False	False
ERR346596	ERR346596.54276	VHQ52.a27.79,VOx-1	JH2	80.208	100.000	True	False	True	False	False	False
ERR346596	ERR346596.54292	J558.79.184,J558.h	JH4	79.787	87.500	True	False	True	False	False	False
ERR346596	ERR346596.54391	VHSM7.a3.93	JH3	46.392	100.000	True	False	True	False	False	False
ERR346596	ERR346596.54424	VHQ52.a27.79,VOx-1	JH4	31.579	100.000	True	False	True	False	False	False
ERR346596	ERR346596.54462	J558.20	JH2	30.928	100.000	True	False	True	False	False	False
ERR346596	ERR346596.54495	J558.55.149	JH2	91.837	71.429	False	True	False	True	False	False
ERR346596	ERR346596.54513	J558.50	JH3	81.633	100.000	True	False	True	False	False	False
ERR346596	ERR346596.54576	VH36-60.a6.114	JH4	40.206	100.000	True	False	True	False	False	False
ERR346596	ERR346596.54685	VH36-60.a2.90	JH4	95.876	82.353	False	True	False	True	False	False
ERR346596	ERR346596.54756	J558.50	JH3	84.375	100.000	True	False	True	False	False	False
ERR346596	ERR346596.54815	J558.52	JH2	8.163	100.000	True	False	True	False	False	False
ERR346596	ERR346596.54818	VHQ52.a27.79	JH1	83.505	93.750	True	False	True	False	False	False
ERR346596	ERR346596.54896	J558.50	JH3	83.505	100.000	True	False	True	False	False	False
ERR346596	ERR346596.54865	Q52.3.8,VHQ52.a3.8		50.000		True	False	True	False	False	False
ERR346596	ERR346596.55015	J558.70pg.171,J558.n	JH4	7.216	100.000	True	False	True	False	False	False
ERR346596	ERR346596.55074	J558.17	JH3	51.042	100.000	True	False	True	False	False	False
ERR346596	ERR346596.55114	VHSM7.a3.93	JH2	100.000	46.667	False	True	False	True	False	False
ERR346596	ERR346596.55164	J558.25pg.115	JH3	84.694	61.538	True	True	True	True	False	False
ERR346596	ERR346596.55031	J558.47	JH2	9.278	100.000	True	False	True	False	False	False
ERR346596	ERR346596.55194	J558.39	JH3	17.708	100.000	True	False	True	False	False	False
ERR346596	ERR346596.55171	J558.5	JH4	98.980	82.353	False	True	False	True	False	False
ERR346596	ERR346596.55267	VHQ52.a27.79	JH1	83.505	100.000	True	False	True	False	False	False
ERR346596	ERR346596.55373	VHSM7.a3.93	JH2	25.000	100.000	True	False	True	False	False	False
ERR346596	ERR346596.55448	VHSM7.a3.93	JH4	50.000	100.000	True	False	True	False	False	False
ERR346596	ERR346596.55525	J558.25pg.115	JH3	84.536	100.000	True	False	True	False	False	False
ERR346596	ERR346596.55588	VH7183.a4.6,VHD6.96	JH4	55.670	100.000	True	False	True	False	False	False
ERR346596	ERR346596.55574	J558.h	JH4	82.292	93.750	True	False	True	False	False	False
ERR346596	ERR346596.55718	J558.54.148	JH2	14.433	100.000	True	False	True	False	False	False
ERR346596	ERR346596.55875	J558.h	JH4	84.694	92.857	True	False	True	False	False	False
ERR346596	ERR346596.55810	VHSM7.a3.93	JH2	70.833	100.000	True	False	True	False	False	False
ERR346596	ERR346596.55898	J558.50	JH3	83.673	100.000	True	False	True	False	False	False
ERR346596	ERR346596.56108	J558.50	JH3	82.474	100.000	True	False	True	False	False	False
ERR346596	ERR346596.56114	J558.a,VH124	JH4	64.583	100.000	True	False	True	False	False	False
ERR346596	ERR346596.56090	J558.58.154,J558.j	JH2	100.000	75.000	False	True	False	True	False	False
ERR346596	ERR346596.56184	VH36-60.a6.114	JH2	79.348	86.667	True	False	True	False	False	False
ERR346596	ERR346596.56124	J558.i	JH3	94.845	69.231	False	True	False	True	False	False
ERR346596	ERR346596.56181	J558.54.148	JH3	92.857	83.333	False	True	False	True	False	False
ERR346596	ERR346596.56214	J558.55.149	JH2	54.167	100.000	True	False	True	False	False	False
ERR346596	ERR346596.56344	7183.6pg.9,7183.8pg.14,VH7183.a20psi.34		62.500		True	False	True	False	False	False
ERR346596	ERR346596.56423	J558.64.162,J558.74.176	JH3	51.546	100.000	True	False	True	False	False	False
ERR346596	ERR346596.56460	VHSM7.a3.93	JH4	35.714	100.000	True	False	True	False	False	False
ERR346596	ERR346596.56525	J558.21pg.111,J558.25pg.115	JH3	85.714	84.615	False	True	False	True	False	False
ERR346596	ERR346596.56548	VHA1	JH2	97.959	80.000	False	True	False	True	False	False
ERR346596	ERR346596.56369	VH7183.a4.6,VHD6.96	JH4	84.375	35.714	True	True	True	True	False	False
ERR346596	ERR346596.56438	3:3.9,7183.7.10,VH7183.a7.10	JH2	98.969	28.571	False	True	False	True	False	False
ERR346596	ERR346596.56704	VH36-60.a2.90	JH2	95.876	80.000	False	True	False	True	False	False
ERR346596	ERR346596.56718	Q52.1pg.2,VHQ52.a1psi.2		62.500		True	False	True	False	False	False
ERR346596	ERR346596.56816	J606.1.79,J606.4.82,VH22.1		71.429		True	False	True	False	False	False
ERR346596	ERR346596.56821	VHX24.a1.84	JH3	78.571	100.000	True	False	True	False	False	False
ERR346596	ERR346596.56662	J558.i	JH2	60.417	93.333	True	False	True	False	False	False
ERR346596	ERR346596.56932	J558.h	JH4	84.375	93.750	True	False	True	False	False	False
ERR346596	ERR346596.57125	J558.h	JH4	83.158	100.000	True	False	True	False	False	False
ERR346596	ERR346596.57199	VH7183.a4.6,VHD6.96	JH4	42.857	100.000	True	False	True	False	False	False
ERR346596	ERR346596.57176	J558.35	JH4	8.511	100.000	True	False	True	False	False	False
ERR346596	ERR346596.57126	VHSM7.a3.93	JH2	83.505	100.000	True	False	True	False	False	False
ERR346596	ERR346596.57244	J558.50	JH3	84.694	100.000	True	False	True	False	False	False
ERR346596	ERR346596.57352	J558.20	JH1	94.898	81.250	False	True	False	True	False	False
ERR346596	ERR346596.57405	J558.8	JH3	84.694	100.000	True	False	True	False	False	False
ERR346596	ERR346596.57540	J558.37.127	JH4	5.208	100.000	True	False	True	False	False	False
ERR346596	ERR346596.57659	J558.41pg.131	JH4	83.333	66.667	True	True	True	True	False	False
ERR346596	ERR346596.57741	VHSM7.a3.93	JH2	100.000	42.857	False	True	False	True	False	False
ERR346596	ERR346596.57747	VH61-1P,VH7183.a47.76	JH4	94.898	57.143	False	True	False	True	False	False
ERR346596	ERR346596.57758	J558.2	JH3	93.750	84.615	False	True	False	True	False	False
ERR346596	ERR346596.57960	J558.39	JH3	57.292	100.000	True	False	True	False	False	False
ERR346596	ERR346596.58062	J558.40	JH2	50.000	100.000	True	False	True	False	False	False
ERR346596	ERR346596.58078	VHQ52.a27.79	JH1	82.474	100.000	True	False	True	False	False	False
ERR346596	ERR346596.58101	VH7183.a4.6,VHD6.96	JH4	21.649	85.714	True	False	True	False	False	False
ERR346596	ERR346596.58116	VHQ52.a27.79,VOx-1	JH4	57.895	100.000	True	False	True	False	False	False
ERR346596	ERR346596.58198	J558.70pg.171,J558.n	JH4	5.155	100.000	True	False	True	False	False	False
ERR346596	ERR346596.58222	VHSM7.a3.93	JH3	63.542	100.000	True	False	True	False	False	False
ERR346596	ERR346596.58410	J558.h	JH4	83.673	92.857	True	False	True	False	False	False
ERR346596	ERR346596.58416	J558.46	JH4	42.708	100.000	True	False	True	False	False	False
ERR346596	ERR346596.58573	VH61-1P,VH7183.a47.76	JH4	21.875	100.000	True	False	True	False	False	False
ERR346596	ERR346596.58594	J558.52.145,J558.61.157,J558.77.180	JH2	80.412	100.000	True	False	True	False	False	False
ERR346596	ERR346596.58664	J558.29	JH4	55.670	100.000	True	False	True	False	False	False
ERR346596	ERR346596.58729	VHQ52.a15.42	JH4	46.875	100.000	True	False	True	False	False	False
ERR346596	ERR346596.58797	J558.47	JH3	78.125	100.000	True	False	True	False	False	False
ERR346596	ERR346596.58851	J558.h	JH4	16.495	100.000	True	False	True	False	False	False
ERR346596	ERR346596.58920	VH7183.a7.10	JH4	8.163	85.714	True	False	True	False	False	False
ERR346596	ERR346596.58957	J558.14pg.104	JH4	71.429	100.000	True	False	True	False	False	False
ERR346596	ERR346596.59065	J558.h	JH4	82.653	92.857	True	False	True	False	False	False
ERR346596	ERR346596.59109	VHQ52.a27.79,VOx-1	JH4	44.211	100.000	True	False	True	False	False	False
ERR346596	ERR346596.59156	J558.h	JH4	82.292	93.750	True	False	True	False	False	False
ERR346596	ERR346596.59219	VHSM7.a3.93	JH2	81.443	100.000	True	False	True	False	False	False
ERR346596	ERR346596.59277	J558.33	JH4	96.939	21.429	False	True	False	True	False	False
ERR346596	ERR346596.59295	VH7183.a1psi.1	JH4	9.184	93.750	True	False	True	False	False	False
ERR346596	ERR346596.59348	Vh10.2a	JH4	7.071	94.118	True	False	True	False	False	False
ERR346596	ERR346596.59374	VHQ52.a27.79,VOx-1	JH4	79.167	100.000	True	False	True	False	False	False
ERR346596	ERR346596.59585	21-12		37.500		True	False	True	False	False	False
ERR346596	ERR346596.59646	VH7183.a4.6,VHD6.96	JH4	41.237	100.000	True	False	True	False	False	False
ERR346596	ERR346596.59879	VHQ52.a27.79	JH1	11.458	100.000	True	False	True	False	False	False
ERR346596	ERR346596.60047	VHSM7.a3.93	JH2	83.505	100.000	True	False	True	False	False	False
ERR346596	ERR346596.60135	J558.29	JH4	97.959	66.667	False	True	False	True	False	False
ERR346596	ERR346596.60252	J558.21pg.111	JH3	22.680	100.000	True	False	True	False	False	False
ERR346596	ERR346596.60317	VHSM7.a3.93	JH2	83.505	92.857	True	False	True	False	False	False
ERR346596	ERR346596.60359	V11,VHS107.a3.106	JH2	5.051	92.857	True	False	True	False	False	False
ERR346596	ERR346596.60499	J558.h	JH4	18.557	100.000	True	False	True	False	False	False
ERR346596	ERR346596.60443	J558.5	JH4	84.536	100.000	True	False	True	False	False	False
ERR346596	ERR346596.60570	SM7.1.44,SM7.2.49,VHSM7.a3.93	JH2	80.000	100.000	True	False	True	False	False	False
ERR346596	ERR346596.60514	VH7183.a7.10	JH2	5.102	100.000	True	False	True	False	False	False
ERR346596	ERR346596.60584	VHQ52.a27.79,VOx-1	JH4	78.947	100.000	True	False	True	False	False	False
ERR346596	ERR346596.60655	J558.19	JH2	29.167	100.000	True	False	True	False	False	False
ERR346596	ERR346596.60694	VHSM7.a3.93	JH2	14.433	100.000	True	False	True	False	False	False
ERR346596	ERR346596.60662	H13-3	JH3	91.753	73.333	False	True	False	True	False	False
ERR346596	ERR346596.60768	VHSM7.a3.93	JH4	57.732	100.000	True	False	True	False	False	False
ERR346596	ERR346596.60832	J558.5	JH4	94.898	81.250	False	True	False	True	False	False
ERR346596	ERR346596.60926	J558.15	JH4	26.042	86.667	True	False	True	False	False	False
ERR346596	ERR346596.60881	VHX24.a1.84	JH3	97.959	80.000	False	True	False	True	False	False
ERR346596	ERR346596.60960	J558.33	JH2	59.375	100.000	True	False	True	False	False	False
ERR346596	ERR346596.61013	J558.20	JH2	34.375	100.000	True	False	True	False	False	False
ERR346596	ERR346596.61059	J558.50	JH3	84.536	100.000	True	False	True	False	False	False
ERR346596	ERR346596.61204	VHQ52.a27.79	JH1	80.208	100.000	True	False	True	False	False	False
ERR346596	ERR346596.61265	VHSM7.a3.93	JH2	14.433	100.000	True	False	True	False	False	False
ERR346596	ERR346596.61432	J558.45	JH2	84.694	92.857	True	False	True	False	False	False
ERR346596	ERR346596.61496	VHQ52.a19.61	JH4	83.333	100.000	True	False	True	False	False	False
ERR346596	ERR346596.61617	J558.45	JH2	97.938	76.923	False	True	False	True	False	False
ERR346596	ERR346596.61640	J558.50	JH3	80.412	100.000	True	False	True	False	False	False
ERR346596	ERR346596.61693	J558.52.145,J558.61.157,V3	JH2	7.216	100.000	True	False	True	False	False	False
ERR346596	ERR346596.61688	J558.h	JH4	84.536	85.714	True	False	True	False	False	False
ERR346596	ERR346596.61760	J558.37.127	JH3	94.845	75.000	False	True	False	True	False	False
ERR346596	ERR346596.61742	V11,VHS107.a3.106	JH1	95.050	81.250	False	True	False	True	False	False
ERR346596	ERR346596.61866	J558.h	JH4	83.505	100.000	True	False	True	False	False	False
ERR346596	ERR346596.62032	J558.5	JH4	93.878	81.250	False	True	False	True	False	False
ERR346596	ERR346596.62133	V1,VHS107.a1.81	JH1	93.000	81.250	False	True	False	True	False	False
ERR346596	ERR346596.62148	J558.h	JH4	83.333	93.750	True	False	True	False	False	False
ERR346596	ERR346596.62159	VHQ52.a27.79,VOx-1	JH1	29.474	100.000	True	False	True	False	False	False
ERR346596	ERR346596.62262	J558.2	JH3	91.667	84.615	False	True	False	True	False	False
ERR346596	ERR346596.62208	J558.27pg.117	JH4	9.783	100.000	True	False	True	False	False	False
ERR346596	ERR346596.62489	J558.35	JH4	68.750	100.000	True	False	True	False	False	False
ERR346596	ERR346596.62513	VHQ52.a2.4	JH2	46.875	100.000	True	False	True	False	False	False
ERR346596	ERR346596.62578	VHQ52.a27.79	JH2	92.708	84.615	False	True	False	True	False	False
ERR346596	ERR346596.62593	J558.55.149	JH2	44.330	100.000	True	False	True	False	False	False
ERR346596	ERR346596.62613	J558.70pg.171,J558.n	JH3	15.464	92.308	True	False	True	False	False	False
ERR346596	ERR346596.62628	V11,VHS107.a3.106	JH1	99.010	50.000	False	True	False	True	False	False
ERR346596	ERR346596.62639	J558.35	JH4	52.577	100.000	True	False	True	False	False	False
ERR346596	ERR346596.62792	V11,VHS107.a3.106	JH1	49.505	100.000	True	False	True	False	False	False
ERR346596	ERR346596.62875	J558.50	JH3	84.694	100.000	True	False	True	False	False	False
ERR346596	ERR346596.62915	VHX24.a1.84	JH3	12.371	100.000	True	False	True	False	False	False
ERR346596	ERR346596.63016	VHQ52.a27.79	JH1	81.250	100.000	True	False	True	False	False	False
ERR346596	ERR346596.63012	VHQ52.a27.79	JH1	83.505	100.000	True	False	True	False	False	False
ERR346596	ERR346596.63003	V11,VHS107.a3.106	JH1	52.000	86.667	True	False	True	False	False	False
ERR346596	ERR346596.63005	J558.50	JH3	48.958	100.000	True	False	True	False	False	False
ERR346596	ERR346596.63202	J558.64.162,J558.74.176	JH1	18.557	100.000	True	False	True	False	False	False
ERR346596	ERR346596.63225	VH7183.a4.6,VHD6.96	JH4	54.639	92.857	True	False	True	False	False	False
ERR346596	ERR346596.63317	J558.19	JH2	42.708	100.000	True	False	True	False	False	False
ERR346596	ERR346596.63241	J558.45	JH4	92.784	82.353	False	True	False	True	False	False
ERR346596	ERR346596.63467	VHQ52.a24.72	JH3	5.208	93.333	True	False	True	False	False	False
ERR346596	ERR346596.63534	VH7183.a4.6,VHD6.96	JH4	36.082	100.000	True	False	True	False	False	False
ERR346596	ERR346596.63582	J558.h	JH4	84.694	100.000	True	False	True	False	False	False
ERR346596	ERR346596.63575	VH36-60.a8.117,VH36-60.a9.121#	JH2	48.454	100.000	True	False	True	False	False	False
ERR346596	ERR346596.63601	V11,VHS107.a3.106	JH1	95.050	81.250	False	True	False	True	False	False
ERR346596	ERR346596.63642	J558.50	JH3	82.474	100.000	True	False	True	False	False	False
ERR346596	ERR346596.63912	J558.2	JH3	64.948	91.667	True	False	True	False	False	False
ERR346596	ERR346596.63925	VHQ52.a27.79,VOx-1	JH4	78.947	100.000	True	False	True	False	False	False
ERR346596	ERR346596.63922	J558.17	JH2	88.542	53.846	False	True	False	True	False	False
ERR346596	ERR346596.63914	J558.k	JH3,JH4	77.778	100.000	True	False	True	False	False	False
ERR346596	ERR346596.64009	J558.37.127	JH4	7.292	100.000	True	False	True	False	False	False
ERR346596	ERR346596.64035	J558.48,J558.k	JH2,JH3	70.000	100.000	True	False	True	False	False	False
ERR346596	ERR346596.64095	J558.50	JH3	82.653	100.000	True	False	True	False	False	False
ERR346596	ERR346596.64093	J558.55.149	JH2	5.102	100.000	True	False	True	False	False	False
ERR346596	ERR346596.64103	VH7183.a4.6,VHD6.96	JH4	6.186	92.857	True	False	True	False	False	False
ERR346596	ERR346596.64149	VH7183.a19.31	JH4	61.856	100.000	True	False	True	False	False	False
ERR346596	ERR346596.64137	VH7183.7b	JH2	98.969	80.000	False	True	False	True	False	False
ERR346596	ERR346596.64144	J558.8	JH3	9.278	100.000	True	False	True	False	False	False
ERR346596	ERR346596.64360	VHQ52.a27.79	JH1	97.917	46.667	False	True	False	True	False	False
ERR346596	ERR346596.64524	VHQ52.a27.79	JH1	80.208	100.000	True	False	True	False	False	False
ERR346596	ERR346596.64539	J558.h	JH4	83.505	100.000	True	False	True	False	False	False
ERR346596	ERR346596.64600	VHSM7.a3.93	JH1	68.750	100.000	True	False	True	False	False	False
ERR346596	ERR346596.64591	Q52.1pg.2,VHQ52.a1psi.2		62.500		True	False	True	False	False	False
ERR346596	ERR346596.64655	J558.5	JH4	94.845	81.250	False	True	False	True	False	False
ERR346596	ERR346596.64696	J558.2	JH3	51.546	71.429	True	True	True	True	False	False
ERR346596	ERR346596.64736	J558.18A,J558.54,J558.83.189		50.000		True	False	True	False	False	False
ERR346596	ERR346596.64738	Q52.3.8,VHQ52.a3.8		50.000		True	False	True	False	False	False
ERR346596	ERR346596.64776	J558.14pg.104		71.429		True	False	True	False	False	False
ERR346596	ERR346596.64962	J558.47	JH1	6.250	100.000	True	False	True	False	False	False
ERR346596	ERR346596.65048	VHQ52.a27.79,VOx-1	JH4	27.368	100.000	True	False	True	False	False	False
ERR346596	ERR346596.65002	VHX24.a1.84	JH3	8.247	85.714	True	False	True	False	False	False
ERR346596	ERR346596.65094	VHSM7.a3.93	JH3	59.794	100.000	True	False	True	False	False	False
ERR346596	ERR346596.65195	J558.h	JH2	83.505	100.000	True	False	True	False	False	False
ERR346596	ERR346596.65206	J558.18A,J558.54,J558.83.189	JH1	50.000	100.000	True	False	True	False	False	False
ERR346596	ERR346596.65197	J558.5	JH4	93.814	81.250	False	True	False	True	False	False
ERR346596	ERR346596.65276	J558.h	JH4	84.375	93.750	True	False	True	False	False	False
ERR346596	ERR346596.65211	VHQ52.a27.79	JH2	91.667	84.615	False	True	False	True	False	False
ERR346596	ERR346596.65310	J558.h	JH4	83.505	92.857	True	False	True	False	False	False
ERR346596	ERR346596.65362	J558.83.189	JH2	51.546	100.000	True	False	True	False	False	False
ERR346596	ERR346596.65370	J558.33	JH3	9.375	100.000	True	False	True	False	False	False
ERR346596	ERR346596.65563	VH7183.a7.10	JH4	7.216	100.000	True	False	True	False	False	False
ERR346596	ERR346596.65739	J558.61.157,V3	JH2	8.333	100.000	True	False	True	False	False	False
ERR346596	ERR346596.65759	VHA1	JH2	16.327	100.000	True	False	True	False	False	False
ERR346596	ERR346596.65873	VH124	JH4	89.691	40.000	False	True	False	True	False	False
ERR346596	ERR346596.65868	VHS107.a3.106	JH1	46.000	100.000	True	False	True	False	False	False
ERR346596	ERR346596.65965	J558.50	JH3	84.536	100.000	True	False	True	False	False	False
ERR346596	ERR346596.66025	VHQ52.a27.79	JH1	83.505	100.000	True	False	True	False	False	False
ERR346596	ERR346596.66090	J558.64.162,J558.74.176	JH1	58.763	100.000	True	False	True	False	False	False
ERR346596	ERR346596.66187	VH7183.a4.6,VHD6.96	JH4	94.792	80.000	False	True	False	True	False	False
ERR346596	ERR346596.66215	J558.17	JH2	46.316	100.000	True	False	True	False	False	False
ERR346596	ERR346596.66320	J558.45	JH4	27.835	93.750	True	False	True	False	False	False
ERR346596	ERR346596.66324	J558.1	JH4	43.299	100.000	True	False	True	False	False	False
ERR346596	ERR346596.66386	J558.5	JH4	91.837	81.250	False	True	False	True	False	False
ERR346596	ERR346596.66496	VHSM7.a3.93	JH4	73.196	100.000	True	False	True	False	False	False
ERR346596	ERR346596.66616	VHA1	JH2	97.959	80.000	False	True	False	True	False	False
ERR346596	ERR346596.66662	VHSM7.a3.93	JH3	70.103	100.000	True	False	True	False	False	False
ERR346596	ERR346596.66655	J558.h	JH4	80.412	100.000	True	False	True	False	False	False
ERR346596	ERR346596.66818	VHQ52.a27.79	JH1	81.250	100.000	True	False	True	False	False	False
ERR346596	ERR346596.66934	VHQ52.a27.79	JH2	81.443	100.000	True	False	True	False	False	False
ERR346596	ERR346596.66961	VHQ52.a27.79,VOx-1	JH4	7.368	100.000	True	False	True	False	False	False
ERR346596	ERR346596.66949	VH7183.a46.75	JH4	11.340	92.857	True	False	True	False	False	False
ERR346596	ERR346596.67005	VHS107.a3.106	JH1	48.515	100.000	True	False	True	False	False	False
ERR346596	ERR346596.67024	VH7183.a4.6,VHD6.96	JH4	77.320	100.000	True	False	True	False	False	False
ERR346596	ERR346596.67136	J558.29	JH4	80.412	100.000	True	False	True	False	False	False
ERR346596	ERR346596.67138	J558.50	JH3	84.694	100.000	True	False	True	False	False	False
ERR346596	ERR346596.67164	VHQ52.a15.42	JH3	6.250	100.000	True	False	True	False	False	False
ERR346596	ERR346596.67105	J558.54.148,J558.i	JH2	92.857	57.143	False	True	False	True	False	False
ERR346596	ERR346596.67174	J558.h	JH4	83.505	93.333	True	False	True	False	False	False
ERR346596	ERR346596.67217	VHQ52.a27.79,VOx-1	JH4	56.842	100.000	True	False	True	False	False	False
ERR346596	ERR346596.67135	VH61-1P,VH7183.a47.76	JH4	60.825	100.000	True	False	True	False	False	False
ERR346596	ERR346596.67237	J558.50	JH3	84.536	100.000	True	False	True	False	False	False
ERR346596	ERR346596.67325	V11,VHS107.a3.106	JH2	46.000	100.000	True	False	True	False	False	False
ERR346596	ERR346596.67361	J558.83.189	JH4	58.333	100.000	True	False	True	False	False	False
ERR346596	ERR346596.67454	VH7183.a28.48	JH4	8.163	100.000	True	False	True	False	False	False
ERR346596	ERR346596.67470	gu33		66.667		True	False	True	False	False	False
ERR346596	ERR346596.67462	VHSM7.a3.93	JH2	8.333	100.000	True	False	True	False	False	False
ERR346596	ERR346596.67564	J558.50	JH3	79.167	100.000	True	False	True	False	False	False
ERR346596	ERR346596.67542	J558.47	JH3	23.958	100.000	True	False	True	False	False	False
ERR346596	ERR346596.67531	J558.13,J558.54.148	JH4	96.907	35.714	False	True	False	True	False	False
ERR346596	ERR346596.67590	3:3.9,7183.7.10,VH7183.a7.10	JH2	76.842	86.667	True	False	True	False	False	False
ERR346596	ERR346596.67622	J558.47	JH3	51.546	100.000	True	False	True	False	False	False
ERR346596	ERR346596.67579	VH36-60.a6.114	JH4	81.443	100.000	True	False	True	False	False	False
ERR346596	ERR346596.67648	VHQ52.a15.42	JH4	76.289	100.000	True	False	True	False	False	False
ERR346596	ERR346596.67561	J558.46	JH4	33.333	93.750	True	False	True	False	False	False
ERR346596	ERR346596.67865	J558.13,J558.54.148	JH4	8.333	100.000	True	False	True	False	False	False
ERR346596	ERR346596.67873	J558.47	JH2	13.402	100.000	True	False	True	False	False	False
ERR346596	ERR346596.67927	VHSM7.a3.93	JH2	97.959	69.231	False	True	False	True	False	False
ERR346596	ERR346596.67935	J558.k	JH2	77.778	100.000	True	False	True	False	False	False
ERR346596	ERR346596.67981	J558.h	JH4	84.536	92.857	True	False	True	False	False	False
ERR346596	ERR346596.68010	SM7.3.54	JH3	77.778	100.000	True	False	True	False	False	False
ERR346596	ERR346596.68025	V11,VHS107.a3.106	JH1	49.495	100.000	True	False	True	False	False	False
ERR346596	ERR346596.68077	VHSM7.a3.93	JH2	84.536	100.000	True	False	True	False	False	False
ERR346596	ERR346596.68057	J558.64.162,J558.74.176	JH3	69.792	100.000	True	False	True	False	False	False
ERR346596	ERR346596.68219	VHSM7.a3.93	JH3	63.542	100.000	True	False	True	False	False	False
ERR346596	ERR346596.68315	J558.h	JH4	84.694	92.857	True	False	True	False	False	False
ERR346596	ERR346596.68340	VH7183.a4.6,VHD6.96	JH4	6.186	92.857	True	False	True	False	False	False
ERR346596	ERR346596.68259	7183.19.36,VH7183.32b	JH2	75.000	100.000	True	False	True	False	False	False
ERR346596	ERR346596.68411	J558.17	JH3	47.917	100.000	True	False	True	False	False	False
ERR346596	ERR346596.68358	J558.2	JH3	92.784	84.615	False	True	False	True	False	False
ERR346596	ERR346596.68452	VH108A	JH2	38.144	100.000	True	False	True	False	False	False
ERR346596	ERR346596.68414	VH7183.a7.10	JH4	46.939	100.000	True	False	True	False	False	False
ERR346596	ERR346596.68495	ha24	JH2,JH3	38.462	100.000	True	False	True	False	False	False
ERR346596	ERR346596.68661	J558.5	JH4	94.898	81.250	False	True	False	True	False	False
ERR346596	ERR346596.68714	J558.35	JH4	93.750	66.667	False	True	False	True	False	False
ERR346596	ERR346596.68717	J558.h	JH4	82.292	93.750	True	False	True	False	False	False
ERR346596	ERR346596.68851	VHS107.a3.106	JH1	6.000	100.000	True	False	True	False	False	False
ERR346596	ERR346596.68848	VHSM7.a3.93	JH3	59.794	100.000	True	False	True	False	False	False
ERR346596	ERR346596.68885	VH7183.a4.6,VHD6.96	JH4	9.278	100.000	True	False	True	False	False	False
ERR346596	ERR346596.68977	cx9		62.500		True	False	True	False	False	False
ERR346596	ERR346596.68953	V11,VHS107.a3.106	JH1	81.000	100.000	True	False	True	False	False	False
ERR346596	ERR346596.69057	J558.52.145,J558.61.157,V3	JH2	55.208	93.333	True	False	True	False	False	False
ERR346596	ERR346596.69083	VHQ52.a27.79	JH4	29.167	94.118	True	False	True	False	False	False
ERR346596	ERR346596.69070	VHX24.a1.84	JH3	48.980	100.000	True	False	True	False	False	False
ERR346596	ERR346596.69093	J558.45	JH3	84.536	100.000	True	False	True	False	False	False
ERR346596	ERR346596.69189	MAI1,MBK2,PWK2		66.667		True	False	True	False	False	False
ERR346596	ERR346596.69210	J558.50	JH3	84.694	100.000	True	False	True	False	False	False
ERR346596	ERR346596.69257	J558.50	JH3	83.505	92.857	True	False	True	False	False	False
ERR346596	ERR346596.69252	VHQ52.a27.79,VOx-1	JH4	41.053	100.000	True	False	True	False	False	False
ERR346596	ERR346596.69411	J558.h	JH4	84.694	100.000	True	False	True	False	False	False
ERR346596	ERR346596.69459	VHQ52.a27.79,VOx-1	JH2	43.158	100.000	True	False	True	False	False	False
ERR346596	ERR346596.69535	36-60.4.66,36-60.6.70,36-60.8.74	JH1,JH4	71.429	100.000	True	False	True	False	False	False
ERR346596	ERR346596.69592	J558.89pg.195	JH3	56.989	100.000	True	False	True	False	False	False
ERR346596	ERR346596.69624	J558.45,J558.70pg.171,VH105	JH2	77.778	100.000	True	False	True	False	False	False
ERR346596	ERR346596.69623	J558.20	JH2	95.876	42.857	False	True	False	True	False	False
ERR346596	ERR346596.69675	VHA1	JH2	5.208	86.667	True	False	True	False	False	False
ERR346596	ERR346596.69671	VHSM7.a3.93	JH4	6.186	85.714	True	False	True	False	False	False
ERR346596	ERR346596.69732	J558.50	JH3	83.505	100.000	True	False	True	False	False	False
ERR346596	ERR346596.69738	VHQ52.a27.79,VOx-1	JH4	80.000	100.000	True	False	True	False	False	False
ERR346596	ERR346596.69945	J558.h	JH4	82.653	92.857	True	False	True	False	False	False
ERR346596	ERR346596.70034	J558.33	JH3	77.083	100.000	True	False	True	False	False	False
ERR346596	ERR346596.70186	J558.23	JH4	28.125	100.000	True	False	True	False	False	False
ERR346596	ERR346596.70175	J558.17	JH3	60.000	93.333	True	False	True	False	False	False
ERR346596	ERR346596.70238	J558.h	JH4	84.694	92.857	True	False	True	False	False	False
ERR346596	ERR346596.70246	V11,VHS107.a3.106	JH1	97.030	82.353	False	True	False	True	False	False
ERR346596	ERR346596.70355	J558.26.116,J558.5,J558.8	JH1	41.667	100.000	True	False	True	False	False	False
ERR346596	ERR346596.70409	J558.45	JH4	91.753	75.000	False	True	False	True	False	False
ERR346596	ERR346596.70361	J558.64.162,J558.74.176	JH2	56.701	100.000	True	False	True	False	False	False
ERR346596	ERR346596.70488	VHS107.a3.106	JH2	75.248	100.000	True	False	True	False	False	False
ERR346596	ERR346596.70404	J558.8	JH3	84.694	92.857	True	False	True	False	False	False
ERR346596	ERR346596.70470	Q52.7.18,VHQ52.a7.18	JH4	60.417	100.000	True	False	True	False	False	False
ERR346596	ERR346596.70527	J558.18A,J558.54,J558.83.189	JH1	50.000	100.000	True	False	True	False	False	False
ERR346596	ERR346596.70536	J558.1	JH2	38.144	100.000	True	False	True	False	False	False
ERR346596	ERR346596.70656	VHQ52.a27.79,VOx-1	JH4	82.292	100.000	True	False	True	False	False	False
ERR346596	ERR346596.70678	V11,VHS107.a3.106	JH2	46.535	100.000	True	False	True	False	False	False
ERR346596	ERR346596.70700	VHX24.a1.84	JH3	28.866	86.667	True	False	True	False	False	False
ERR346596	ERR346596.70707	VHSM7.a3.93	JH2	46.875	100.000	True	False	True	False	False	False
ERR346596	ERR346596.70690	VH7183.a19.31	JH4	16.495	100.000	True	False	True	False	False	False
ERR346596	ERR346596.70892	J558.48,J558.k	JH2,JH3	70.000	100.000	True	False	True	False	False	False
ERR346596	ERR346596.70901	J558.61.157,V3	JH2	9.278	100.000	True	False	True	False	False	False
ERR346596	ERR346596.71007	VHSM7.a3.93	JH2	98.980	46.667	False	True	False	True	False	False
ERR346596	ERR346596.71045	J558.2	JH4	27.551	92.308	True	False	True	False	False	False
ERR346596	ERR346596.71051	VH7183.a33.55	JH4	67.010	100.000	True	False	True	False	False	False
ERR346596	ERR346596.71091	J558.33,J558.77.180,J558.c	JH2,JH4	80.000	100.000	True	False	True	False	False	False
ERR346596	ERR346596.71177	J558.83.189	JH2	35.052	100.000	True	False	True	False	False	False
ERR346596	ERR346596.71143	VHX24.a1.84	JH3	65.979	100.000	True	False	True	False	False	False
ERR346596	ERR346596.71261	J558.40	JH2	72.917	100.000	True	False	True	False	False	False
ERR346596	ERR346596.71311	J558.54.148	JH3	15.464	91.667	True	False	True	False	False	False
ERR346596	ERR346596.71307	VH7183.9,VH7183.a15.24	JH1	29.592	100.000	True	False	True	False	False	False
ERR346596	ERR346596.71505	J558.23	JH4	71.875	100.000	True	False	True	False	False	False
ERR346596	ERR346596.71511	J558.39	JH3	50.515	100.000	True	False	True	False	False	False
ERR346596	ERR346596.71502	J558.h	JH4	82.292	93.750	True	False	True	False	False	False
ERR346596	ERR346596.71554	J558.50	JH3	84.694	100.000	True	False	True	False	False	False
ERR346596	ERR346596.71597	VH7183.a4.6,VHD6.96	JH4	44.330	100.000	True	False	True	False	False	False
ERR346596	ERR346596.71711	J558.5	JH3	84.694	100.000	True	False	True	False	False	False
ERR346596	ERR346596.71775	J558.45	JH4	14.433	100.000	True	False	True	False	False	False
ERR346596	ERR346596.71766	J558.h	JH4	82.474	92.857	True	False	True	False	False	False
ERR346596	ERR346596.71905	J558.33	JH4	32.292	100.000	True	False	True	False	False	False
ERR346596	ERR346596.71997	J558.h	JH4	84.694	92.857	True	False	True	False	False	False
ERR346596	ERR346596.72058	7183.2.3,VH7183.11,VH7183.1b		62.500		True	False	True	False	False	False
ERR346596	ERR346596.72066	VHSM7.a3.93	JH2	22.680	80.000	True	True	True	True	False	False
ERR346596	ERR346596.72094	V11,VHS107.a3.106	JH2	89.109	80.000	False	True	False	True	False	False
ERR346596	ERR346596.72388	VH61-1P,VH7183.a47.76	JH4	31.959	100.000	True	False	True	False	False	False
ERR346596	ERR346596.72457	VHQ52.a27.79,VOx-1	JH4	30.208	100.000	True	False	True	False	False	False
ERR346596	ERR346596.72408	VHQ52.a27.79,VOx-1	JH4	80.000	100.000	True	False	True	False	False	False
ERR346596	ERR346596.72540	VHS107.a3.106	JH1	41.584	100.000	True	False	True	False	False	False
ERR346596	ERR346596.72549	J558.h	JH4	83.673	92.857	True	False	True	False	False	False
ERR346596	ERR346596.72501	V11,VHS107.a3.106	JH1	49.505	100.000	True	False	True	False	False	False
ERR346596	ERR346596.72614	J558.17	JH4	42.708	100.000	True	False	True	False	False	False
ERR346596	ERR346596.72593	Q52.1pg.2,VHQ52.a1psi.2		62.500		True	False	True	False	False	False
ERR346596	ERR346596.72520	J558.50	JH3	80.612	100.000	True	False	True	False	False	False
ERR346596	ERR346596.72601	J558.44	JH2	3.125	100.000	True	False	True	False	False	False
ERR346596	ERR346596.72907	VHSM7.a3.93	JH2	57.732	100.000	True	False	True	False	False	False
ERR346596	ERR346596.73018	J558.5	JH4	93.878	81.250	False	True	False	True	False	False
ERR346596	ERR346596.73086	J558.50	JH3	84.536	100.000	True	False	True	False	False	False
ERR346596	ERR346596.73144	J558.15pg.105,J558.21pg.111	JH3	84.706	100.000	True	False	True	False	False	False
ERR346596	ERR346596.73184	VHSM7.a3.93	JH2	84.536	92.857	True	False	True	False	False	False
ERR346596	ERR346596.73236	J558.14pg.104	JH4	71.429	100.000	True	False	True	False	False	False
ERR346596	ERR346596.73235	J558.12	JH3	44.330	93.333	True	False	True	False	False	False
ERR346596	ERR346596.73200	J558.48,J558.k	JH2,JH3	70.000	100.000	True	False	True	False	False	False
ERR346596	ERR346596.73305	VH36-60.a1.85	JH2	6.250	100.000	True	False	True	False	False	False
ERR346596	ERR346596.73297	VH7183.9,VH7183.a15.24	JH4	6.186	100.000	True	False	True	False	False	False
ERR346596	ERR346596.73464	J558.64.162,J558.74.176	JH3	23.711	92.857	True	False	True	False	False	False
ERR346596	ERR346596.73496	VH36-60.a1.85	JH4	36.735	93.750	True	False	True	False	False	False
ERR346596	ERR346596.73480	J558.37	JH2	48.454	100.000	True	False	True	False	False	False
ERR346596	ERR346596.73479	VHS107.a3.106	JH1	98.020	50.000	False	True	False	True	False	False
ERR346596	ERR346596.73548	J558.50	JH3	84.375	100.000	True	False	True	False	False	False
ERR346596	ERR346596.73536	VHSM7.a3.93	JH2	51.042	100.000	True	False	True	False	False	False
ERR346596	ERR346596.73591	VH7183.a4.6,VHD6.96	JH4	42.268	92.857	True	False	True	False	False	False
ERR346596	ERR346596.73570	J558.54.148,J558.i	JH3	42.708	91.667	True	False	True	False	False	False
ERR346596	ERR346596.73598	J558.45	JH3	12.371	100.000	True	False	True	False	False	False
ERR346596	ERR346596.73574	J558.h	JH4	84.694	92.857	True	False	True	False	False	False
ERR346596	ERR346596.73701	VH36-60,VH36-60.a8.117,VH36-60.a9.121#	JH3	70.000	100.000	True	False	True	False	False	False
ERR346596	ERR346596.73710	J558.50	JH3	83.673	100.000	True	False	True	False	False	False
ERR346596	ERR346596.73749	J558.h	JH4	84.211	100.000	True	False	True	False	False	False
ERR346596	ERR346596.73757	J558.83.189	JH2	83.505	100.000	True	False	True	False	False	False
ERR346596	ERR346596.73725	VHQ52.a27.79,VOx-1	JH4	20.833	92.857	True	False	True	False	False	False
ERR346596	ERR346596.73847	3:3.9,7183.2.3,7183.20.37	JH1	75.000	100.000	True	False	True	False	False	False
ERR346596	ERR346596.73978	J558.h	JH4	84.694	92.857	True	False	True	False	False	False
ERR346596	ERR346596.74123	VHSM7.a3.93	JH4	34.021	100.000	True	False	True	False	False	False
ERR346596	ERR346596.74140	J558.19.109,J558.37.127		15.625		True	False	True	False	False	False
ERR346596	ERR346596.74162	J558.l	JH4	95.876	33.333	False	True	False	True	False	False
ERR346596	ERR346596.74315	VHSM7.a3.93	JH3	32.990	100.000	True	False	True	False	False	False
ERR346596	ERR346596.74364	VH36-60.a1.85	JH1	17.526	100.000	True	False	True	False	False	False
ERR346596	ERR346596.74476	J558.26.116	JH1	75.000	93.750	True	False	True	False	False	False
ERR346596	ERR346596.74416	J558.h	JH4	84.694	92.857	True	False	True	False	False	False
ERR346596	ERR346596.74536	J558.24,J558.80.186		66.667		True	False	True	False	False	False
ERR346596	ERR346596.74512	J558.54.148,J558.i	JH3	7.609	91.667	True	False	True	False	False	False
ERR346596	ERR346596.74674	VHS107.a3.106	JH1	49.505	100.000	True	False	True	False	False	False
ERR346596	ERR346596.74700	J558.f	JH1	53.608	100.000	True	False	True	False	False	False
ERR346596	ERR346596.74696	J558.17	JH3	6.316	100.000	True	False	True	False	False	False
ERR346596	ERR346596.74745	VHSM7.a1.83	JH4	7.143	100.000	True	False	True	False	False	False
ERR346596	ERR346596.74767	J558.70pg.171,J558.n	JH3	70.833	92.308	True	False	True	False	False	False
ERR346596	ERR346596.74787	J558.18	JH4	95.833	37.500	False	True	False	True	False	False
ERR346596	ERR346596.74804	J558.44	JH1	100.000	46.667	False	True	False	True	False	False
ERR346596	ERR346596.74790	J558.50	JH3	83.673	100.000	True	False	True	False	False	False
ERR346596	ERR346596.74902	VH7183.a4.6,VHD6.96	JH4	35.052	100.000	True	False	True	False	False	False
ERR346596	ERR346596.74981	J558.h	JH4	84.694	92.857	True	False	True	False	False	False
ERR346596	ERR346596.75012	J558.21pg.111,J558.25pg.115	JH3	84.694	100.000	True	False	True	False	False	False
ERR346596	ERR346596.75050	J558.h	JH4	83.505	100.000	True	False	True	False	False	False
ERR346596	ERR346596.75043	J558.45	JH1	9.278	100.000	True	False	True	False	False	False
ERR346596	ERR346596.75106	J558.19	JH2	47.917	100.000	True	False	True	False	False	False
ERR346596	ERR346596.75168	V11,VHS107.a3.106	JH1	48.515	100.000	True	False	True	False	False	False
ERR346596	ERR346596.75251	VHQ52.a27.79,VOx-1	JH4	7.292	100.000	True	False	True	False	False	False
ERR346596	ERR346596.75308	VHQ52.a27.79	JH1	83.505	100.000	True	False	True	False	False	False
ERR346596	ERR346596.75292	J558.h	JH1	39.583	100.000	True	False	True	False	False	False
ERR346596	ERR346596.75351	J558.50	JH3	84.783	100.000	True	False	True	False	False	False
ERR346596	ERR346596.75462	J558.70pg.171,J558.n	JH3	27.835	92.308	True	False	True	False	False	False
ERR346596	ERR346596.75470	J558.20	JH3	38.144	100.000	True	False	True	False	False	False
ERR346596	ERR346596.75493	J558.45	JH2	38.144	100.000	True	False	True	False	False	False
ERR346596	ERR346596.75524	VHQ52.a27.79,VOx-1	JH2	71.875	100.000	True	False	True	False	False	False
ERR346596	ERR346596.75679	J558.5	JH4	93.814	81.250	False	True	False	True	False	False
ERR346596	ERR346596.75596	VH36-60.a2.90	JH4	96.739	82.353	False	True	False	True	False	False
ERR346596	ERR346596.75721	J558.13,J558.54.148	JH4	33.333	100.000	True	False	True	False	False	False
ERR346596	ERR346596.75735	J606.4.82		50.000		True	False	True	False	False	False
ERR346596	ERR346596.75765	J558.48	JH2	51.579	100.000	True	False	True	False	False	False
ERR346596	ERR346596.75865	VH36-60.a2.90	JH1	12.245	100.000	True	False	True	False	False	False
ERR346596	ERR346596.75777	VHQ52.a27.79	JH1	81.250	100.000	True	False	True	False	False	False
ERR346596	ERR346596.75946	J558.15	JH4	100.000	81.250	False	True	False	True	False	False
ERR346596	ERR346596.75992	J558.64.162,J558.74.176	JH3	8.247	100.000	True	False	True	False	False	False
ERR346596	ERR346596.76085	VHSM7.a3.93	JH2	23.711	100.000	True	False	True	False	False	False
ERR346596	ERR346596.76104	J558.1	JH1	79.167	87.500	True	False	True	False	False	False
ERR346596	ERR346596.76175	J558.70pg.171,J558.n	JH4	18.557	100.000	True	False	True	False	False	False
ERR346596	ERR346596.76159	VHQ52.a22.67	JH1	64.583	100.000	True	False	True	False	False	False
ERR346596	ERR346596.76241	V11,VHS107.a3.106	JH2	5.000	92.857	True	False	True	False	False	False
ERR346596	ERR346596.76288	VHQ52.a27.79	JH1	58.333	100.000	True	False	True	False	False	False
ERR346596	ERR346596.76383	J558.17	JH2	91.579	78.571	False	True	False	True	False	False
ERR346596	ERR346596.76459	J558.h	JH4	83.673	92.857	True	False	True	False	False	False
ERR346596	ERR346596.76478	VH7183.a35.57	JH2	54.082	100.000	True	False	True	False	False	False
ERR346596	ERR346596.76475	J558.f	JH2	25.773	100.000	True	False	True	False	False	False
ERR346596	ERR346596.76319	VH36-60.a2.90	JH4	9.375	87.500	True	False	True	False	False	False
ERR346596	ERR346596.76603	VH50.1,VH7183.5b,VH7183.a13.20	JH2	46.939	100.000	True	False	True	False	False	False
ERR346596	ERR346596.76568	VH36-60.a1.85	JH4	13.402	100.000	True	False	True	False	False	False
ERR346596	ERR346596.76581	J558.17	JH3	65.263	100.000	True	False	True	False	False	False
ERR346596	ERR346596.76616	Vh10.2a	JH4	53.535	94.118	True	False	True	False	False	False
ERR346596	ERR346596.76885	VHQ52.a27.79	JH2	79.167	100.000	True	False	True	False	False	False
ERR346596	ERR346596.76905	J558.20	JH1	80.208	93.333	True	False	True	False	False	False
ERR346596	ERR346596.76906	J558.20	JH1	29.167	93.333	True	False	True	False	False	False
ERR346596	ERR346596.77047	J558.29	JH4	67.010	100.000	True	False	True	False	False	False
ERR346596	ERR346596.77146	J558.12.102	JH2	84.694	100.000	True	False	True	False	False	False
ERR346596	ERR346596.77212	J558.64.162,J558.74.176	JH1	47.423	100.000	True	False	True	False	False	False
ERR346596	ERR346596.77463	VHQ52.a27.79,VOx-1	JH4	79.570	100.000	True	False	True	False	False	False
ERR346596	ERR346596.77561	VHSM7.a3.93	JH1	90.722	46.667	False	True	False	True	False	False
ERR346596	ERR346596.77546	SM7.1.44,SM7.2.49,VHSM7.a3.93	JH2	80.000	100.000	True	False	True	False	False	False
ERR346596	ERR346596.77643	J558.h	JH4	84.694	92.857	True	False	True	False	False	False
ERR346596	ERR346596.77677	J558.32	JH2	53.333	100.000	True	False	True	False	False	False
ERR346596	ERR346596.77693	J558.48,J558.k	JH2,JH3	70.000	100.000	True	False	True	False	False	False
ERR346596	ERR346596.77749	J558.h	JH4	83.673	92.857	True	False	True	False	False	False
ERR346596	ERR346596.77781	J558.16	JH2	47.917	93.333	True	False	True	False	False	False
ERR346596	ERR346596.77810	J558.21pg.111,J558.25pg.115	JH3	84.694	100.000	True	False	True	False	False	False
ERR346596	ERR346596.77889	J558.20	JH1	6.186	100.000	True	False	True	False	False	False
ERR346596	ERR346596.77975	J558.64.162,J558.74.176	JH3	50.515	100.000	True	False	True	False	False	False
ERR346596	ERR346596.77956	VHQ52.a27.79	JH1	12.500	100.000	True	False	True	False	False	False
ERR346596	ERR346596.78084	VH61-1P,VH7183.a47.76	JH4	93.878	25.000	False	True	False	True	False	False
ERR346596	ERR346596.78059	VH7183.9,VH7183.a15.24	JH4	18.557	100.000	True	False	True	False	False	False
ERR346596	ERR346596.78064	J558.l	JH3	27.368	100.000	True	False	True	False	False	False
ERR346596	ERR346596.78119	J558.14pg.104		71.429		True	False	True	False	False	False
ERR346596	ERR346596.78161	J558.17	JH2	91.579	78.571	False	True	False	True	False	False
ERR346596	ERR346596.78294	J558.5	JH4	91.837	81.250	False	True	False	True	False	False
ERR346596	ERR346596.78274	J558.55.149	JH2	38.776	100.000	True	False	True	False	False	False
ERR346596	ERR346596.78332	J558.39	JH3	94.565	69.231	False	True	False	True	False	False
ERR346596	ERR346596.78367	J558.2	JH3	88.542	61.538	False	True	False	True	False	False
ERR346596	ERR346596.78298	J558.h	JH4	82.474	100.000	True	False	True	False	False	False
ERR346596	ERR346596.78530	J558.64.162,J558.74.176	JH3	15.464	100.000	True	False	True	False	False	False
ERR346596	ERR346596.78460	VHQ52.a27.79	JH2	76.289	84.615	True	True	True	True	False	False
ERR346596	ERR346596.78632	VHSM7.a1.83	JH4	15.625	100.000	True	False	True	False	False	False
ERR346596	ERR346596.78600	J558.70pg.171,J558.n	JH4	6.250	100.000	True	False	True	False	False	False
ERR346596	ERR346596.78669	J558.50	JH3	82.653	100.000	True	False	True	False	False	False
ERR346596	ERR346596.78662	J558.h	JH4	81.443	92.857	True	False	True	False	False	False
ERR346596	ERR346596.78684	J558.2	JH4	36.735	92.308	True	False	True	False	False	False
ERR346596	ERR346596.78772	VHSM7.a4.108	JH3	7.292	100.000	True	False	True	False	False	False
ERR346596	ERR346596.78835	VHQ52.a27.79	JH3	77.320	92.857	True	False	True	False	False	False
ERR346596	ERR346596.78899	VHA1	JH4	78.351	100.000	True	False	True	False	False	False
ERR346596	ERR346596.78921	J558.70pg.171	JH4	52.083	100.000	True	False	True	False	False	False
ERR346596	ERR346596.78975	VHQ52.a27.79	JH1	31.250	100.000	True	False	True	False	False	False
ERR346596	ERR346596.79005	J558.h	JH4	84.694	92.857	True	False	True	False	False	False
ERR346596	ERR346596.79026	J558.h	JH2	84.536	100.000	True	False	True	False	False	False
ERR346596	ERR346596.79046	VHQ52.a23.68	JH2	76.923	100.000	True	False	True	False	False	False
ERR346596	ERR346596.79059	J558.32	JH4	53.684	100.000	True	False	True	False	False	False
ERR346596	ERR346596.79108	J558.44	JH2	39.362	100.000	True	False	True	False	False	False
ERR346596	ERR346596.79149	V11,VHS107.a3.106	JH2	66.337	100.000	True	False	True	False	False	False
ERR346596	ERR346596.79315	VHSM7.a3.93	JH2	83.505	100.000	True	False	True	False	False	False
ERR346596	ERR346596.79432	Q52.1pg.2,VHQ52.a1psi.2		62.500		True	False	True	False	False	False
ERR346596	ERR346596.79443	J558.50	JH3	6.250	100.000	True	False	True	False	False	False
ERR346596	ERR346596.79540	VHS107.a3.106	JH1	48.515	100.000	True	False	True	False	False	False
ERR346596	ERR346596.79561	S107.3.62,V11,VH7183.a31psi.53	JH1	77.778	100.000	True	False	True	False	False	False
ERR346596	ERR346596.79632	Q52.1pg.2,VHQ52.a1psi.2		62.500		True	False	True	False	False	False
ERR346596	ERR346596.79708	J558.21pg.111,J558.25pg.115	JH3	84.694	100.000	True	False	True	False	False	False
ERR346596	ERR346596.79841	VHSM7.a3.93	JH2	27.835	100.000	True	False	True	False	False	False
ERR346596	ERR346596.79900	VHQ52.a27.79	JH1	81.443	100.000	True	False	True	False	False	False
ERR346596	ERR346596.79913	VHQ52.a22.67	JH4	12.500	100.000	True	False	True	False	False	False
ERR346596	ERR346596.80022	VHS107.a3.106	JH1	6.931	100.000	True	False	True	False	False	False
ERR346596	ERR346596.80074	J558.8	JH2	7.216	100.000	True	False	True	False	False	False
ERR346596	ERR346596.80094	VHQ52.a27.79	JH1	11.458	100.000	True	False	True	False	False	False
ERR346596	ERR346596.80296	VH7183.a4.6,VHD6.96	JH4	39.175	100.000	True	False	True	False	False	False
ERR346596	ERR346596.80313	VHQ52.a2.4	JH2	28.866	100.000	True	False	True	False	False	False
ERR346596	ERR346596.80350	J606.4.82		50.000		True	False	True	False	False	False
ERR346596	ERR346596.80345	VHSM7.a3.93	JH3	52.577	100.000	True	False	True	False	False	False
ERR346596	ERR346596.80414	J558.h	JH4	82.979	93.750	True	False	True	False	False	False
ERR346596	ERR346596.80396	J558.38pg.128	JH2	72.727	100.000	True	False	True	False	False	False
ERR346596	ERR346596.80305	19-13,19-14,19-15		83.333		True	False	True	False	False	False
ERR346596	ERR346596.80446	VHSM7.a3.93	JH2	7.292	100.000	True	False	True	False	False	False
ERR346596	ERR346596.80454	SM7.3.54		66.667		True	False	True	False	False	False
ERR346596	ERR346596.80421	J558.17	JH2	43.158	100.000	True	False	True	False	False	False
ERR346596	ERR346596.80453	VHSM7.a3.93	JH4	10.417	100.000	True	False	True	False	False	False
ERR346596	ERR346596.80514	J558.45	JH4	31.250	100.000	True	False	True	False	False	False
ERR346596	ERR346596.80553	J558.h	JH4	82.474	92.857	True	False	True	False	False	False
ERR346596	ERR346596.80629	MAI1,MBK2,PWK1	JL2,JL3	16.667	50.000	True	True	True	True	False	False
ERR346596	ERR346596.80643	J558.29	JH4	74.737	100.000	True	False	True	False	False	False
ERR346596	ERR346596.80691	Q52.3.8,VHQ52.a3.8	JH1	51.579	100.000	True	False	True	False	False	False
ERR346596	ERR346596.80679	H13-3	JH4	2.083	100.000	True	False	True	False	False	False
ERR346596	ERR346596.80740	J558.1	JH2	100.000	35.714	False	True	False	True	False	False
ERR346596	ERR346596.80820	J558.29	JH2	55.102	100.000	True	False	True	False	False	False
ERR346596	ERR346596.80889	J558.46	JH4	44.330	87.500	True	False	True	False	False	False
ERR346596	ERR346596.80894	J558.21pg.111,J558.25pg.115	JH3	83.505	100.000	True	False	True	False	False	False
ERR346596	ERR346596.80945	J558.8	JH3	84.694	100.000	True	False	True	False	False	False
ERR346596	ERR346596.80934	J558.5	JH4	95.918	82.353	False	True	False	True	False	False
ERR346596	ERR346596.81085	J558.29	JH4	55.670	100.000	True	False	True	False	False	False
ERR346596	ERR346596.81192	J558.h	JH4	84.536	93.750	True	False	True	False	False	False
ERR346596	ERR346596.81214	Q52.3.8,VHQ52.a3.8		50.000		True	False	True	False	False	False
ERR346596	ERR346596.81234	J558.41pg.131		83.333		True	False	True	False	False	False
ERR346596	ERR346596.81186	VHSM7.a3.93	JH3	56.701	100.000	True	False	True	False	False	False
ERR346596	ERR346596.81264	J558.h	JH4	84.694	92.857	True	False	True	False	False	False
ERR346596	ERR346596.81321	J558.50	JH3	84.694	69.231	True	True	True	True	False	False
ERR346596	ERR346596.81464	J558.h	JH4	82.474	92.857	True	False	True	False	False	False
ERR346596	ERR346596.81387	MAI1,MBK2,PWK2		66.667		True	False	True	False	False	False
ERR346596	ERR346596.81468	VHQ52.a19.61	JH2	47.917	100.000	True	False	True	False	False	False
ERR346596	ERR346596.81435	H13-3	JH2	4.167	100.000	True	False	True	False	False	False
ERR346596	ERR346596.81553	J558.5	JH4	94.898	81.250	False	True	False	True	False	False
ERR346596	ERR346596.81563	VHQ52.a27.79	JH1	16.495	100.000	True	False	True	False	False	False
ERR346596	ERR346596.81516	3:3.9,7183.7.10,VH7183.a7.10	JH2	97.938	80.000	False	True	False	True	False	False
ERR346596	ERR346596.81670	V102	JH4	82.292	93.750	True	False	True	False	False	False
ERR346596	ERR346596.81685	VHQ52.a27.79	JH1	43.299	100.000	True	False	True	False	False	False
ERR346596	ERR346596.81634	VHSM7.a3.93	JH4	92.857	80.000	False	True	False	True	False	False
ERR346596	ERR346596.81607	V11,VHS107.a3.106	JH1	44.000	100.000	True	False	True	False	False	False
ERR346596	ERR346596.81700	J558.h	JH4	83.505	93.750	True	False	True	False	False	False
ERR346596	ERR346596.81886	VHQ52.a27.79,VOx-1	JH4	58.947	100.000	True	False	True	False	False	False
ERR346596	ERR346596.82007	VHQ52.a23.68	JH2	69.231	100.000	True	False	True	False	False	False
ERR346596	ERR346596.82087	J558.37.127	JH4	65.979	100.000	True	False	True	False	False	False
ERR346596	ERR346596.82090	J558.83.189	JH2	96.939	33.333	False	True	False	True	False	False
ERR346596	ERR346596.82249	J558.l	JH4	43.299	93.333	True	False	True	False	False	False
ERR346596	ERR346596.82465	J558.2	JH3	89.011	84.615	False	True	False	True	False	False
ERR346596	ERR346596.82485	J558.5	JH4	94.898	81.250	False	True	False	True	False	False
ERR346596	ERR346596.82412	J558.49	JH1,JH2,JH3	77.778	100.000	True	False	True	False	False	False
ERR346596	ERR346596.82524	VHSM7.a3.93	JH2	83.333	100.000	True	False	True	False	False	False
ERR346596	ERR346596.82573	J558.50	JH3	83.505	100.000	True	False	True	False	False	False
ERR346596	ERR346596.82541	VH36-60.a2.90	JH4	96.875	82.353	False	True	False	True	False	False
ERR346596	ERR346596.82662	J558.45	JH4	14.583	100.000	True	False	True	False	False	False
ERR346596	ERR346596.82699	VHQ52.a27.79	JH1	81.250	100.000	True	False	True	False	False	False
ERR346596	ERR346596.82697	J558.52	JH2	71.134	100.000	True	False	True	False	False	False
ERR346596	ERR346596.82792	J558.13,J558.54.148	JH4	16.495	100.000	True	False	True	False	False	False
ERR346596	ERR346596.82812	VHQ52.a27.79,VOx-1	JH4	27.368	100.000	True	False	True	False	False	False
ERR346596	ERR346596.82856	VHSM7.a3.93	JH2	56.701	100.000	True	False	True	False	False	False
ERR346596	ERR346596.82906	VHSM7.a3.93	JH3	75.258	92.308	True	False	True	False	False	False
ERR346596	ERR346596.82954	J558.64.162,J558.74.176	JH3	61.856	100.000	True	False	True	False	False	False
ERR346596	ERR346596.83099	J558.55.149	JH2	6.122	100.000	True	False	True	False	False	False
ERR346596	ERR346596.83189	VHS107.a3.106	JH1	47.000	100.000	True	False	True	False	False	False
ERR346596	ERR346596.83184	VHQ52.a27.79	JH1	81.250	100.000	True	False	True	False	False	False
ERR346596	ERR346596.83244	VHQ52.a27.79,VOx-1	JH4	69.474	92.857	True	False	True	False	False	False
ERR346596	ERR346596.83502	VHSM7.a3.93	JH2	8.333	100.000	True	False	True	False	False	False
ERR346596	ERR346596.83508	VHSM7.a3.93	JH2	25.000	100.000	True	False	True	False	False	False
ERR346596	ERR346596.83587	J558.79.184	JH4	80.208	87.500	True	False	True	False	False	False
ERR346596	ERR346596.83557	VH7183.a19.31	JH4	21.649	100.000	True	False	True	False	False	False
ERR346596	ERR346596.83647	3:3.9,7183.7.10,VH7183.7b	JH2	98.969	80.000	False	True	False	True	False	False
ERR346596	ERR346596.83734	J558.50	JH3	81.443	100.000	True	False	True	False	False	False
ERR346596	ERR346596.83721	VH50.1,VH7183.a13.20	JH2	30.612	100.000	True	False	True	False	False	False
ERR346596	ERR346596.83752	J558.50	JH3	82.474	100.000	True	False	True	False	False	False
ERR346596	ERR346596.83770	J558.l	JH4	68.750	93.333	True	False	True	False	False	False
ERR346596	ERR346596.83796	VHSM7.a3.93	JH3	100.000	69.231	False	True	False	True	False	False
ERR346596	ERR346596.83846	3:3.9,7183.7.10,VH7183.7b	JH2	18.280	93.333	True	False	True	False	False	False
ERR346596	ERR346596.84055	J558.50	JH3	83.673	100.000	True	False	True	False	False	False
ERR346596	ERR346596.84090	J558.45	JH2	4.167	100.000	True	False	True	False	False	False
ERR346596	ERR346596.84160	J606.4.82	JH2	46.316	100.000	True	False	True	False	False	False
ERR346596	ERR346596.84237	J558.19.109,J558.37.127		15.625		True	False	True	False	False	False
ERR346596	ERR346596.84264	Q52.3.8,VHQ52.a3.8	JH3	78.125	100.000	True	False	True	False	False	False
ERR346596	ERR346596.84302	J558.17	JH4	37.895	93.333	True	False	True	False	False	False
ERR346596	ERR346596.84430	VHSM7.a3.93	JH2	82.474	100.000	True	False	True	False	False	False
ERR346596	ERR346596.84397	VHSM7.a1.83	JH4	61.458	100.000	True	False	True	False	False	False
ERR346596	ERR346596.84637	VHQ52.a27.79,VOx-1	JH2	59.375	100.000	True	False	True	False	False	False
ERR346596	ERR346596.84648	VH36-60.a2.90	JH3	5.155	100.000	True	False	True	False	False	False
ERR346596	ERR346596.84660	J558.50	JH3	82.474	100.000	True	False	True	False	False	False
ERR346596	ERR346596.84646	VHQ52.a27.79	JH1	40.625	100.000	True	False	True	False	False	False
ERR346596	ERR346596.84887	J558.54.148	JH3	78.351	91.667	True	False	True	False	False	False
ERR346596	ERR346596.84852	J558.27pg.117	JH4	10.638	100.000	True	False	True	False	False	False
ERR346596	ERR346596.85229	J558.h	JH4	83.158	100.000	True	False	True	False	False	False
ERR346596	ERR346596.85244	VHSM7.a3.93	JH2	58.763	100.000	True	False	True	False	False	False
ERR346596	ERR346596.85304	J558.17	JH2	41.667	100.000	True	False	True	False	False	False
ERR346596	ERR346596.85396	V11,VHS107.a3.106	JH1	11.000	100.000	True	False	True	False	False	False
ERR346596	ERR346596.85350	J558.35	JH4	97.917	40.000	False	True	False	True	False	False
ERR346596	ERR346596.85368	J558.1.85	JH2	60.000	100.000	True	False	True	False	False	False
ERR346596	ERR346596.85510	Q52.3.8,VHQ52.a3.8	JH4	81.053	93.750	True	False	True	False	False	False
ERR346596	ERR346596.85500	J558.49,J558.f,VH104B	JH2	77.778	100.000	True	False	True	False	False	False
ERR346596	ERR346596.85512	J558.15	JH3	5.208	100.000	True	False	True	False	False	False
ERR346596	ERR346596.85613	J558.79.184,J558.h	JH4	84.694	100.000	True	False	True	False	False	False
ERR346596	ERR346596.85623	J558.45	JH3	40.625	100.000	True	False	True	False	False	False
ERR346596	ERR346596.85579	SM7.1.44,SM7.2.49,VHSM7.a3.93	JH2	80.000	100.000	True	False	True	False	False	False
ERR346596	ERR346596.85732	J558.4	JH2	60.825	100.000	True	False	True	False	False	False
ERR346596	ERR346596.85773	VHSM7.a3.93	JH3	57.732	100.000	True	False	True	False	False	False
ERR346596	ERR346596.85753	J558.17	JH3	6.250	100.000	True	False	True	False	False	False
ERR346596	ERR346596.85967	VHSM7.a3.93	JH3	6.186	100.000	True	False	True	False	False	False
ERR346596	ERR346596.85908	J558.33	JH3	30.928	100.000	True	False	True	False	False	False
ERR346596	ERR346596.85995	J558.50	JH3	83.505	100.000	True	False	True	False	False	False
ERR346596	ERR346596.85993	J558.54.148	JH3	94.898	83.333	False	True	False	True	False	False
ERR346596	ERR346596.86103	J558.1	JH4	81.250	100.000	True	False	True	False	False	False
ERR346596	ERR346596.86211	VHQ52.a27.79	JH2	92.784	84.615	False	True	False	True	False	False
ERR346596	ERR346596.86299	V1,VHS107.a1.81	JH2	82.353	75.000	True	True	True	True	False	False
ERR346596	ERR346596.86269	VHQ52.a2.4	JH1	97.917	75.000	False	True	False	True	False	False
ERR346596	ERR346596.86434	J558.50	JH3	84.375	100.000	True	False	True	False	False	False
ERR346596	ERR346596.86530	VHSM7.a3.93	JH2	96.939	30.769	False	True	False	True	False	False
ERR346596	ERR346596.86578	J558.40	JH2	59.375	100.000	True	False	True	False	False	False
ERR346596	ERR346596.86658	VHSM7.a4.108	JH3	56.842	100.000	True	False	True	False	False	False
ERR346596	ERR346596.86674	J558.5	JH4	94.845	75.000	False	True	False	True	False	False
ERR346596	ERR346596.86714	J558.45	JH4	64.948	100.000	True	False	True	False	False	False
ERR346596	ERR346596.86810	VH7183.a7.10	JH4	29.592	100.000	True	False	True	False	False	False
ERR346596	ERR346596.86956	J558.54.148,J558.i	JH3	11.458	91.667	True	False	True	False	False	False
ERR346596	ERR346596.87005	J558.45	JH4	91.753	82.353	False	True	False	True	False	False
ERR346596	ERR346596.87041	J558.45	JH3	53.608	100.000	True	False	True	False	False	False
ERR346596	ERR346596.87063	H13-3	JH2	74.227	100.000	True	False	True	False	False	False
ERR346596	ERR346596.87075	J558.50	JH3	84.536	100.000	True	False	True	False	False	False
ERR346596	ERR346596.87017	J558.68pg.168	JH2	75.000	100.000	True	False	True	False	False	False
ERR346596	ERR346596.87092	3:3.9,7183.7.10,VH7183.a7.10	JH1	96.907	60.000	False	True	False	True	False	False
ERR346596	ERR346596.87128	J558.17	JH2	54.167	100.000	True	False	True	False	False	False
ERR346596	ERR346596.87167	J558.50	JH3	83.673	100.000	True	False	True	False	False	False
ERR346596	ERR346596.87250	V11,VHS107.a3.106	JH2	84.158	100.000	True	False	True	False	False	False
ERR346596	ERR346596.87383	J558.h	JH4	82.105	100.000	True	False	True	False	False	False
ERR346596	ERR346596.87398	VH7183.a4.6,VHD6.96	JH4	43.299	100.000	True	False	True	False	False	False
ERR346596	ERR346596.87476	J558.50	JH3	83.516	100.000	True	False	True	False	False	False
ERR346596	ERR346596.87453	J558.12	JH2	52.083	92.308	True	False	True	False	False	False
ERR346596	ERR346596.87510	VHQ52.a27.79,VOx-1	JH4	59.375	100.000	True	False	True	False	False	False
ERR346596	ERR346596.87543	J558.12	JH4	4.167	100.000	True	False	True	False	False	False
ERR346596	ERR346596.87623	VHA1	JH4	20.213	100.000	True	False	True	False	False	False
ERR346596	ERR346596.87642	VH108A	JH2	45.833	100.000	True	False	True	False	False	False
ERR346596	ERR346596.87563	J558.44	JH4	57.292	93.333	True	False	True	False	False	False
ERR346596	ERR346596.87638	J558.35	JH4	16.667	100.000	True	False	True	False	False	False
ERR346596	ERR346596.87724	bb1,bb1.1,cr1	JK3	60.000	100.000	True	False	True	False	False	False
ERR346596	ERR346596.87781	J558.37,J558.38,J558.39		80.000		True	False	True	False	False	False
ERR346596	ERR346596.87800	J558.89pg.195	JH3	59.794	100.000	True	False	True	False	False	False
ERR346596	ERR346596.87819	VH7183.a28.48	JH4	21.429	100.000	True	False	True	False	False	False
ERR346596	ERR346596.87787	S107.3.62,V11,VHS107.a2psi.82	JH1	66.667	100.000	True	False	True	False	False	False
ERR346596	ERR346596.87815	J558.39	JH3	34.737	100.000	True	False	True	False	False	False
ERR346596	ERR346596.87840	V1,VHS107.a1.81	JH2	32.000	100.000	True	False	True	False	False	False
ERR346596	ERR346596.87853	J558.64.162,J558.74.176	JH3	56.250	100.000	True	False	True	False	False	False
ERR346596	ERR346596.87973	J558.h	JH4	83.505	93.750	True	False	True	False	False	False
ERR346596	ERR346596.87940	SM7.1.44,SM7.2.49,VHSM7.a3.93	JH2	77.778	100.000	True	False	True	False	False	False
ERR346596	ERR346596.87992	VH61-1P,VH7183.a47.76	JH4	12.371	100.000	True	False	True	False	False	False
ERR346596	ERR346596.88027	VHSM7.a3.93	JH3	45.833	100.000	True	False	True	False	False	False
ERR346596	ERR346596.88083	J558.54.148	JH3	27.835	91.667	True	False	True	False	False	False
ERR346596	ERR346596.88175	J558.70pg.171,J558.n	JH3	84.536	92.857	True	False	True	False	False	False
ERR346596	ERR346596.88201	J558.50	JH3	81.633	100.000	True	False	True	False	False	False
ERR346596	ERR346596.88248	J558.2	JH3	88.298	78.571	False	True	False	True	False	False
ERR346596	ERR346596.88265	J558.52	JH2	9.184	100.000	True	False	True	False	False	False
ERR346596	ERR346596.88287	VHA1	JH2	81.443	100.000	True	False	True	False	False	False
ERR346596	ERR346596.88355	VH7183.a7.10	JH4	91.837	69.231	False	True	False	True	False	False
ERR346596	ERR346596.88438	Q52.1pg.2,VHQ52.a1psi.2		62.500		True	False	True	False	False	False
ERR346596	ERR346596.88495	J558.5	JH4	92.784	81.250	False	True	False	True	False	False
ERR346596	ERR346596.88437	VHQ52.a27.79,VOx-1	JH4	70.526	100.000	True	False	True	False	False	False
ERR346596	ERR346596.88795	VHA1	JH2	98.980	80.000	False	True	False	True	False	False
ERR346596	ERR346596.88794	VH7183.a4.6,VHD6.96	JH4	96.907	80.000	False	True	False	True	False	False
ERR346596	ERR346596.88912	VH7183.a2.3	JH3	92.857	84.615	False	True	False	True	False	False
ERR346596	ERR346596.88934	J558.5	JH4	84.536	100.000	True	False	True	False	False	False
ERR346596	ERR346596.88943	J558.45	JH4	15.306	100.000	True	False	True	False	False	False
ERR346596	ERR346596.88995	VHSM7.a3.93	JH4	30.928	100.000	True	False	True	False	False	False
ERR346596	ERR346596.89009	J558.h	JH4	83.333	93.750	True	False	True	False	False	False
ERR346596	ERR346596.89097	VHS107.a3.106	JH1	48.515	100.000	True	False	True	False	False	False
ERR346596	ERR346596.89107	J558.50	JH3	82.653	100.000	True	False	True	False	False	False
ERR346596	ERR346596.89121	VHA1	JH2	98.969	80.000	False	True	False	True	False	False
ERR346596	ERR346596.89227	VHSM7.a1.83	JH4	67.347	100.000	True	False	True	False	False	False
ERR346596	ERR346596.89240	VHQ52.a27.79	JH1	27.083	100.000	True	False	True	False	False	False
ERR346596	ERR346596.89262	VH7183.a4.6,VHD6.96	JH4	5.208	92.857	True	False	True	False	False	False
ERR346596	ERR346596.89305	J558.89pg.195	JH3	59.184	100.000	True	False	True	False	False	False
ERR346596	ERR346596.89389	J558.19.109,J558.37.127	JH3	16.495	100.000	True	False	True	False	False	False
ERR346596	ERR346596.89416	J558.f	JH1	94.898	46.667	False	True	False	True	False	False
ERR346596	ERR346596.89462	VH7183.a4.6,VHD6.96	JH4	6.186	100.000	True	False	True	False	False	False
ERR346596	ERR346596.89455	VHQ52.a2.4	JH2	78.351	100.000	True	False	True	False	False	False
ERR346596	ERR346596.89392	J558.1	JH2	30.928	100.000	True	False	True	False	False	False
ERR346596	ERR346596.89490	J558.35	JH2	94.792	84.615	False	True	False	True	False	False
ERR346596	ERR346596.89496	J558.12.102	JH4	8.333	100.000	True	False	True	False	False	False
ERR346596	ERR346596.89637	J558.83.189	JH2	29.897	100.000	True	False	True	False	False	False
ERR346596	ERR346596.89595	J558.50	JH3	83.696	100.000	True	False	True	False	False	False
ERR346596	ERR346596.89653	J558.45	JH4	89.583	82.353	False	True	False	True	False	False
ERR346596	ERR346596.89801	VHSM7.a3.93	JH2	84.375	100.000	True	False	True	False	False	False
ERR346596	ERR346596.89731	J558.38pg.128	JH2	70.000	100.000	True	False	True	False	False	False
ERR346596	ERR346596.89807	VHX24.a1.84	JH4	77.551	93.750	True	False	True	False	False	False
ERR346596	ERR346596.89878	VH7183.a4.6,VHD6.96	JH4	36.082	92.857	True	False	True	False	False	False
ERR346596	ERR346596.89936	VH7183.a4.6,VHD6.96	JH3	40.206	100.000	True	False	True	False	False	False
ERR346596	ERR346596.89924	J558.27pg.117	JH4	10.638	100.000	True	False	True	False	False	False
ERR346596	ERR346596.90324	VH7183.a7.10	JH4	16.327	100.000	True	False	True	False	False	False
ERR346596	ERR346596.90438	J558.50	JH3	82.653	100.000	True	False	True	False	False	False
ERR346596	ERR346596.90620	J558.h	JH4	82.474	92.857	True	False	True	False	False	False
ERR346596	ERR346596.90637	36-60.8.74,VH36-60,VH36-60.a8.117	JH2	100.000	75.000	False	True	False	True	False	False
ERR346596	ERR346596.90670	VHQ52.a27.79,VOx-1	JH4	31.579	100.000	True	False	True	False	False	False
ERR346596	ERR346596.90671	J558.16.106	JH2	16.667	92.857	True	False	True	False	False	False
ERR346596	ERR346596.90792	7183.2.3,VH7183.1b,VH7183.a2.3		66.265		True	False	True	False	False	False
ERR346596	ERR346596.90861	VH7183.a37.59	JH2	7.216	100.000	True	False	True	False	False	False
ERR346596	ERR346596.90871	Q52.1pg.2,VHQ52.a1psi.2		62.500		True	False	True	False	False	False
ERR346596	ERR346596.90914	V1,VHS107.a1.81	JH4	89.583	84.615	False	True	False	True	False	False
ERR346596	ERR346596.90905	J558.50	JH3	81.633	100.000	True	False	True	False	False	False
ERR346596	ERR346596.91009	Vh10.2a	JH3	75.758	100.000	True	False	True	False	False	False
ERR346596	ERR346596.90983	J558.h	JH4	81.250	93.750	True	False	True	False	False	False
ERR346596	ERR346596.91156	J558.45	JH2	15.464	100.000	True	False	True	False	False	False
ERR346596	ERR346596.91193	VH7183.a4.6,VHD6.96	JH4	41.237	92.857	True	False	True	False	False	False
ERR346596	ERR346596.91170	J558.h	JH4	84.694	100.000	True	False	True	False	False	False
ERR346596	ERR346596.91260	VHA1	JH2	97.959	80.000	False	True	False	True	False	False
ERR346596	ERR346596.91298	J558.21pg.111,J558.25pg.115	JH3	83.505	100.000	True	False	True	False	False	False
ERR346596	ERR346596.91324	J558.45	JH4	25.773	100.000	True	False	True	False	False	False
ERR346596	ERR346596.91400	J558.47	JH3	94.898	50.000	False	True	False	True	False	False
ERR346596	ERR346596.91398	J558.83.189	JH4	94.737	42.857	False	True	False	True	False	False
ERR346596	ERR346596.91489	J558.89pg.195	JH3	61.224	100.000	True	False	True	False	False	False
ERR346596	ERR346596.91478	VH36-60.a1.85	JH2	6.250	100.000	True	False	True	False	False	False
ERR346596	ERR346596.91425	J558.17	JH2	80.208	92.308	True	False	True	False	False	False
ERR346596	ERR346596.91631	J558.5	JH4	92.391	81.250	False	True	False	True	False	False
ERR346596	ERR346596.91619	J558.38pg.128	JH2	70.000	100.000	True	False	True	False	False	False
ERR346596	ERR346596.91684	J558.f,VH104B		80.000		True	False	True	False	False	False
ERR346596	ERR346596.91773	J558.45	JH4	90.625	82.353	False	True	False	True	False	False
ERR346596	ERR346596.92008	VHQ52.a27.79	JH2	69.072	92.308	True	False	True	False	False	False
ERR346596	ERR346596.92014	J558.50	JH3	83.505	100.000	True	False	True	False	False	False
ERR346596	ERR346596.92074	VH7183.a7.10	JH4	57.732	100.000	True	False	True	False	False	False
ERR346596	ERR346596.92139	VHQ52.a27.79	JH2	77.320	100.000	True	False	True	False	False	False
ERR346596	ERR346596.92174	J558.5	JH4	91.753	81.250	False	True	False	True	False	False
ERR346596	ERR346596.92182	J558.h	JH3	80.412	100.000	True	False	True	False	False	False
ERR346596	ERR346596.92097	VHSM7.a3.93	JH2	24.742	100.000	True	False	True	False	False	False
ERR346596	ERR346596.92193	VHQ52.a27.79	JH1	72.917	100.000	True	False	True	False	False	False
ERR346596	ERR346596.92215	J558.50	JH3	82.653	100.000	True	False	True	False	False	False
ERR346596	ERR346596.92627	J558.17	JH3	15.789	93.333	True	False	True	False	False	False
ERR346596	ERR346596.92677	VH36-60.a2.90	JH2	42.857	100.000	True	False	True	False	False	False
ERR346596	ERR346596.92668	Q52.3.8,VHQ52.a3.8	JH4	45.745	100.000	True	False	True	False	False	False
ERR346596	ERR346596.92740	J558.83.189	JH2	45.361	100.000	True	False	True	False	False	False
ERR346596	ERR346596.92758	VHX24.a1.84	JH3	91.837	80.000	False	True	False	True	False	False
ERR346596	ERR346596.92778	VHQ52.a27.79,VOx-1	JH2	28.421	100.000	True	False	True	False	False	False
ERR346596	ERR346596.92800	J558.19	JH2	54.167	100.000	True	False	True	False	False	False
ERR346596	ERR346596.92867	VHSM7.a3.93	JH2	63.918	100.000	True	False	True	False	False	False
ERR346596	ERR346596.92925	J558.2	JH3	84.375	92.857	True	False	True	False	False	False
ERR346596	ERR346596.92933	J558.5	JH3	84.536	100.000	True	False	True	False	False	False
ERR346596	ERR346596.92972	J558.20	JH3	5.155	100.000	True	False	True	False	False	False
ERR346596	ERR346596.93153	J558.18	JH2	69.792	100.000	True	False	True	False	False	False
ERR346596	ERR346596.93270	J558.15	JH3	16.495	91.667	True	False	True	False	False	False
ERR346596	ERR346596.93374	J558.50	JH3	83.505	100.000	True	False	True	False	False	False
ERR346596	ERR346596.93419	J558.50	JH3	84.536	100.000	True	False	True	False	False	False
ERR346596	ERR346596.93311	J558.17	JH2	92.632	78.571	False	True	False	True	False	False
ERR346596	ERR346596.93426	J558.54.148	JH3	73.958	91.667	True	False	True	False	False	False
ERR346596	ERR346596.93445	J558.5	JH4	93.814	81.250	False	True	False	True	False	False
ERR346596	ERR346596.93429	J558.50	JH3	81.633	100.000	True	False	True	False	False	False
ERR346596	ERR346596.93541	J558.12.102	JH4	6.186	100.000	True	False	True	False	False	False
ERR346596	ERR346596.93761	J558.18	JH4	12.500	100.000	True	False	True	False	False	False
ERR346596	ERR346596.93835	VHA1	JH2	90.722	57.143	False	True	False	True	False	False
ERR346596	ERR346596.93952	J558.20	JH2	95.876	30.769	False	True	False	True	False	False
ERR346596	ERR346596.93909	J558.35	JH2	32.632	100.000	True	False	True	False	False	False
ERR346596	ERR346596.93940	J558.37,J558.38,J558.39		80.000		True	False	True	False	False	False
ERR346596	ERR346596.93955	VH7183.a19.31	JH4	20.619	100.000	True	False	True	False	False	False
ERR346596	ERR346596.93993	J558.37.127	JH3	14.583	100.000	True	False	True	False	False	False
ERR346596	ERR346596.94044	J558.37	JH3	38.542	100.000	True	False	True	False	False	False
ERR346596	ERR346596.94043	VHSM7.a3.93	JH1	75.824	94.118	True	False	True	False	False	False
ERR346596	ERR346596.94054	VH7183.a4.6,VHD6.96	JH4	37.113	92.857	True	False	True	False	False	False
ERR346596	ERR346596.94033	J558.29	JH4	23.404	100.000	True	False	True	False	False	False
ERR346596	ERR346596.94108	J558.5	JH4	94.845	81.250	False	True	False	True	False	False
ERR346596	ERR346596.94270	J558.h	JH4	84.694	100.000	True	False	True	False	False	False
ERR346596	ERR346596.94302	J558.50	JH3	82.653	100.000	True	False	True	False	False	False
ERR346596	ERR346596.94385	VH7183.a28.48	JH4	24.490	100.000	True	False	True	False	False	False
ERR346596	ERR346596.94394	VHQ52.a27.79	JH1	80.208	100.000	True	False	True	False	False	False
ERR346596	ERR346596.94291	VHS107.a3.106	JH2	97.000	84.615	False	True	False	True	False	False
ERR346596	ERR346596.94480	VHSM7.a3.93	JH2	58.763	100.000	True	False	True	False	False	False
ERR346596	ERR346596.94495	J558.h	JH4	84.615	93.750	True	False	True	False	False	False
ERR346596	ERR346596.94529	J558.45	JH1	93.814	60.000	False	True	False	True	False	False
ERR346596	ERR346596.94576	VHA1	JH2	96.907	80.000	False	True	False	True	False	False
ERR346596	ERR346596.94930	H13-3	JH3	69.792	100.000	True	False	True	False	False	False
ERR346596	ERR346596.94934	VHQ52.a22.67	JH1	90.625	46.667	False	True	False	True	False	False
ERR346596	ERR346596.95013	J558.45	JH3	65.306	100.000	True	False	True	False	False	False
ERR346596	ERR346596.95092	J558.50	JH3	84.783	100.000	True	False	True	False	False	False
ERR346596	ERR346596.95091	VH7183.7b	JH4	26.531	100.000	True	False	True	False	False	False
ERR346596	ERR346596.95143	VHQ52.a27.79	JH1	83.505	100.000	True	False	True	False	False	False
ERR346596	ERR346596.95130	VHS107.a3.106	JH1	98.020	58.824	False	True	False	True	False	False
ERR346596	ERR346596.95138	J558.2	JH3	87.629	84.615	False	True	False	True	False	False
ERR346596	ERR346596.95216	VHSM7.a3.93	JH3	8.421	100.000	True	False	True	False	False	False
ERR346596	ERR346596.95343	J558.37,J558.38,J558.39		80.000		True	False	True	False	False	False
ERR346596	ERR346596.95382	3:3.9,7183.7.10,VH7183.a7.10	JH1	74.227	100.000	True	False	True	False	False	False
ERR346596	ERR346596.95403	J558.14pg.104		71.429		True	False	True	False	False	False
ERR346596	ERR346596.95468	J558.44	JH1	10.309	100.000	True	False	True	False	False	False
ERR346596	ERR346596.95412	VHSM7.a3.93	JH2	43.299	100.000	True	False	True	False	False	False
ERR346596	ERR346596.95498	J558.83.189	JH2	36.458	100.000	True	False	True	False	False	False
ERR346596	ERR346596.95508	J558.37	JH4	53.608	100.000	True	False	True	False	False	False
ERR346596	ERR346596.95607	VH61-1P,VH7183.a47.76	JH3	29.897	100.000	True	False	True	False	False	False
ERR346596	ERR346596.95624	VHQ52.a24.72	JH3	38.542	93.333	True	False	True	False	False	False
ERR346596	ERR346596.95618	J558.47	JH1	97.959	70.588	False	True	False	True	False	False
ERR346596	ERR346596.95578	cx9		50.000		True	False	True	False	False	False
ERR346596	ERR346596.95710	VH7183.a4.6,VHD6.96	JH4	63.918	100.000	True	False	True	False	False	False
ERR346596	ERR346596.95631	V11,VHS107.a3.106	JH1	19.000	100.000	True	False	True	False	False	False
ERR346596	ERR346596.95766	VHQ52.a27.79	JH1	81.443	100.000	True	False	True	False	False	False
ERR346596	ERR346596.95706	VHX24.a1.84	JH3	97.959	80.000	False	True	False	True	False	False
ERR346596	ERR346596.95961	VHQ52.a27.79	JH1	97.938	46.667	False	True	False	True	False	False
ERR346596	ERR346596.95973	J558.47	JH2	69.072	100.000	True	False	True	False	False	False
ERR346596	ERR346596.95980	VHQ52.a27.79	JH2	92.708	84.615	False	True	False	True	False	False
ERR346596	ERR346596.96098	VHQ52.a27.79,VOx-1	JH4	57.895	100.000	True	False	True	False	False	False
ERR346596	ERR346596.96126	VHQ52.a27.79	JH1	81.250	100.000	True	False	True	False	False	False
ERR346596	ERR346596.96085	J558.50	JH3	83.505	100.000	True	False	True	False	False	False
ERR346596	ERR346596.96244	VHQ52.a2.4	JH2	78.125	93.333	True	False	True	False	False	False
ERR346596	ERR346596.96269	J558.54.148	JH3	11.458	100.000	True	False	True	False	False	False
ERR346596	ERR346596.96377	J558.h	JH4	82.979	93.750	True	False	True	False	False	False
ERR346596	ERR346596.96355	J558.h	JH4	83.673	92.857	True	False	True	False	False	False
ERR346596	ERR346596.96335	J558.19	JH4	41.237	100.000	True	False	True	False	False	False
ERR346596	ERR346596.96523	SM7.1.44,SM7.2.49,VHSM7.a3.93	JH2	77.778	100.000	True	False	True	False	False	False
ERR346596	ERR346596.96529	J558.h	JH3	84.536	100.000	True	False	True	False	False	False
ERR346596	ERR346596.96602	J558.h	JH4	82.474	100.000	True	False	True	False	False	False
ERR346596	ERR346596.96587	J558.h	JH4	82.292	93.750	True	False	True	False	False	False
ERR346596	ERR346596.96634	VHSM7.a3.93	JH3	7.292	100.000	True	False	True	False	False	False
ERR346596	ERR346596.96762	SM7.1.44,SM7.2.49,VHSM7.a3.93	JH2	77.778	100.000	True	False	True	False	False	False
ERR346596	ERR346596.96760	VHS107.a3.106	JH2	16.832	100.000	True	False	True	False	False	False
ERR346596	ERR346596.96853	VHQ52.a9.26	JH4	4.167	100.000	True	False	True	False	False	False
ERR346596	ERR346596.96826	J558.54.148	JH2	26.804	100.000	True	False	True	False	False	False
ERR346596	ERR346596.96925	J558.37,J558.38,J558.39		80.000		True	False	True	False	False	False
ERR346596	ERR346596.96962	VH36-60.a1.85	JH2	42.708	100.000	True	False	True	False	False	False
ERR346596	ERR346596.96965	V11,VHS107.a3.106	JH2	50.000	100.000	True	False	True	False	False	False
ERR346596	ERR346596.96903	J558.40	JH2	59.794	92.857	True	False	True	False	False	False
ERR346596	ERR346596.97027	J558.37.127	JH3	32.292	100.000	True	False	True	False	False	False
ERR346596	ERR346596.97090	J558.h	JH4	82.474	93.750	True	False	True	False	False	False
ERR346596	ERR346596.97055	VH36-60.a8.117,VH36-60.a9.121#	JH3	6.186	100.000	True	False	True	False	False	False
ERR346596	ERR346596.97165	VHSM7.a3.93	JH3	6.186	100.000	True	False	True	False	False	False
ERR346596	ERR346596.97225	J558.45	JH4	91.667	82.353	False	True	False	True	False	False
ERR346596	ERR346596.97206	VH7183.a7.10	JH3	10.204	100.000	True	False	True	False	False	False
ERR346596	ERR346596.97160	Q52.12pg.39,VHQ52.a26psi.78	JH3	57.143	100.000	True	False	True	False	False	False
ERR346596	ERR346596.97271	J558.5	JH4	90.816	81.250	False	True	False	True	False	False
ERR346596	ERR346596.97372	J558.8	JH3	84.694	100.000	True	False	True	False	False	False
ERR346596	ERR346596.97458	V11,VHS107.a3.106	JH1	47.000	100.000	True	False	True	False	False	False
ERR346596	ERR346596.97762	J558.h	JH4	82.292	93.750	True	False	True	False	False	False
ERR346596	ERR346596.97824	VHQ52.a27.79,VOx-1	JH2	66.316	100.000	True	False	True	False	False	False
ERR346596	ERR346596.97795	VH108A	JH1	48.958	100.000	True	False	True	False	False	False
ERR346596	ERR346596.97815	VH36-60.a2.90	JH4	94.845	82.353	False	True	False	True	False	False
ERR346596	ERR346596.97876	J558.8	JH2	41.237	100.000	True	False	True	False	False	False
ERR346596	ERR346596.97950	J558.h	JH4	84.536	100.000	True	False	True	False	False	False
ERR346596	ERR346596.97978	VHSM7.a3.93	JH2	83.505	100.000	True	False	True	False	False	False
ERR346596	ERR346596.98222	J558.19	JH4	19.388	100.000	True	False	True	False	False	False
ERR346596	ERR346596.98177	J558.5	JH4	94.898	81.250	False	True	False	True	False	False
ERR346596	ERR346596.98302	J558.64.162,J558.74.176	JH3	53.608	100.000	True	False	True	False	False	False
ERR346596	ERR346596.98319	VH7183.7b	JH1	20.619	100.000	True	False	True	False	False	False
ERR346596	ERR346596.98292	J558.20	JH3	8.333	100.000	True	False	True	False	False	False
ERR346596	ERR346596.98465	J558.35	JH2	37.500	100.000	True	False	True	False	False	False
ERR346596	ERR346596.98542	bb1,bb1.1,cr1	JK3	60.000	100.000	True	False	True	False	False	False
ERR346596	ERR346596.98604	J558.8	JH3	83.673	100.000	True	False	True	False	False	False
ERR346596	ERR346596.98586	VH108A	JH1	96.907	81.250	False	True	False	True	False	False
ERR346596	ERR346596.98629	J558.17	JH3	54.167	100.000	True	False	True	False	False	False
ERR346596	ERR346596.98735	J558.18	JH3	43.750	100.000	True	False	True	False	False	False
ERR346596	ERR346596.98820	J558.55.149	JH2	10.417	100.000	True	False	True	False	False	False
ERR346596	ERR346596.98921	VHQ52.a22.67	JH2	6.250	91.667	True	False	True	False	False	False
ERR346596	ERR346596.98880	J558.39	JH3	31.633	92.308	True	False	True	False	False	False
ERR346596	ERR346596.98989	J558.5	JH4	93.814	81.250	False	True	False	True	False	False
ERR346596	ERR346596.99080	VH36-60.a2.90	JH4	94.845	82.353	False	True	False	True	False	False
ERR346596	ERR346596.99191	J558.50	JH3	83.673	92.308	True	False	True	False	False	False
ERR346596	ERR346596.99128	V11,VHS107.a3.106	JH1	49.000	100.000	True	False	True	False	False	False
ERR346596	ERR346596.99211	VHQ52.a27.79	JH1	83.505	100.000	True	False	True	False	False	False
ERR346596	ERR346596.99209	VH7183.a19.31	JH4	9.278	100.000	True	False	True	False	False	False
ERR346596	ERR346596.99274	VHSM7.a3.93	JH2	67.010	100.000	True	False	True	False	False	False
ERR346596	ERR346596.99372	J558.44	JH1	12.371	100.000	True	False	True	False	False	False
ERR346596	ERR346596.99461	VH7183.a2.3,VH81X	JH4	12.245	94.118	True	False	True	False	False	False
ERR346596	ERR346596.99465	VH7183.7b	JH2	97.938	80.000	False	True	False	True	False	False
ERR346596	ERR346596.99495	Q52.3.8,VHQ52.a3.8	JH1	5.263	100.000	True	False	True	False	False	False
ERR346596	ERR346596.99533	J558.50	JH3	83.505	100.000	True	False	True	False	False	False
ERR346596	ERR346596.99481	VH36-60.a1.85	JH4	39.796	87.500	True	False	True	False	False	False
ERR346596	ERR346596.99625	J558.45	JH4	14.583	100.000	True	False	True	False	False	False
ERR346596	ERR346596.99698	J558.h	JH4	83.158	92.857	True	False	True	False	False	False
ERR346596	ERR346596.99697	VH36-60.a8.117,VH36-60.a9.121#	JH3	40.625	100.000	True	False	True	False	False	False
ERR346596	ERR346596.99707	J558.1	JH2	40.625	100.000	True	False	True	False	False	False
ERR346596	ERR346596.99798	SM7.1.44,SM7.2.49,VHSM7.a3.93	JH2	77.778	100.000	True	False	True	False	False	False
ERR346596	ERR346596.99825	J558.19	JH2	68.041	100.000	True	False	True	False	False	False
ERR346596	ERR346596.99915	VH7183.a4.6,VHD6.96	JH4	67.010	100.000	True	False	True	False	False	False
ERR346596	ERR346596.99975	J558.5	JH4	94.565	81.250	False	True	False	True	False	False
ERR346596	ERR346596.99961	V11,VHS107.a3.106	JH1	95.050	81.250	False	True	False	True	False	False
ERR346596	ERR346596.99957	J558.f	JH1	54.639	100.000	True	False	True	False	False	False
ERR346596	ERR346596.99974	VH7183.a4.6,VHD6.96	JH4	10.309	92.857	True	False	True	False	False	False
ERR346596	ERR346596.99985	J558.19		66.667		True	False	True	False	False	False
ERR346596	ERR346596.99970	Q52.1pg.2,VHQ52.a1psi.2		62.500		True	False	True	False	False	False
ERR346596	ERR346596.100122	VHQ52.a27.79,VOx-1	JH4	14.583	100.000	True	False	True	False	False	False
ERR346596	ERR346596.100181	VHSM7.a3.93	JH4	11.340	100.000	True	False	True	False	False	False
ERR346596	ERR346596.100332	VH15B	JH1	23.469	100.000	True	False	True	False	False	False
ERR346596	ERR346596.100369	VHSM7.a3.93	JH4	36.458	100.000	True	False	True	False	False	False
ERR346596	ERR346596.100548	J558.5	JH4	93.878	75.000	False	True	False	True	False	False
ERR346596	ERR346596.100567	J558.19	JH2	81.250	100.000	True	False	True	False	False	False
ERR346596	ERR346596.100627	J558.38pg.128	JH2	70.000	100.000	True	False	True	False	False	False
ERR346596	ERR346596.100672	J558.1.85	JH2	60.000	100.000	True	False	True	False	False	False
ERR346596	ERR346596.100712	J558.50	JH3	28.125	100.000	True	False	True	False	False	False
ERR346596	ERR346596.100759	J558.8	JH3	84.694	100.000	True	False	True	False	False	False
ERR346596	ERR346596.100788	VHSM7.a3.93	JH3	100.000	38.462	False	True	False	True	False	False
ERR346596	ERR346596.100948	VHSM7.a1.83	JH2	94.898	30.769	False	True	False	True	False	False
ERR346596	ERR346596.101035	J558.5	JH4	91.837	81.250	False	True	False	True	False	False
ERR346596	ERR346596.101010	J558.24,J558.80.186		66.667		True	False	True	False	False	False
ERR346596	ERR346596.101103	J558.64.162,J558.74.176	JH1	95.876	80.000	False	True	False	True	False	False
ERR346596	ERR346596.101066	VHJ606.a6.127#	JH3	65.657	100.000	True	False	True	False	False	False
ERR346596	ERR346596.101111	J558.29	JH4	98.969	30.769	False	True	False	True	False	False
ERR346596	ERR346596.101206	J558.19	JH1	94.898	62.500	False	True	False	True	False	False
ERR346596	ERR346596.101437	VHX24.a1.84	JH3	84.694	100.000	True	False	True	False	False	False
ERR346596	ERR346596.101614	VHSM7.a3.93	JH3	72.165	92.308	True	False	True	False	False	False
ERR346596	ERR346596.101665	VH36-60.a2.90	JH4	29.897	87.500	True	False	True	False	False	False
ERR346596	ERR346596.101718	VHQ52.a27.79,VOx-1	JH4	27.368	100.000	True	False	True	False	False	False
ERR346596	ERR346596.101502	VH37.1,VH7183.a16.27	JH1	53.608	100.000	True	False	True	False	False	False
ERR346596	ERR346596.101683	J558.45	JH2	44.330	100.000	True	False	True	False	False	False
ERR346596	ERR346596.101879	VHS107.a3.106	JH1	98.000	46.667	False	True	False	True	False	False
ERR346596	ERR346596.101881	J558.41pg.131	JH3	83.333	100.000	True	False	True	False	False	False
ERR346596	ERR346596.101884	J558.50	JH3	84.694	100.000	True	False	True	False	False	False
ERR346596	ERR346596.101906	VHQ52.a27.79,VOx-1	JH4	75.000	100.000	True	False	True	False	False	False
ERR346596	ERR346596.101874	J558.12	JH4	3.125	100.000	True	False	True	False	False	False
ERR346596	ERR346596.101999	VHX24.a1.84	JH3	100.000	80.000	False	True	False	True	False	False
ERR346596	ERR346596.102178	VHS107.a3.106	JH1	50.495	100.000	True	False	True	False	False	False
ERR346596	ERR346596.102135	VHQ52.a22.67	JH2	17.526	100.000	True	False	True	False	False	False
ERR346596	ERR346596.102259	3:3.9,7183.7.10,VH7183.7b	JH2	98.969	80.000	False	True	False	True	False	False
ERR346596	ERR346596.102522	J558.39	JH3	57.732	100.000	True	False	True	False	False	False
ERR346596	ERR346596.102530	VH7183.a4.6,VHD6.96	JH4	21.429	93.333	True	False	True	False	False	False
ERR346596	ERR346596.102739	J558.29	JH4	34.375	92.857	True	False	True	False	False	False
ERR346596	ERR346596.102697	J558.f	JH1	6.186	100.000	True	False	True	False	False	False
ERR346596	ERR346596.102955	J558.h	JH4	83.673	92.857	True	False	True	False	False	False
ERR346596	ERR346596.102898	J558.h	JH4	83.505	93.750	True	False	True	False	False	False
ERR346596	ERR346596.103352	J558.17	JH2	51.042	100.000	True	False	True	False	False	False
ERR346596	ERR346596.103399	ki4	JK4	66.667	100.000	True	False	True	False	False	False
ERR346596	ERR346596.103447	J558.29	JH2	97.938	83.333	False	True	False	True	False	False
ERR346596	ERR346596.103477	VHX24.a1.84	JH3	71.134	100.000	True	False	True	False	False	False
ERR346596	ERR346596.103544	VHSM7.a3.93	JH3	34.021	100.000	True	False	True	False	False	False
ERR346596	ERR346596.103742	VHS107.a3.106	JH2	48.515	100.000	True	False	True	False	False	False
ERR346596	ERR346596.103749	V11,VHS107.a3.106	JH1	23.000	86.667	True	False	True	False	False	False
ERR346596	ERR346596.103929	J558.35	JH4	33.333	100.000	True	False	True	False	False	False
ERR346596	ERR346596.104207	VH36-60.a1.85	JH2	40.860	100.000	True	False	True	False	False	False
ERR346596	ERR346596.104133	J558.h	JH4	84.536	92.857	True	False	True	False	False	False
ERR346596	ERR346596.104344	VHSM7.a3.93	JH3	98.958	38.462	False	True	False	True	False	False
ERR346596	ERR346596.104503	J558.h	JH4	83.505	100.000	True	False	True	False	False	False
ERR346596	ERR346596.104727	J558.21pg.111,J558.25pg.115	JH3	87.755	84.615	False	True	False	True	False	False
ERR346596	ERR346596.104890	J558.37,J558.38,J558.39		80.000		True	False	True	False	False	False
ERR346596	ERR346596.105062	VHQ52.a27.79,VOx-1	JH4	49.474	100.000	True	False	True	False	False	False
ERR346596	ERR346596.105187	J558.50	JH3	82.474	100.000	True	False	True	False	False	False
ERR346596	ERR346596.105206	J558.17	JH2	18.947	100.000	True	False	True	False	False	False
ERR346596	ERR346596.105293	J558.h	JH4	83.505	93.750	True	False	True	False	False	False
ERR346596	ERR346596.105287	VHQ52.a15.42	JH4	15.464	93.333	True	False	True	False	False	False
ERR346596	ERR346596.105407	7183.6pg.9,VH7183.a6psi.9	JH1,JH2,JH3	80.000	100.000	True	False	True	False	False	False
ERR346596	ERR346596.105480	Q52.12pg.39,VHQ52.a26psi.78,ha24	JH4	57.143	100.000	True	False	True	False	False	False
ERR346596	ERR346596.105460	J558.83.189	JH4	95.876	35.714	False	True	False	True	False	False
ERR346596	ERR346596.105503	J558.h	JH4	82.796	100.000	True	False	True	False	False	False
ERR346596	ERR346596.105458	J558.h	JH4	82.474	100.000	True	False	True	False	False	False
ERR346596	ERR346596.105668	VH7183.a4.6,VHD6.96	JH3	62.245	91.667	True	False	True	False	False	False
ERR346596	ERR346596.105642	J558.70pg.171,J558.n	JH2	84.536	90.000	True	False	True	False	False	False
ERR346596	ERR346596.105699	VHQ52.a27.79,VOx-1	JH4	80.000	100.000	True	False	True	False	False	False
ERR346596	ERR346596.106041	J558.83.189	JH2	34.021	100.000	True	False	True	False	False	False
ERR346596	ERR346596.106062	J558.29	JH3	100.000	38.462	False	True	False	True	False	False
ERR346596	ERR346596.106014	J558.38pg.128	JH2	70.000	100.000	True	False	True	False	False	False
ERR346596	ERR346596.106106	J558.61.157,J558.62pg.158,J558.65.163	JH4	100.000	75.000	False	True	False	True	False	False
ERR346596	ERR346596.106044	J558.h	JH4	83.158	100.000	True	False	True	False	False	False
ERR346596	ERR346596.106139	J558.50	JH3	83.673	100.000	True	False	True	False	False	False
ERR346596	ERR346596.106184	VHX24.a1.84	JH3	76.042	100.000	True	False	True	False	False	False
ERR346596	ERR346596.106142	VHQ52.a27.79,VOx-1	JH4	66.316	100.000	True	False	True	False	False	False
ERR346596	ERR346596.106194	VHSM7.a1.83	JH2	58.333	100.000	True	False	True	False	False	False
ERR346596	ERR346596.106235	3:3.9,7183.7.10,VH7183.7b	JH2	77.083	86.667	True	False	True	False	False	False
ERR346596	ERR346596.106287	J558.70pg.171,J558.n	JH4	6.186	100.000	True	False	True	False	False	False
ERR346596	ERR346596.106290	J558.h	JH4	81.633	92.857	True	False	True	False	False	False
ERR346596	ERR346596.106291	J558.19	JH2	42.268	100.000	True	False	True	False	False	False
ERR346596	ERR346596.106312	J558.5	JH4	93.878	81.250	False	True	False	True	False	False
ERR346596	ERR346596.106360	VHX24.a1.84	JH3	95.918	42.857	False	True	False	True	False	False
ERR346596	ERR346596.106398	VH7183.a7.10	JH4	77.551	92.857	True	False	True	False	False	False
ERR346596	ERR346596.106350	J558.k	JH4	5.155	100.000	True	False	True	False	False	False
ERR346596	ERR346596.106460	Q52.1pg.2,VHQ52.a1psi.2		62.500		True	False	True	False	False	False
ERR346596	ERR346596.106511	J558.50	JH3	84.536	100.000	True	False	True	False	False	False
ERR346596	ERR346596.106589	J558.50	JH3	82.653	100.000	True	False	True	False	False	False
ERR346596	ERR346596.106717	VH108A		83.333		True	False	True	False	False	False
ERR346596	ERR346596.106683	VHQ52.a27.79,VOx-1	JH4	81.053	100.000	True	False	True	False	False	False
ERR346596	ERR346596.106753	J558.29	JH1	54.639	100.000	True	False	True	False	False	False
ERR346596	ERR346596.106826	VH50.1,VH7183.a13.20	JH4	46.939	100.000	True	False	True	False	False	False
ERR346596	ERR346596.106871	J558.38pg.128	JH4	83.333	100.000	True	False	True	False	False	False
ERR346596	ERR346596.106917	J558.19	JH1	67.010	100.000	True	False	True	False	False	False
ERR346596	ERR346596.107318	VHA1	JH2	5.208	86.667	True	False	True	False	False	False
ERR346596	ERR346596.107342	Vh10.2a	JH3	16.162	100.000	True	False	True	False	False	False
ERR346596	ERR346596.107358	J558.17	JH2	7.368	100.000	True	False	True	False	False	False
ERR346596	ERR346596.107507	VHSM7.a3.93	JH2	75.258	100.000	True	False	True	False	False	False
ERR346596	ERR346596.107508	J558.4	JH2	94.898	83.333	False	True	False	True	False	False
ERR346596	ERR346596.107541	Q52.3.8,VHQ52.a3.8	JH2	6.250	100.000	True	False	True	False	False	False
ERR346596	ERR346596.107559	J558.50	JH3	84.694	100.000	True	False	True	False	False	False
ERR346596	ERR346596.107518	VHQ52.a27.79	JH1	57.292	100.000	True	False	True	False	False	False
ERR346596	ERR346596.107721	J558.h	JH4	83.673	85.714	True	False	True	False	False	False
ERR346596	ERR346596.107727	VHQ52.a2.4	JH1	10.309	100.000	True	False	True	False	False	False
ERR346596	ERR346596.107730	J558.h	JH4	82.474	85.714	True	False	True	False	False	False
ERR346596	ERR346596.107725	J558.50	JH3	82.474	100.000	True	False	True	False	False	False
ERR346596	ERR346596.107906	J558.1	JH4	83.333	100.000	True	False	True	False	False	False
ERR346596	ERR346596.107945	VH7183.a19.31	JH2	46.392	100.000	True	False	True	False	False	False
ERR346596	ERR346596.107991	J558.29	JH4	47.959	100.000	True	False	True	False	False	False
ERR346596	ERR346596.108018	J558.21pg.111,J558.25pg.115	JH3	6.186	100.000	True	False	True	False	False	False
ERR346596	ERR346596.108076	J558.50	JH3	84.536	100.000	True	False	True	False	False	False
ERR346596	ERR346596.108091	VHA1	JH2	82.653	86.667	True	False	True	False	False	False
ERR346596	ERR346596.108086	VH36-60.a6.114	JH4	76.042	93.333	True	False	True	False	False	False
ERR346596	ERR346596.108211	J558.21pg.111,J558.25pg.115	JH3	80.412	100.000	True	False	True	False	False	False
ERR346596	ERR346596.108220	J558.50	JH3	81.633	100.000	True	False	True	False	False	False
ERR346596	ERR346596.108247	J558.h	JH4	84.211	100.000	True	False	True	False	False	False
ERR346596	ERR346596.108306	VHSM7.a3.93	JH3	59.794	100.000	True	False	True	False	False	False
ERR346596	ERR346596.108398	VHQ52.a27.79,VOx-1	JH4	95.833	35.714	False	True	False	True	False	False
ERR346596	ERR346596.108387	J558.83.189	JH2	64.583	100.000	True	False	True	False	False	False
ERR346596	ERR346596.108399	J558.h	JH4	84.694	100.000	True	False	True	False	False	False
ERR346596	ERR346596.108449	VHSM7.a3.93	JH2	44.792	100.000	True	False	True	False	False	False
ERR346596	ERR346596.108497	J558.44	JH3	50.000	100.000	True	False	True	False	False	False
ERR346596	ERR346596.108528	J558.29	JH4	95.876	57.143	False	True	False	True	False	False
ERR346596	ERR346596.108662	SM7.1.44,SM7.2.49,VHSM7.a3.93	JH2	80.000	100.000	True	False	True	False	False	False
ERR346596	ERR346596.108706	J558.64.162,J558.74.176	JH3	98.980	53.846	False	True	False	True	False	False
ERR346596	ERR346596.108685	J558.h	JH4	83.505	93.750	True	False	True	False	False	False
ERR346596	ERR346596.108578	VHGal55.1,VHX24.a2.89	JH4	27.551	93.333	True	False	True	False	False	False
ERR346596	ERR346596.108708	VHSM7.a4.108	JH2	60.000	100.000	True	False	True	False	False	False
ERR346596	ERR346596.108786	J558.h	JH4	83.333	93.750	True	False	True	False	False	False
ERR346596	ERR346596.108825	ki4		66.667		True	False	True	False	False	False
ERR346596	ERR346596.108806	J558.33	JH2	68.421	100.000	True	False	True	False	False	False
ERR346596	ERR346596.108871	J558.46	JH4	65.625	87.500	True	False	True	False	False	False
ERR346596	ERR346596.108930	J558.79.184	JH4	82.292	87.500	True	False	True	False	False	False
ERR346596	ERR346596.109022	V11,VHS107.a3.106	JH1	50.495	100.000	True	False	True	False	False	False
ERR346596	ERR346596.109340	SM7.1.44,SM7.2.49,VHSM7.a3.93	JH2	80.000	100.000	True	False	True	False	False	False
ERR346596	ERR346596.109361	V11,VHS107.a3.106	JH1	49.000	100.000	True	False	True	False	False	False
ERR346596	ERR346596.109459	J558.12	JH1	3.125	100.000	True	False	True	False	False	False
ERR346596	ERR346596.109498	bb1,bb1.1,cr1	JK3	60.000	100.000	True	False	True	False	False	False
ERR346596	ERR346596.109539	J558.2	JH3	90.722	83.333	False	True	False	True	False	False
ERR346596	ERR346596.109550	J558.64.162,J558.74.176	JH3	48.454	100.000	True	False	True	False	False	False
ERR346596	ERR346596.109587	J558.h	JH4	84.694	92.857	True	False	True	False	False	False
ERR346596	ERR346596.109523	H13-3	JH2	22.826	100.000	True	False	True	False	False	False
ERR346596	ERR346596.109679	VHQ52.a27.79,VOx-1	JH4	12.632	92.857	True	False	True	False	False	False
ERR346596	ERR346596.109733	VHQ52.a27.79,VOx-1	JH2	81.250	100.000	True	False	True	False	False	False
ERR346596	ERR346596.109787	V11,VHS107.a3.106	JH1	50.000	100.000	True	False	True	False	False	False
ERR346596	ERR346596.109759	J558.14pg.104	JH4	71.429	100.000	True	False	True	False	False	False
ERR346596	ERR346596.109957	VH7183.a7.10	JH4	8.163	100.000	True	False	True	False	False	False
ERR346596	ERR346596.109944	Q52.3.8,VHQ52.a3.8	JH2	13.684	100.000	True	False	True	False	False	False
ERR346596	ERR346596.109969	J558.50	JH3	80.612	100.000	True	False	True	False	False	False
ERR346596	ERR346596.109951	VHA1	JH4	5.208	100.000	True	False	True	False	False	False
ERR346596	ERR346596.109977	J558.50	JH3	84.694	100.000	True	False	True	False	False	False
ERR346596	ERR346596.110023	J558.45	JH4	96.907	81.250	False	True	False	True	False	False
ERR346596	ERR346596.110070	J558.47	JH2	90.625	84.615	False	True	False	True	False	False
ERR346596	ERR346596.110263	VHQ52.a27.79	JH1	31.959	100.000	True	False	True	False	False	False
ERR346596	ERR346596.110239	V102	JH2	80.851	100.000	True	False	True	False	False	False
ERR346596	ERR346596.110315	J558.44	JH2	37.500	100.000	True	False	True	False	False	False
ERR346596	ERR346596.110312	VHSM7.a3.93	JH2	7.216	100.000	True	False	True	False	False	False
ERR346596	ERR346596.110394	VH7183.a4.6,VHD6.96	JH4	65.979	100.000	True	False	True	False	False	False
ERR346596	ERR346596.110428	VH7183.a4.6,VHD6.96	JH4	97.959	42.857	False	True	False	True	False	False
ERR346596	ERR346596.110492	J558.15	JH3	95.876	33.333	False	True	False	True	False	False
ERR346596	ERR346596.110585	J558.37	JH2	62.500	100.000	True	False	True	False	False	False
ERR346596	ERR346596.110689	J558.19	JH2	95.876	83.333	False	True	False	True	False	False
ERR346596	ERR346596.110685	VHQ52.a27.79,VOx-1	JH4	79.167	100.000	True	False	True	False	False	False
ERR346596	ERR346596.110709	J558.1	JH2	69.072	100.000	True	False	True	False	False	False
ERR346596	ERR346596.110827	J558.50	JH3	84.694	100.000	True	False	True	False	False	False
ERR346596	ERR346596.110867	VHSM7.a4.108	JH4	67.010	100.000	True	False	True	False	False	False
ERR346596	ERR346596.110848	J558.44	JH2	79.167	100.000	True	False	True	False	False	False
ERR346596	ERR346596.110889	VHQ52.a27.79	JH2	92.708	84.615	False	True	False	True	False	False
ERR346596	ERR346596.110887	VHSM7.a3.93	JH2	64.286	100.000	True	False	True	False	False	False
ERR346596	ERR346596.110958	J558.45	JH4	11.458	100.000	True	False	True	False	False	False
ERR346596	ERR346596.111116	J558.20	JH3	94.737	42.857	False	True	False	True	False	False
ERR346596	ERR346596.111229	J558.38pg.128	JH2	72.727	100.000	True	False	True	False	False	False
ERR346596	ERR346596.111239	J558.45	JH4	6.186	100.000	True	False	True	False	False	False
ERR346596	ERR346596.111188	J606.4.82		50.000		True	False	True	False	False	False
ERR346596	ERR346596.111227	J558.54.148	JH2	33.673	100.000	True	False	True	False	False	False
ERR346596	ERR346596.111517	VHQ52.a27.79,VOx-1	JH4	93.750	73.333	False	True	False	True	False	False
ERR346596	ERR346596.111592	VHSM7.a3.93	JH3	61.856	100.000	True	False	True	False	False	False
ERR346596	ERR346596.111619	VHSM7.a3.93	JH2	83.505	100.000	True	False	True	False	False	False
ERR346596	ERR346596.111736	J558.46	JH3	78.351	100.000	True	False	True	False	False	False
ERR346596	ERR346596.111771	VHQ52.a27.79,VOx-1	JH4	97.917	35.714	False	True	False	True	False	False
ERR346596	ERR346596.111823	VHQ52.a27.79,VOx-1	JH4	78.947	100.000	True	False	True	False	False	False
ERR346596	ERR346596.112052	VHSM7.a3.93	JH2	44.330	100.000	True	False	True	False	False	False
ERR346596	ERR346596.112110	VHQ52.a27.79	JH1	82.474	100.000	True	False	True	False	False	False
ERR346596	ERR346596.112238	J558.50	JH3	81.633	100.000	True	False	True	False	False	False
ERR346596	ERR346596.112252	VH7183.a19.31	JH1	90.625	76.923	False	True	False	True	False	False
ERR346596	ERR346596.112346	VHQ52.a27.79,VOx-1	JH4	10.417	100.000	True	False	True	False	False	False
ERR346596	ERR346596.112367	J558.29	JH3	98.969	66.667	False	True	False	True	False	False
ERR346596	ERR346596.112375	J558.50	JH3	84.694	100.000	True	False	True	False	False	False
ERR346596	ERR346596.112447	V11,VHS107.a3.106	JH1	48.000	100.000	True	False	True	False	False	False
ERR346596	ERR346596.112544	J558.47	JH4	51.020	100.000	True	False	True	False	False	False
ERR346596	ERR346596.112570	VHA1	JH2	4.124	93.333	True	False	True	False	False	False
ERR346596	ERR346596.112517	J558.50	JH3	83.333	100.000	True	False	True	False	False	False
ERR346596	ERR346596.112625	J558.8	JH3	84.536	100.000	True	False	True	False	False	False
ERR346596	ERR346596.112730	J558.19	JH1	9.278	93.750	True	False	True	False	False	False
ERR346596	ERR346596.112779	J558.5	JH3	14.583	100.000	True	False	True	False	False	False
ERR346596	ERR346596.112903	J558.50	JH3	84.536	100.000	True	False	True	False	False	False
ERR346596	ERR346596.112930	VH61-1P,VH7183.a47.76	JH4	94.898	62.500	False	True	False	True	False	False
ERR346596	ERR346596.112973	bb1,bb1.1,cr1	JK3	60.000	100.000	True	False	True	False	False	False
ERR346596	ERR346596.112996	J558.8	JH3	84.694	100.000	True	False	True	False	False	False
ERR346596	ERR346596.113024	J558.17	JH2	93.750	57.143	False	True	False	True	False	False
ERR346596	ERR346596.113047	J558.47	JH3	20.619	100.000	True	False	True	False	False	False
ERR346596	ERR346596.113101	J558.29	JH4	53.608	100.000	True	False	True	False	False	False
ERR346596	ERR346596.113165	J558.55.149	JH2	45.361	100.000	True	False	True	False	False	False
ERR346596	ERR346596.113210	J558.35	JH4	37.113	100.000	True	False	True	False	False	False
ERR346596	ERR346596.113258	VHS107.a3.106	JH1	25.743	100.000	True	False	True	False	False	False
ERR346596	ERR346596.113280	J558.5	JH4	46.392	81.250	True	True	True	True	False	False
ERR346596	ERR346596.113358	J558.70pg.171,J558.n	JH4	57.732	100.000	True	False	True	False	False	False
ERR346596	ERR346596.113431	J558.47	JH1	25.773	100.000	True	False	True	False	False	False
ERR346596	ERR346596.113405	VH36-60.a4.111	JH3	75.000	100.000	True	False	True	False	False	False
ERR346596	ERR346596.113468	J558.h	JH4	81.250	93.750	True	False	True	False	False	False
ERR346596	ERR346596.113461	VHSM7.a3.93	JH2	29.897	100.000	True	False	True	False	False	False
ERR346596	ERR346596.113473	J558.5	JH4	94.845	75.000	False	True	False	True	False	False
ERR346596	ERR346596.113540	J558.17	JH3	94.792	38.462	False	True	False	True	False	False
ERR346596	ERR346596.113552	J558.1	JH2	70.103	100.000	True	False	True	False	False	False
ERR346596	ERR346596.113502	J558.5	JH4	94.898	81.250	False	True	False	True	False	False
ERR346596	ERR346596.113593	VHQ52.a27.79	JH1	69.072	100.000	True	False	True	False	False	False
ERR346596	ERR346596.113629	J558.32	JH4	16.667	100.000	True	False	True	False	False	False
ERR346596	ERR346596.113630	VH7183.a4.6,VHD6.96	JH4	5.155	92.857	True	False	True	False	False	False
ERR346596	ERR346596.113643	J558.83.189	JH2	8.247	100.000	True	False	True	False	False	False
ERR346596	ERR346596.113666	J558.50	JH3	84.536	100.000	True	False	True	False	False	False
ERR346596	ERR346596.113790	J558.47	JH2	20.833	100.000	True	False	True	False	False	False
ERR346596	ERR346596.113898	J558.18	JH4	93.878	35.714	False	True	False	True	False	False
ERR346596	ERR346596.113797	J558.33	JH4	95.876	35.714	False	True	False	True	False	False
ERR346596	ERR346596.114103	J558.83.189	JH2	93.814	58.333	False	True	False	True	False	False
ERR346596	ERR346596.114219	J558.37,J558.38,J558.39		80.000		True	False	True	False	False	False
ERR346596	ERR346596.114240	VHSM7.a3.93	JH2	84.375	100.000	True	False	True	False	False	False
ERR346596	ERR346596.114478	J558.19	JH2	74.227	100.000	True	False	True	False	False	False
ERR346596	ERR346596.114517	VHSM7.a3.93	JH3	100.000	38.462	False	True	False	True	False	False
ERR346596	ERR346596.114542	VH61-1P,VH7183.a47.76	JH4	10.309	100.000	True	False	True	False	False	False
ERR346596	ERR346596.114608	J558.15pg.105,J558.21pg.111,J558.25pg.115	JH3	15.464	100.000	True	False	True	False	False	False
ERR346596	ERR346596.114616	J558.50	JH3	83.673	100.000	True	False	True	False	False	False
ERR346596	ERR346596.114710	J558.17	JH3	100.000	53.846	False	True	False	True	False	False
ERR346596	ERR346596.114764	J558.83.189	JH2	52.041	100.000	True	False	True	False	False	False
ERR346596	ERR346596.114772	J558.5	JH4	93.878	81.250	False	True	False	True	False	False
ERR346596	ERR346596.114981	VHQ52.a27.79	JH2	78.125	100.000	True	False	True	False	False	False
ERR346596	ERR346596.114996	J558.50	JH3	83.505	100.000	True	False	True	False	False	False
ERR346596	ERR346596.115041	VH36-60.a7psi.116		62.500		True	False	True	False	False	False
ERR346596	ERR346596.115112	VH36-60.a1.85	JH4	98.969	70.588	False	True	False	True	False	False
ERR346596	ERR346596.115218	VHSM7.a3.93	JH3	67.010	100.000	True	False	True	False	False	False
ERR346596	ERR346596.115249	VH7183.a35.57	JH2	4.082	100.000	True	False	True	False	False	False
ERR346596	ERR346596.115287	J558.50	JH3	83.673	100.000	True	False	True	False	False	False
ERR346596	ERR346596.115301	Q52.1pg.2,VHQ52.a1psi.2		62.500		True	False	True	False	False	False
ERR346596	ERR346596.115327	VH7183.a4.6,VHD6.96	JH4	31.633	100.000	True	False	True	False	False	False
ERR346596	ERR346596.115340	J558.h	JH4	82.292	93.750	True	False	True	False	False	False
ERR346596	ERR346596.115435	J558.50	JH3	82.653	100.000	True	False	True	False	False	False
ERR346596	ERR346596.115581	VHSM7.a3.93	JH2	8.247	100.000	True	False	True	False	False	False
ERR346596	ERR346596.115541	J558.h	JH4	60.825	100.000	True	False	True	False	False	False
ERR346596	ERR346596.115598	J558.37	JH2	67.010	100.000	True	False	True	False	False	False
ERR346596	ERR346596.115490	J558.40	JH2	7.216	100.000	True	False	True	False	False	False
ERR346596	ERR346596.115626	Vh10.2a	JH4	93.939	82.353	False	True	False	True	False	False
ERR346596	ERR346596.115654	J558.47	JH2	75.510	100.000	True	False	True	False	False	False
ERR346596	ERR346596.115651	J558.h	JH4	81.633	92.857	True	False	True	False	False	False
ERR346596	ERR346596.115693	J558.45	JH3	62.887	100.000	True	False	True	False	False	False
ERR346596	ERR346596.115732	VH7183.a4.6,VHD6.96	JH4	9.278	100.000	True	False	True	False	False	False
ERR346596	ERR346596.115759	J558.23	JH4	98.980	50.000	False	True	False	True	False	False
ERR346596	ERR346596.115778	J558.64.162,J558.74.176	JH3	40.206	100.000	True	False	True	False	False	False
ERR346596	ERR346596.115914	J558.22	JH3	59.375	100.000	True	False	True	False	False	False
ERR346596	ERR346596.115896	J558.50	JH3	82.653	100.000	True	False	True	False	False	False
ERR346596	ERR346596.115967	J558.47	JH2	53.125	93.333	True	False	True	False	False	False
ERR346596	ERR346596.116061	J558.50	JH3	81.250	100.000	True	False	True	False	False	False
ERR346596	ERR346596.116138	J558.33	JH3	4.082	100.000	True	False	True	False	False	False
ERR346596	ERR346596.116236	V11,VHS107.a3.106	JH2	38.614	100.000	True	False	True	False	False	False
ERR346596	ERR346596.116277	VHQ52.a22.67	JH2	9.278	100.000	True	False	True	False	False	False
ERR346596	ERR346596.116373	J558.2	JH3	60.417	71.429	True	True	True	True	False	False
ERR346596	ERR346596.116401	J558.44	JH4	36.082	100.000	True	False	True	False	False	False
ERR346596	ERR346596.116513	VH7183.a46.75	JH4	35.714	100.000	True	False	True	False	False	False
ERR346596	ERR346596.116490	Q52.3.8,VHQ52.a3.8	JH2	9.474	100.000	True	False	True	False	False	False
ERR346596	ERR346596.116668	J558.50	JH3	84.694	100.000	True	False	True	False	False	False
ERR346596	ERR346596.116697	VH7183.a4.6,VHD6.96	JH4	5.155	92.308	True	False	True	False	False	False
ERR346596	ERR346596.116709	J558.70pg.171,J558.n	JH4	84.536	88.235	True	False	True	False	False	False
ERR346596	ERR346596.116712	J558.16.106,J558.2,J558.21pg.111		72.727		True	False	True	False	False	False
ERR346596	ERR346596.116760	J558.32	JH4	54.167	100.000	True	False	True	False	False	False
ERR346596	ERR346596.116776	VHQ52.a17.46	JH1,JH3	66.667	100.000	True	False	True	False	False	False
ERR346596	ERR346596.116862	J558.45	JH1	18.557	100.000	True	False	True	False	False	False
ERR346596	ERR346596.116976	J558.64.162,J558.74.176	JH1	28.125	100.000	True	False	True	False	False	False
ERR346596	ERR346596.116914	J558.37	JH3	53.608	100.000	True	False	True	False	False	False
ERR346596	ERR346596.117031	J606.4.82		50.000		True	False	True	False	False	False
ERR346596	ERR346596.117102	J558.70pg.171,J558.n	JH4	10.309	100.000	True	False	True	False	False	False
ERR346596	ERR346596.117169	V11,VHS107.a3.106	JH2	50.000	92.857	True	False	True	False	False	False
ERR346596	ERR346596.117320	J558.23	JH4	98.969	35.714	False	True	False	True	False	False
ERR346596	ERR346596.117496	J558.18	JH4	32.990	100.000	True	False	True	False	False	False
ERR346596	ERR346596.117552	3:3.9,7183.7.10,VH7183.a7.10	JH2	97.938	80.000	False	True	False	True	False	False
ERR346596	ERR346596.117645	J558.5	JH4	91.837	81.250	False	True	False	True	False	False
ERR346596	ERR346596.117631	J558.54.148	JH4	46.939	100.000	True	False	True	False	False	False
ERR346596	ERR346596.117769	J558.17	JH2	94.792	78.571	False	True	False	True	False	False
ERR346596	ERR346596.117942	J558.47	JH2	100.000	64.286	False	True	False	True	False	False
ERR346596	ERR346596.117967	VHSM7.a3.93	JH4	5.102	100.000	True	False	True	False	False	False
ERR346596	ERR346596.117964	J558.8	JH2	52.577	100.000	True	False	True	False	False	False
ERR346596	ERR346596.118027	J558.33	JH3	35.052	100.000	True	False	True	False	False	False
ERR346596	ERR346596.118100	J558.33	JH3	71.134	100.000	True	False	True	False	False	False
ERR346596	ERR346596.118207	J558.83.189	JH4	21.649	100.000	True	False	True	False	False	False
ERR346596	ERR346596.118443	VHQ52.a27.79,VOx-1	JH4	79.167	100.000	True	False	True	False	False	False
ERR346596	ERR346596.118483	J558.45	JH4	90.722	82.353	False	True	False	True	False	False
ERR346596	ERR346596.118532	VHA1	JH4	4.124	100.000	True	False	True	False	False	False
ERR346596	ERR346596.118632	J558.h	JH2	84.536	100.000	True	False	True	False	False	False
ERR346596	ERR346596.118566	J558.37	JH4	49.485	100.000	True	False	True	False	False	False
ERR346596	ERR346596.118674	J558.h	JH4	84.536	92.857	True	False	True	False	False	False
ERR346596	ERR346596.118722	VHQ52.a27.79	JH1	80.208	100.000	True	False	True	False	False	False
ERR346596	ERR346596.118760	J558.17	JH3	5.208	100.000	True	False	True	False	False	False
ERR346596	ERR346596.118744	VH7183.1b	JH4	45.918	94.118	True	False	True	False	False	False
ERR346596	ERR346596.118843	J558.5	JH4	94.898	81.250	False	True	False	True	False	False
ERR346596	ERR346596.118944	J558.39	JH3	90.722	78.571	False	True	False	True	False	False
ERR346596	ERR346596.118922	VHQ52.a27.79	JH1	15.789	100.000	True	False	True	False	False	False
ERR346596	ERR346596.119058	VHSM7.a3.93	JH1	57.292	100.000	True	False	True	False	False	False
ERR346596	ERR346596.119152	VHQ52.a27.79	JH1	11.340	100.000	True	False	True	False	False	False
ERR346596	ERR346596.119193	J558.h	JH4	7.216	100.000	True	False	True	False	False	False
ERR346596	ERR346596.119254	J558.19.109,J558.37.127	JH3	16.495	100.000	True	False	True	False	False	False
ERR346596	ERR346596.119294	VHQ52.a22.67	JH1	31.959	100.000	True	False	True	False	False	False
ERR346596	ERR346596.119311	VHQ52.a19.61	JH1	10.417	100.000	True	False	True	False	False	False
ERR346596	ERR346596.119387	J558.5	JH4	93.814	81.250	False	True	False	True	False	False
ERR346596	ERR346596.119369	VH36-60.a2.90	JH2	27.835	100.000	True	False	True	False	False	False
ERR346596	ERR346596.119441	J558.19	JH1	38.776	100.000	True	False	True	False	False	False
ERR346596	ERR346596.119478	21-11,21-6		16.667		True	False	True	False	False	False
ERR346596	ERR346596.119544	J558.37.127	JH4	82.292	100.000	True	False	True	False	False	False
ERR346596	ERR346596.119481	J558.20	JH3	21.875	100.000	True	False	True	False	False	False
ERR346596	ERR346596.119586	J558.50	JH3	84.536	100.000	True	False	True	False	False	False
ERR346596	ERR346596.119551	J558.37.127	JH3	5.208	100.000	True	False	True	False	False	False
ERR346596	ERR346596.119714	J558.50	JH3	84.375	100.000	True	False	True	False	False	False
ERR346596	ERR346596.119691	SM7.1.44,SM7.2.49,VHSM7.a3.93	JH2	80.000	100.000	True	False	True	False	False	False
ERR346596	ERR346596.119713	J558.5	JH4	94.898	81.250	False	True	False	True	False	False
ERR346596	ERR346596.119744	VHS107.a3.106	JH1	48.515	100.000	True	False	True	False	False	False
ERR346596	ERR346596.119796	J558.f	JH1	65.979	100.000	True	False	True	False	False	False
ERR346596	ERR346596.119779	VHSM7.a4.108	JH3	52.632	100.000	True	False	True	False	False	False
ERR346596	ERR346596.119807	J558.40	JH2	16.495	100.000	True	False	True	False	False	False
ERR346596	ERR346596.119857	J558.23	JH4	5.208	100.000	True	False	True	False	False	False
ERR346596	ERR346596.119860	VHSM7.a3.93	JH4	96.907	35.714	False	True	False	True	False	False
ERR346596	ERR346596.119833	J558.l	JH4	53.125	93.333	True	False	True	False	False	False
ERR346596	ERR346596.119896	J558.54.148	JH3	92.857	83.333	False	True	False	True	False	False
ERR346596	ERR346596.119906	VH7183.a19.31	JH2	78.351	100.000	True	False	True	False	False	False
ERR346596	ERR346596.119979	J558.h	JH4	82.474	92.857	True	False	True	False	False	False
ERR346596	ERR346596.120019	VHA1	JH4	61.458	100.000	True	False	True	False	False	False
ERR346596	ERR346596.119997	J558.79.184	JH4	82.474	87.500	True	False	True	False	False	False
ERR346596	ERR346596.120177	J558.12.102	JH4	63.736	100.000	True	False	True	False	False	False
ERR346596	ERR346596.120333	J558.64.162,J558.74.176	JH3	40.206	100.000	True	False	True	False	False	False
ERR346596	ERR346596.120361	J558.50	JH3	83.505	100.000	True	False	True	False	False	False
ERR346596	ERR346596.120390	VH36-60.a8.117,VH36-60.a9.121#	JH2	61.458	93.333	True	False	True	False	False	False
ERR346596	ERR346596.120319	V1,VHS107.a1.81	JH4	36.000	100.000	True	False	True	False	False	False
ERR346596	ERR346596.120416	J558.1	JH2	73.958	100.000	True	False	True	False	False	False
ERR346596	ERR346596.120501	VH7183.a4.6,VHD6.96	JH4	36.082	100.000	True	False	True	False	False	False
ERR346596	ERR346596.120743	J558.50	JH3	81.633	100.000	True	False	True	False	False	False
ERR346596	ERR346596.120866	J558.45	JH4	37.500	100.000	True	False	True	False	False	False
ERR346596	ERR346596.120886	J558.45	JH4	92.784	82.353	False	True	False	True	False	False
ERR346596	ERR346596.121030	J558.h	JH4	83.505	93.750	True	False	True	False	False	False
ERR346596	ERR346596.121120	J558.l	JH4	77.320	93.333	True	False	True	False	False	False
ERR346596	ERR346596.121138	J558.h	JH4	59.375	100.000	True	False	True	False	False	False
ERR346596	ERR346596.121146	J558.37.127	JH4	36.082	100.000	True	False	True	False	False	False
ERR346596	ERR346596.121156	J558.19.109,J558.37.127	JH3	14.433	93.333	True	False	True	False	False	False
ERR346596	ERR346596.121180	J558.50	JH3	84.536	100.000	True	False	True	False	False	False
ERR346596	ERR346596.121210	ki4		66.667		True	False	True	False	False	False
ERR346596	ERR346596.121253	J558.5	JH4	93.814	81.250	False	True	False	True	False	False
ERR346596	ERR346596.121309	J558.h	JH4	84.375	93.333	True	False	True	False	False	False
ERR346596	ERR346596.121338	J558.17	JH3	6.250	100.000	True	False	True	False	False	False
ERR346596	ERR346596.121507	J558.50	JH3	84.694	100.000	True	False	True	False	False	False
ERR346596	ERR346596.121444	J558.19	JH2	67.708	100.000	True	False	True	False	False	False
ERR346596	ERR346596.121539	VHSM7.a3.93	JH2	62.887	100.000	True	False	True	False	False	False
ERR346596	ERR346596.121521	J558.5	JH4	91.837	81.250	False	True	False	True	False	False
ERR346596	ERR346596.121604	VHQ52.a15.42	JH3	80.208	100.000	True	False	True	False	False	False
ERR346596	ERR346596.121674	Q52.3.8,VHQ52.a3.8	JH4	12.500	100.000	True	False	True	False	False	False
ERR346596	ERR346596.121729	J558.45	JH3	9.278	100.000	True	False	True	False	False	False
ERR346596	ERR346596.121636	J558.50	JH3	81.633	92.857	True	False	True	False	False	False
ERR346596	ERR346596.121650	J558.50	JH3	63.918	100.000	True	False	True	False	False	False
ERR346596	ERR346596.121734	J558.21pg.111,J558.25pg.115	JH3	83.505	100.000	True	False	True	False	False	False
ERR346596	ERR346596.121755	VHQ52.a15.42	JH4	80.412	100.000	True	False	True	False	False	False
ERR346596	ERR346596.121753	VH7183.a4.6,VHD6.96	JH4	21.429	86.667	True	False	True	False	False	False
ERR346596	ERR346596.121879	J558.33	JH4	66.667	100.000	True	False	True	False	False	False
ERR346596	ERR346596.121925	MAI1,MBK2,PWK1	JL2,JL3	16.667	50.000	True	True	True	True	False	False
ERR346596	ERR346596.121977	VHA1	JH2	98.980	80.000	False	True	False	True	False	False
ERR346596	ERR346596.122076	J558.5	JH4	94.845	81.250	False	True	False	True	False	False
ERR346596	ERR346596.122167	J558.8	JH3	84.536	100.000	True	False	True	False	False	False
ERR346596	ERR346596.122166	VHS107.a3.106	JH2	52.475	100.000	True	False	True	False	False	False
ERR346596	ERR346596.122235	VH36-60.a1.85	JH1	34.375	100.000	True	False	True	False	False	False
ERR346596	ERR346596.122281	V11,VHS107.a3.106	JH2	91.089	80.000	False	True	False	True	False	False
ERR346596	ERR346596.122323	Q52.3.8,VHQ52.a3.8		50.000		True	False	True	False	False	False
ERR346596	ERR346596.122273	VHX24.a1.84	JH4	77.320	100.000	True	False	True	False	False	False
ERR346596	ERR346596.122395	VHQ52.a22.67	JH2	12.500	91.667	True	False	True	False	False	False
ERR346596	ERR346596.122422	VHSM7.a3.93	JH2	66.327	100.000	True	False	True	False	False	False
ERR346596	ERR346596.122443	VHSM7.a3.93	JH2	62.887	100.000	True	False	True	False	False	False
ERR346596	ERR346596.122471	J558.64.162,J558.74.176	JH3	58.333	100.000	True	False	True	False	False	False
ERR346596	ERR346596.122513	VHQ52.a27.79	JH1	80.208	100.000	True	False	True	False	False	False
ERR346596	ERR346596.122584	J558.45	JH3	9.375	100.000	True	False	True	False	False	False
ERR346596	ERR346596.122650	VHS107.a3.106	JH1	78.218	100.000	True	False	True	False	False	False
ERR346596	ERR346596.122735	J558.11	JH4	80.412	93.333	True	False	True	False	False	False
ERR346596	ERR346596.122730	J558.48,J558.k	JH2,JH3	70.000	100.000	True	False	True	False	False	False
ERR346596	ERR346596.122708	J558.11	JH1	69.474	100.000	True	False	True	False	False	False
ERR346596	ERR346596.122818	J558.50	JH3	82.474	100.000	True	False	True	False	False	False
ERR346596	ERR346596.123001	J558.50	JH3	81.633	92.857	True	False	True	False	False	False
ERR346596	ERR346596.123071	J558.h	JH4	84.536	93.750	True	False	True	False	False	False
ERR346596	ERR346596.123090	J558.2	JH3	83.505	92.857	True	False	True	False	False	False
ERR346596	ERR346596.123059	ki4	JK4	66.667	100.000	True	False	True	False	False	False
ERR346596	ERR346596.123086	VHSM7.a3.93	JH4	94.845	80.000	False	True	False	True	False	False
ERR346596	ERR346596.123150	J558.45	JH3	84.536	100.000	True	False	True	False	False	False
ERR346596	ERR346596.123294	VHQ52.a27.79,VOx-1	JH4	23.958	100.000	True	False	True	False	False	False
ERR346596	ERR346596.123341	J558.70pg.171,J558.n	JH2	82.653	90.000	True	False	True	False	False	False
ERR346596	ERR346596.123287	J558.4	JH3	61.458	100.000	True	False	True	False	False	False
ERR346596	ERR346596.123463	J606.4.82	JH2	43.434	100.000	True	False	True	False	False	False
ERR346596	ERR346596.123607	VHQ52.a27.79,VOx-1	JH1	77.895	100.000	True	False	True	False	False	False
ERR346596	ERR346596.123611	VHQ52.a27.79,VOx-1	JH4	35.789	100.000	True	False	True	False	False	False
ERR346596	ERR346596.123596	VH61-1P,VH7183.a47.76	JH4	26.804	100.000	True	False	True	False	False	False
ERR346596	ERR346596.123609	MAI1,MBK2,PWK2		66.667		True	False	True	False	False	False
ERR346596	ERR346596.123608	J558.83.189	JH2	61.458	100.000	True	False	True	False	False	False
ERR346596	ERR346596.123559	J558.h	JH4	82.292	93.750	True	False	True	False	False	False
ERR346596	ERR346596.123698	J558.5	JH4	93.478	81.250	False	True	False	True	False	False
ERR346596	ERR346596.123750	21-1,21-10,21-2		80.000		True	False	True	False	False	False
ERR346596	ERR346596.123823	J558.29	JH4	51.546	100.000	True	False	True	False	False	False
ERR346596	ERR346596.123815	H13-3	JH2,JH3,JH4	77.778	100.000	True	False	True	False	False	False
ERR346596	ERR346596.123899	VH7183.a46.75	JH4	45.918	100.000	True	False	True	False	False	False
ERR346596	ERR346596.123812	J558.17	JH2	98.958	42.857	False	True	False	True	False	False
ERR346596	ERR346596.123942	VHX24.a1.84	JH3	82.474	100.000	True	False	True	False	False	False
ERR346596	ERR346596.124047	SM7.1.44,SM7.2.49,VHSM7.a3.93	JH2	77.778	100.000	True	False	True	False	False	False
ERR346596	ERR346596.124084	VH7183.7b	JH4	19.192	100.000	True	False	True	False	False	False
ERR346596	ERR346596.124066	VHQ52.a27.79	JH3	80.412	92.308	True	False	True	False	False	False
ERR346596	ERR346596.124134	J558.33	JH3	6.250	100.000	True	False	True	False	False	False
ERR346596	ERR346596.124197	VH7183.a4.6,VHD6.96	JH4	73.196	100.000	True	False	True	False	False	False
ERR346596	ERR346596.124241	J558.18A,J558.54,J558.83.189	JH1	50.000	100.000	True	False	True	False	False	False
ERR346596	ERR346596.124288	VHQ52.a27.79,VOx-1	JH4	81.053	100.000	True	False	True	False	False	False
ERR346596	ERR346596.124295	J558.29	JH4	95.876	35.714	False	True	False	True	False	False
ERR346596	ERR346596.124375	J558.47	JH2	77.320	100.000	True	False	True	False	False	False
ERR346596	ERR346596.124458	VHSM7.a3.93	JH2	83.505	100.000	True	False	True	False	False	False
ERR346596	ERR346596.124461	VH7183.a4.6,VHD6.96	JH2	65.306	100.000	True	False	True	False	False	False
ERR346596	ERR346596.124660	VH7183.a4.6,VHD6.96	JH4	42.268	92.857	True	False	True	False	False	False
ERR346596	ERR346596.124680	VH7183.a4.6,VHD6.96	JH4	34.021	100.000	True	False	True	False	False	False
ERR346596	ERR346596.124789	VHQ52.a27.79	JH1	100.000	43.750	False	True	False	True	False	False
ERR346596	ERR346596.124726	VHQ52.a27.79	JH1	27.368	100.000	True	False	True	False	False	False
ERR346596	ERR346596.124857	J558.54.148	JH2	31.959	93.333	True	False	True	False	False	False
ERR346596	ERR346596.124935	VH36-60.a8.117,VH36-60.a9.121#	JH2	31.959	100.000	True	False	True	False	False	False
ERR346596	ERR346596.125010	SM7.1.44,SM7.2.49,VHSM7.a3.93	JH2	20.000	100.000	True	False	True	False	False	False
ERR346596	ERR346596.125127	J558.44	JH4	95.833	81.250	False	True	False	True	False	False
ERR346596	ERR346596.125165	VHS107.a3.106	JH1	50.495	100.000	True	False	True	False	False	False
ERR346596	ERR346596.125267	J558.50	JH3	84.375	100.000	True	False	True	False	False	False
ERR346596	ERR346596.125278	J558.8	JH2	26.804	100.000	True	False	True	False	False	False
ERR346596	ERR346596.125354	J558.17	JH3	100.000	73.333	False	True	False	True	False	False
ERR346596	ERR346596.125392	VH36-60.a2.90	JH4	95.876	82.353	False	True	False	True	False	False
ERR346596	ERR346596.125476	J558.50	JH3	84.694	100.000	True	False	True	False	False	False
ERR346596	ERR346596.125404	J558.h	JH4	7.292	100.000	True	False	True	False	False	False
ERR346596	ERR346596.125590	VHS107.a3.106	JH2	5.941	100.000	True	False	True	False	False	False
ERR346596	ERR346596.125611	J558.52.145,J558.61.157,V3	JH2	84.536	100.000	True	False	True	False	False	False
ERR346596	ERR346596.125895	VHSM7.a1.83	JH2	58.333	100.000	True	False	True	False	False	False
ERR346596	ERR346596.125945	J558.44	JH3	31.250	100.000	True	False	True	False	False	False
ERR346596	ERR346596.125965	PG.14.73,VH16.1.55		70.000		True	False	True	False	False	False
ERR346596	ERR346596.125982	Q52.3.8,VHQ52.a3.8	JH2	11.579	100.000	True	False	True	False	False	False
ERR346596	ERR346596.125995	J558.50	JH3	83.505	100.000	True	False	True	False	False	False
ERR346596	ERR346596.126119	VH61-1P,VH7183.a47.76	JH4	9.278	100.000	True	False	True	False	False	False
ERR346596	ERR346596.126195	VHQ52.a27.79,VOx-1	JH2	77.083	100.000	True	False	True	False	False	False
ERR346596	ERR346596.126191	V11,VHS107.a3.106	JH1	20.000	100.000	True	False	True	False	False	False
ERR346596	ERR346596.126328	J558.40	JH2	58.763	100.000	True	False	True	False	False	False
ERR346596	ERR346596.126260	VHQ52.a27.79,VOx-1	JH4	65.263	100.000	True	False	True	False	False	False
ERR346596	ERR346596.126338	J558.2	JH4	22.917	100.000	True	False	True	False	False	False
ERR346596	ERR346596.126483	VH36-60.a2.90	JH3	6.186	100.000	True	False	True	False	False	False
ERR346596	ERR346596.126572	VHQ52.a27.79	JH1	97.917	46.667	False	True	False	True	False	False
ERR346596	ERR346596.126593	VHQ52.a27.79	JH1	9.278	100.000	True	False	True	False	False	False
ERR346596	ERR346596.126524	SM7.1.44,SM7.2.49,VHSM7.a3.93	JH2	80.000	100.000	True	False	True	False	False	False
ERR346596	ERR346596.126713	VHQ52.a22.67	JH2	8.333	100.000	True	False	True	False	False	False
ERR346596	ERR346596.126738	VHQ52.a22.67	JH4	95.833	68.750	False	True	False	True	False	False
ERR346596	ERR346596.126857	J558.45	JH4	70.833	93.750	True	False	True	False	False	False
ERR346596	ERR346596.126869	J558.5	JH4	91.753	81.250	False	True	False	True	False	False
ERR346596	ERR346596.126895	J558.83.189	JH2	54.639	100.000	True	False	True	False	False	False
ERR346596	ERR346596.126919	J558.2	JH2	31.959	100.000	True	False	True	False	False	False
ERR346596	ERR346596.126936	VHSM7.a3.93	JH4	94.898	80.000	False	True	False	True	False	False
ERR346596	ERR346596.126987	J558.47	JH2	73.196	100.000	True	False	True	False	False	False
ERR346596	ERR346596.127033	J558.50	JH3	83.673	100.000	True	False	True	False	False	False
ERR346596	ERR346596.127149	J558.47	JH1	12.371	100.000	True	False	True	False	False	False
ERR346596	ERR346596.127159	J558.50	JH3	84.536	100.000	True	False	True	False	False	False
ERR346596	ERR346596.127156	SM7.1.44,SM7.2.49,VHSM7.a3.93	JH2	77.778	100.000	True	False	True	False	False	False
ERR346596	ERR346596.127182	VHSM7.a3.93	JH4	51.546	85.714	True	False	True	False	False	False
ERR346596	ERR346596.127209	VHSM7.a4.108	JH3	84.375	100.000	True	False	True	False	False	False
ERR346596	ERR346596.127230	J558.5	JH4	94.845	81.250	False	True	False	True	False	False
ERR346596	ERR346596.127321	J558.26.116,J558.5,J558.8	JH1	89.796	82.353	False	True	False	True	False	False
ERR346596	ERR346596.127470	VH7183.a33.55	JH2	78.571	100.000	True	False	True	False	False	False
ERR346596	ERR346596.127420	VH7183.a4.6,VHD6.96	JH4	9.278	92.857	True	False	True	False	False	False
ERR346596	ERR346596.127444	VHS107.a3.106	JH2	98.020	84.615	False	True	False	True	False	False
ERR346596	ERR346596.127490	VHQ52.a24.72	JH3	42.268	93.333	True	False	True	False	False	False
ERR346596	ERR346596.127550	J558.14pg.104	JH4	71.429	100.000	True	False	True	False	False	False
ERR346596	ERR346596.127630	MAI1,MBK2,PWK2		66.667		True	False	True	False	False	False
ERR346596	ERR346596.127658	Q52.2.4	JH2	89.583	84.615	False	True	False	True	False	False
ERR346596	ERR346596.127745	J558.2	JH3	87.500	78.571	False	True	False	True	False	False
ERR346596	ERR346596.127674	VHQ52.a27.79,VOx-1	JH4	51.042	100.000	True	False	True	False	False	False
ERR346596	ERR346596.127747	VHSM7.a3.93	JH4	30.928	100.000	True	False	True	False	False	False
ERR346596	ERR346596.127760	VHSM7.a3.93	JH3	95.833	78.571	False	True	False	True	False	False
ERR346596	ERR346596.127979	VHS107.a4.110	JH3	57.843	100.000	True	False	True	False	False	False
ERR346596	ERR346596.127985	J558.50	JH3	83.505	100.000	True	False	True	False	False	False
ERR346596	ERR346596.127982	J558.13,J558.54.148	JH4	5.208	100.000	True	False	True	False	False	False
ERR346596	ERR346596.128023	VHQ52.a23.68	JH2	76.923	100.000	True	False	True	False	False	False
ERR346596	ERR346596.127967	J558.33	JH4	92.784	81.250	False	True	False	True	False	False
ERR346596	ERR346596.128144	J558.50	JH3	82.653	100.000	True	False	True	False	False	False
ERR346596	ERR346596.128156	VHSM7.a3.93	JH3	26.804	100.000	True	False	True	False	False	False
ERR346596	ERR346596.128183	J558.50	JH3	83.505	100.000	True	False	True	False	False	False
ERR346596	ERR346596.128215	J558.47	JH4	67.708	100.000	True	False	True	False	False	False
ERR346596	ERR346596.128238	VH7183.a7.10	JH4	52.041	100.000	True	False	True	False	False	False
ERR346596	ERR346596.128126	J558.h	JH2	84.536	100.000	True	False	True	False	False	False
ERR346596	ERR346596.128270	J558.k	JH4	36.082	100.000	True	False	True	False	False	False
ERR346596	ERR346596.128374	J558.33	JH2	60.000	100.000	True	False	True	False	False	False
ERR346596	ERR346596.128411	VHSM7.a3.93	JH2	69.792	100.000	True	False	True	False	False	False
ERR346596	ERR346596.128485	S107.2pg.43,S107.3.62,V11	JH4	75.000	100.000	True	False	True	False	False	False
ERR346596	ERR346596.128536	VHA1	JH2	98.980	80.000	False	True	False	True	False	False
ERR346596	ERR346596.128567	J558.33	JH2	59.375	100.000	True	False	True	False	False	False
ERR346596	ERR346596.128571	J558.46	JH3	84.694	92.308	True	False	True	False	False	False
ERR346596	ERR346596.128665	J558.45	JH4	89.583	82.353	False	True	False	True	False	False
ERR346596	ERR346596.128650	H13-3	JH2	39.583	100.000	True	False	True	False	False	False
ERR346596	ERR346596.128728	J558.45	JH4	16.667	100.000	True	False	True	False	False	False
ERR346596	ERR346596.128797	J558.17	JH4	40.000	100.000	True	False	True	False	False	False
ERR346596	ERR346596.128860	VHQ52.a27.79,VOx-1	JH2	96.907	25.000	False	True	False	True	False	False
ERR346596	ERR346596.128925	VHSM7.a3.93	JH3	57.895	100.000	True	False	True	False	False	False
ERR346596	ERR346596.129012	VH7183.a4.6,VHD6.96	JH4	46.939	100.000	True	False	True	False	False	False
ERR346596	ERR346596.129103	J558.16	JH2	53.125	92.308	True	False	True	False	False	False
ERR346596	ERR346596.129149	Q52.1pg.2,VHQ52.a1psi.2		62.500		True	False	True	False	False	False
ERR346596	ERR346596.129222	J606.4.82	JH4	95.000	37.500	False	True	False	True	False	False
ERR346596	ERR346596.129266	VHS107.a3.106	JH1	82.178	100.000	True	False	True	False	False	False
ERR346596	ERR346596.129210	J558.h	JH4	82.653	92.857	True	False	True	False	False	False
ERR346596	ERR346596.129344	VHJ606.a6.127#	JH3	39.394	100.000	True	False	True	False	False	False
ERR346596	ERR346596.129385	VH36-60.a1.85	JH2	96.939	84.615	False	True	False	True	False	False
ERR346596	ERR346596.129590	J558.50	JH3	82.653	100.000	True	False	True	False	False	False
ERR346596	ERR346596.129631	J558.h	JH4	82.105	100.000	True	False	True	False	False	False
ERR346596	ERR346596.129678	VHQ52.a27.79	JH1	29.897	100.000	True	False	True	False	False	False
ERR346596	ERR346596.129682	VH36-60.a2.90	JH3	60.825	30.769	True	True	True	True	False	False
ERR346596	ERR346596.129607	J558.33	JH3	8.333	100.000	True	False	True	False	False	False
ERR346596	ERR346596.129747	J558.70pg.171,J558.n	JH4	93.814	35.714	False	True	False	True	False	False
ERR346596	ERR346596.129767	VHQ52.a19.61	JH2	4.211	100.000	True	False	True	False	False	False
ERR346596	ERR346596.129772	J558.16.106	JH1	33.333	100.000	True	False	True	False	False	False
ERR346596	ERR346596.129922	J558.24,J558.80.186		66.667		True	False	True	False	False	False
ERR346596	ERR346596.129956	J558.48,J558.k	JH2,JH3	70.000	100.000	True	False	True	False	False	False
ERR346596	ERR346596.129910	VHQ52.a27.79	JH1	95.876	81.250	False	True	False	True	False	False
ERR346596	ERR346596.129946	J558.h	JH4	83.505	92.857	True	False	True	False	False	False
ERR346596	ERR346596.130051	J558.50	JH3	82.653	100.000	True	False	True	False	False	False
ERR346596	ERR346596.130140	J558.h	JH4	81.250	93.750	True	False	True	False	False	False
ERR346596	ERR346596.130185	J558.64.162,J558.74.176	JH3	9.375	100.000	True	False	True	False	False	False
ERR346596	ERR346596.130230	J558.47	JH1	29.897	100.000	True	False	True	False	False	False
ERR346596	ERR346596.130207	VH108A	JH4	60.000	100.000	True	False	True	False	False	False
ERR346596	ERR346596.130303	VHQ52.a27.79,VOx-1	JH4	77.895	100.000	True	False	True	False	False	False
ERR346596	ERR346596.130398	J558.20	JH2	100.000	35.714	False	True	False	True	False	False
ERR346596	ERR346596.130428	VHQ52.a27.79	JH4	81.443	100.000	True	False	True	False	False	False
ERR346596	ERR346596.130435	J558.h	JH4	84.694	92.857	True	False	True	False	False	False
ERR346596	ERR346596.130441	VHQ52.a27.79,VOx-1	JH4	44.211	100.000	True	False	True	False	False	False
ERR346596	ERR346596.130484	VHQ52.a27.79,VOx-1	JH4	28.421	100.000	True	False	True	False	False	False
ERR346596	ERR346596.130495	J558.20	JH1	43.750	100.000	True	False	True	False	False	False
ERR346596	ERR346596.130552	VH7183.a4.6,VHD6.96	JH4	9.375	100.000	True	False	True	False	False	False
ERR346596	ERR346596.130593	VHX24.a1.84	JH3	90.816	80.000	False	True	False	True	False	False
ERR346596	ERR346596.130499	VHQ52.a9.26	JH3	8.247	100.000	True	False	True	False	False	False
ERR346596	ERR346596.130605	J558.70pg.171,J558.n	JH4	84.536	88.235	True	False	True	False	False	False
ERR346596	ERR346596.130645	VHQ52.a27.79,VOx-1	JH4	76.842	100.000	True	False	True	False	False	False
ERR346596	ERR346596.130577	J558.70pg.171,J558.n	JH3	84.536	92.857	True	False	True	False	False	False
ERR346596	ERR346596.130661	VHQ52.a27.79,VOx-1	JH4	27.368	100.000	True	False	True	False	False	False
ERR346596	ERR346596.130654	V11,VHS107.a3.106	JH1	94.059	81.250	False	True	False	True	False	False
ERR346596	ERR346596.130688	VHSM7.a3.93	JH2	17.708	100.000	True	False	True	False	False	False
ERR346596	ERR346596.130728	J558.55.149,V165.1	JH2	9.890	100.000	True	False	True	False	False	False
ERR346596	ERR346596.130754	VHQ52.a27.79,VOx-1	JH4	94.737	35.714	False	True	False	True	False	False
ERR346596	ERR346596.130761	J558.5	JH4	92.784	81.250	False	True	False	True	False	False
ERR346596	ERR346596.130805	J558.45	JH4	37.500	93.750	True	False	True	False	False	False
ERR346596	ERR346596.130862	J558.38,J558.e	JH1,JH2,JH3	80.000	100.000	True	False	True	False	False	False
ERR346596	ERR346596.130902	VHQ52.a27.79,VOx-1	JH4	80.000	100.000	True	False	True	False	False	False
ERR346596	ERR346596.130938	VH36-60.a2.90	JH4	41.237	100.000	True	False	True	False	False	False
ERR346596	ERR346596.130903	J558.47	JH2	74.227	100.000	True	False	True	False	False	False
ERR346596	ERR346596.131042	J558.20pg.110	JH4	66.667	100.000	True	False	True	False	False	False
ERR346596	ERR346596.131053	VH7183.a7.10	JH4	29.592	100.000	True	False	True	False	False	False
ERR346596	ERR346596.131057	J558.83.189	JH2	45.918	100.000	True	False	True	False	False	False
ERR346596	ERR346596.131125	V11,VHS107.a3.106	JH1	47.000	100.000	True	False	True	False	False	False
ERR346596	ERR346596.131153	J558.17	JH2	50.526	100.000	True	False	True	False	False	False
ERR346596	ERR346596.131176	J558.29	JH4	65.979	100.000	True	False	True	False	False	False
ERR346596	ERR346596.131318	J558.f,VH104B		80.000		True	False	True	False	False	False
ERR346596	ERR346596.131383	SM7.1.44,SM7.2.49,VHSM7.a3.93	JH2	80.000	100.000	True	False	True	False	False	False
ERR346596	ERR346596.131392	VH7183.a4.6,VHD6.96	JH4	8.247	100.000	True	False	True	False	False	False
ERR346596	ERR346596.131511	VHQ52.a27.79,VOx-1	JH4	78.947	92.308	True	False	True	False	False	False
ERR346596	ERR346596.131485	J558.50	JH3	82.653	100.000	True	False	True	False	False	False
ERR346596	ERR346596.131419	V102	JH2	83.333	93.333	True	False	True	False	False	False
ERR346596	ERR346596.131491	J558.70pg.171,J558.n	JH4	8.247	100.000	True	False	True	False	False	False
ERR346596	ERR346596.131542	J558.h	JH4	84.536	93.333	True	False	True	False	False	False
ERR346596	ERR346596.131584	J558.39	JH2	7.292	100.000	True	False	True	False	False	False
ERR346596	ERR346596.131634	VHQ52.a19.61	JH2	5.263	100.000	True	False	True	False	False	False
ERR346596	ERR346596.131627	J558.55.149	JH2	25.773	100.000	True	False	True	False	False	False
ERR346596	ERR346596.131636	J558.13,J558.54.148	JH4	64.948	100.000	True	False	True	False	False	False
ERR346596	ERR346596.131655	J558.33	JH4	9.278	100.000	True	False	True	False	False	False
ERR346596	ERR346596.131849	J558.54.148	JH2	63.918	100.000	True	False	True	False	False	False
ERR346596	ERR346596.131830	VHQ52.a27.79	JH1	73.958	100.000	True	False	True	False	False	False
ERR346596	ERR346596.131886	VHX24.a1.84	JH2	94.565	30.769	False	True	False	True	False	False
ERR346596	ERR346596.131925	J558.50	JH3	82.653	92.857	True	False	True	False	False	False
ERR346596	ERR346596.131997	J558.24,J558.80.186		66.667		True	False	True	False	False	False
ERR346596	ERR346596.132040	J558.44	JH2	46.875	100.000	True	False	True	False	False	False
ERR346596	ERR346596.132048	VH7183.a7.10	JH4	6.186	92.857	True	False	True	False	False	False
ERR346596	ERR346596.132089	J558.54.148	JH3	94.845	83.333	False	True	False	True	False	False
ERR346596	ERR346596.132181	ki4	JK4	66.667	100.000	True	False	True	False	False	False
ERR346596	ERR346596.132242	J558.50	JH3	82.474	100.000	True	False	True	False	False	False
ERR346596	ERR346596.132389	VH7183.a4.6,VHD6.96	JH4	9.278	100.000	True	False	True	False	False	False
ERR346596	ERR346596.132735	J558.21pg.111,J558.25pg.115	JH3	83.505	100.000	True	False	True	False	False	False
ERR346596	ERR346596.132804	J558.50	JH3	82.653	100.000	True	False	True	False	False	False
ERR346596	ERR346596.132819	VH7183.a2.3	JH4	53.061	100.000	True	False	True	False	False	False
ERR346596	ERR346596.132855	J558.h	JH4	84.536	92.857	True	False	True	False	False	False
ERR346596	ERR346596.132941	VHQ52.a27.79,VOx-1	JH4	46.316	100.000	True	False	True	False	False	False
ERR346596	ERR346596.133000	gu33		66.667		True	False	True	False	False	False
ERR346596	ERR346596.133004	J558.50	JH3	83.505	100.000	True	False	True	False	False	False
ERR346596	ERR346596.133026	J558.50	JH3	81.443	100.000	True	False	True	False	False	False
ERR346596	ERR346596.133049	J558.50	JH3	84.536	100.000	True	False	True	False	False	False
ERR346596	ERR346596.133104	J558.h	JH4	82.474	92.857	True	False	True	False	False	False
ERR346596	ERR346596.133143	J558.h	JH4	82.653	92.857	True	False	True	False	False	False
ERR346596	ERR346596.133169	J558.5	JH3	84.694	100.000	True	False	True	False	False	False
ERR346596	ERR346596.133204	J558.35	JH4	43.158	100.000	True	False	True	False	False	False
ERR346596	ERR346596.133280	J558.h	JH4	83.505	100.000	True	False	True	False	False	False
ERR346596	ERR346596.133308	J558.48,J558.k	JH4	77.778	100.000	True	False	True	False	False	False
ERR346596	ERR346596.133317	J558.39	JH3	71.134	100.000	True	False	True	False	False	False
ERR346596	ERR346596.133340	J558.15	JH4	96.939	81.250	False	True	False	True	False	False
ERR346596	ERR346596.133352	VHA1	JH2	98.969	80.000	False	True	False	True	False	False
ERR346596	ERR346596.133430	J558.13	JH3	37.500	100.000	True	False	True	False	False	False
ERR346596	ERR346596.133474	J558.8	JH3	84.694	100.000	True	False	True	False	False	False
ERR346596	ERR346596.133542	S107.1.42,V1,VHS107.a1.81	JH1	77.778	100.000	True	False	True	False	False	False
ERR346596	ERR346596.133564	VHSM7.a3.93	JH3	6.250	100.000	True	False	True	False	False	False
ERR346596	ERR346596.133548	VHQ52.a27.79,VOx-1	JH4	15.789	100.000	True	False	True	False	False	False
ERR346596	ERR346596.133638	J558.50	JH4	35.417	100.000	True	False	True	False	False	False
ERR346596	ERR346596.133668	J558.50	JH3	82.292	100.000	True	False	True	False	False	False
ERR346596	ERR346596.133657	J558.5	JH4	94.845	81.250	False	True	False	True	False	False
ERR346596	ERR346596.133714	J558.83.189	JH2	19.792	100.000	True	False	True	False	False	False
ERR346596	ERR346596.133830	VHQ52.a27.79	JH1	80.208	100.000	True	False	True	False	False	False
ERR346596	ERR346596.133850	VHQ52.a27.79	JH3	29.897	92.857	True	False	True	False	False	False
ERR346596	ERR346596.133965	VHQ52.a27.79,VOx-1	JH4	70.526	100.000	True	False	True	False	False	False
ERR346596	ERR346596.133928	VH7183.a4.6,VHD6.96	JH4	10.309	100.000	True	False	True	False	False	False
ERR346596	ERR346596.133937	VHS107.a3.106	JH1	45.000	100.000	True	False	True	False	False	False
ERR346596	ERR346596.134142	V11,VHS107.a3.106	JH1	99.010	50.000	False	True	False	True	False	False
ERR346596	ERR346596.134170	J558.21pg.111,J558.25pg.115	JH3	82.474	100.000	True	False	True	False	False	False
ERR346596	ERR346596.134194	VH7183.a4.6,VHD6.96	JH4	34.375	100.000	True	False	True	False	False	False
ERR346596	ERR346596.134318	VHSM7.a3.93	JH3	8.247	92.857	True	False	True	False	False	False
ERR346596	ERR346596.134368	VHX24.a1.84	JH3	30.612	93.333	True	False	True	False	False	False
ERR346596	ERR346596.134396	J558.50	JH3	82.653	100.000	True	False	True	False	False	False
ERR346596	ERR346596.134457	VH7183.a4.6,VHD6.96	JH4	46.392	92.857	True	False	True	False	False	False
ERR346596	ERR346596.134596	J558.45	JH2	84.536	85.714	True	False	True	False	False	False
ERR346596	ERR346596.134661	J558.89pg.195	JH3	59.794	100.000	True	False	True	False	False	False
ERR346596	ERR346596.134834	J558.46	JH4	8.247	93.750	True	False	True	False	False	False
ERR346596	ERR346596.134949	VH7183.a2.3	JH4	53.061	100.000	True	False	True	False	False	False
ERR346596	ERR346596.134961	VHSM7.a3.93	JH4	10.417	100.000	True	False	True	False	False	False
ERR346596	ERR346596.135051	J558.50	JH3	82.292	100.000	True	False	True	False	False	False
ERR346596	ERR346596.135063	J558.83.189	JH2	30.928	100.000	True	False	True	False	False	False
ERR346596	ERR346596.135050	J558.64.162,J558.74.176	JH3	96.939	78.571	False	True	False	True	False	False
ERR346596	ERR346596.134988	Q52.3.8,VHQ52.a3.8	JH4	97.938	81.250	False	True	False	True	False	False
ERR346596	ERR346596.135073	VHX24.a1.84	JH3	4.396	100.000	True	False	True	False	False	False
ERR346596	ERR346596.135072	J558.24,J558.80.186		66.667		True	False	True	False	False	False
ERR346596	ERR346596.135273	J558.5	JH4	98.980	82.353	False	True	False	True	False	False
ERR346596	ERR346596.135367	VHQ52.a27.79	JH2	58.333	100.000	True	False	True	False	False	False
ERR346596	ERR346596.135410	J558.50	JH3	84.536	100.000	True	False	True	False	False	False
ERR346596	ERR346596.135514	VHSM7.a3.93	JH3	35.417	100.000	True	False	True	False	False	False
ERR346596	ERR346596.135552	J558.29	JH3	75.258	100.000	True	False	True	False	False	False
ERR346596	ERR346596.135585	SM7.3.54	JH1,JH2,JH3	80.000	100.000	True	False	True	False	False	False
ERR346596	ERR346596.135575	J558.83.189	JH2	64.286	100.000	True	False	True	False	False	False
ERR346596	ERR346596.135607	J558.1.85	JH3	93.069	66.667	False	True	False	True	False	False
ERR346596	ERR346596.135681	J558.50	JH3	84.536	100.000	True	False	True	False	False	False
ERR346596	ERR346596.135709	VHSM7.a3.93	JH2	83.505	100.000	True	False	True	False	False	False
ERR346596	ERR346596.135712	V11,VHS107.a3.106	JH1	40.000	93.750	True	False	True	False	False	False
ERR346596	ERR346596.135726	J558.50	JH3	83.673	100.000	True	False	True	False	False	False
ERR346596	ERR346596.135700	J558.5	JH4	94.898	81.250	False	True	False	True	False	False
ERR346596	ERR346596.135833	J558.46	JH4	95.876	33.333	False	True	False	True	False	False
ERR346596	ERR346596.135795	Q52.1pg.2,VHQ52.a1psi.2		71.429		True	False	True	False	False	False
ERR346596	ERR346596.135965	ki4	JK4	66.667	100.000	True	False	True	False	False	False
ERR346596	ERR346596.135997	J558.17	JH2	49.474	100.000	True	False	True	False	False	False
ERR346596	ERR346596.136075	VHS107.a3.106	JH1	40.594	100.000	True	False	True	False	False	False
ERR346596	ERR346596.136034	J558.48,J558.k	JH2,JH3	70.000	100.000	True	False	True	False	False	False
ERR346596	ERR346596.136276	J558.29	JH4	50.526	100.000	True	False	True	False	False	False
ERR346596	ERR346596.136132	VHQ52.a27.79	JH1	8.247	100.000	True	False	True	False	False	False
ERR346596	ERR346596.136169	J558.27pg.117	JH3	11.458	100.000	True	False	True	False	False	False
ERR346596	ERR346596.136349	J558.47	JH3	7.216	100.000	True	False	True	False	False	False
ERR346596	ERR346596.136399	J558.k	JH4	51.546	100.000	True	False	True	False	False	False
ERR346596	ERR346596.136400	J558.32	JH4	51.064	100.000	True	False	True	False	False	False
ERR346596	ERR346596.136404	J558.37.127	JH3	82.474	100.000	True	False	True	False	False	False
ERR346596	ERR346596.136467	J558.54.148	JH3	6.186	91.667	True	False	True	False	False	False
ERR346596	ERR346596.136439	J558.47	JH2	37.500	100.000	True	False	True	False	False	False
ERR346596	ERR346596.136544	J558.39	JH3	6.250	30.769	True	True	True	True	False	False
ERR346596	ERR346596.136441	J558.k	JH2	63.636	100.000	True	False	True	False	False	False
ERR346596	ERR346596.136581	J558.h	JH4	82.474	100.000	True	False	True	False	False	False
ERR346596	ERR346596.136620	J558.h	JH4	84.694	100.000	True	False	True	False	False	False
ERR346596	ERR346596.136638	VHSM7.a3.93	JH3	65.625	100.000	True	False	True	False	False	False
ERR346596	ERR346596.136580	J558.17	JH2	32.632	100.000	True	False	True	False	False	False
ERR346596	ERR346596.136763	J558.50	JH3	83.673	100.000	True	False	True	False	False	False
ERR346596	ERR346596.136772	Q52.3.8,VHQ52.a3.8	JH2	5.263	100.000	True	False	True	False	False	False
ERR346596	ERR346596.136814	VH7183.a7.10	JH4	47.959	100.000	True	False	True	False	False	False
ERR346596	ERR346596.136810	J558.50	JH3	82.653	100.000	True	False	True	False	False	False
ERR346596	ERR346596.136897	J558.i	JH4	58.511	100.000	True	False	True	False	False	False
ERR346596	ERR346596.136930	J558.50	JH3	82.474	100.000	True	False	True	False	False	False
ERR346596	ERR346596.136978	J558.53.146,V23	JH2	54.639	92.857	True	False	True	False	False	False
ERR346596	ERR346596.137020	VH108A	JH1	53.608	100.000	True	False	True	False	False	False
ERR346596	ERR346596.137042	VHQ52.a27.79,VOx-1	JH4	77.895	100.000	True	False	True	False	False	False
ERR346596	ERR346596.137047	VH36-60.a2.90	JH3	96.907	38.462	False	True	False	True	False	False
ERR346596	ERR346596.137083	VHSM7.a3.93	JH3	70.103	100.000	True	False	True	False	False	False
ERR346596	ERR346596.137254	J558.21pg.111,J558.25pg.115	JH3	83.505	100.000	True	False	True	False	False	False
ERR346596	ERR346596.137289	J558.55.149	JH2	18.557	100.000	True	False	True	False	False	False
ERR346596	ERR346596.137338	VH108A	JH1	40.206	100.000	True	False	True	False	False	False
ERR346596	ERR346596.137297	VH7183.a4.6,VHD6.96	JH4	26.804	92.857	True	False	True	False	False	False
ERR346596	ERR346596.137382	VHQ52.a22.67	JH1	5.208	93.750	True	False	True	False	False	False
ERR346596	ERR346596.137404	J558.17	JH3	34.375	93.333	True	False	True	False	False	False
ERR346596	ERR346596.137407	J558.70pg.171,J558.n	JH3	9.278	92.308	True	False	True	False	False	False
ERR346596	ERR346596.137448	J558.17	JH3	49.474	100.000	True	False	True	False	False	False
ERR346596	ERR346596.137655	J558.17	JH3	33.333	100.000	True	False	True	False	False	False
ERR346596	ERR346596.137669	VHS107.a3.106	JH1	96.040	76.471	False	True	False	True	False	False
ERR346596	ERR346596.137690	J558.h	JH4	82.474	92.857	True	False	True	False	False	False
ERR346596	ERR346596.137684	VHQ52.a27.79,VOx-1	JH4	72.917	100.000	True	False	True	False	False	False
ERR346596	ERR346596.137750	J558.h	JH4	81.443	93.750	True	False	True	False	False	False
ERR346596	ERR346596.137816	J558.46	JH4	73.196	87.500	True	False	True	False	False	False
ERR346596	ERR346596.137839	VHSM7.a3.93	JH4	65.625	100.000	True	False	True	False	False	False
ERR346596	ERR346596.137967	J558.50	JH3	84.536	92.857	True	False	True	False	False	False
ERR346596	ERR346596.137992	J558.5	JH4	94.565	75.000	False	True	False	True	False	False
ERR346596	ERR346596.138149	J606.4.82	JH2	91.919	78.571	False	True	False	True	False	False
ERR346596	ERR346596.138204	J558.50	JH3	84.536	100.000	True	False	True	False	False	False
ERR346596	ERR346596.138255	VHSM7.a3.93	JH3	63.918	100.000	True	False	True	False	False	False
ERR346596	ERR346596.138312	VHS107.a3.106	JH1	41.584	100.000	True	False	True	False	False	False
ERR346596	ERR346596.138373	J558.79.184,J558.h	JH4	84.694	100.000	True	False	True	False	False	False
ERR346596	ERR346596.138355	VHSM7.a3.93	JH2	84.375	100.000	True	False	True	False	False	False
ERR346596	ERR346596.138457	VHQ52.a27.79,VOx-1	JH1	79.167	100.000	True	False	True	False	False	False
ERR346596	ERR346596.138471	VH7183.a4.6,VHD6.96	JH4	54.639	100.000	True	False	True	False	False	False
ERR346596	ERR346596.138530	J558.64.162,J558.74.176	JH3	96.907	53.846	False	True	False	True	False	False
ERR346596	ERR346596.138566	VH7183.a37.59	JH3	32.990	100.000	True	False	True	False	False	False
ERR346596	ERR346596.138586	J558.12	JH1	73.196	100.000	True	False	True	False	False	False
ERR346596	ERR346596.138599	J558.45	JH2	84.694	92.857	True	False	True	False	False	False
ERR346596	ERR346596.138680	J558.2.88	JH2	14.583	100.000	True	False	True	False	False	False
ERR346596	ERR346596.138755	VHSM7.a1.83	JH4	65.979	100.000	True	False	True	False	False	False
ERR346596	ERR346596.138936	J558.47	JH2	28.125	100.000	True	False	True	False	False	False
ERR346596	ERR346596.138983	VHSM7.a3.93	JH2	83.505	100.000	True	False	True	False	False	False
ERR346596	ERR346596.139028	J558.15	JH3	92.784	45.455	False	True	False	True	False	False
ERR346596	ERR346596.139164	J558.50	JH3	84.694	100.000	True	False	True	False	False	False
ERR346596	ERR346596.139213	VHX24.a1.84	JH3	46.875	93.333	True	False	True	False	False	False
ERR346596	ERR346596.139273	J558.38pg.128	JH2	70.000	100.000	True	False	True	False	False	False
ERR346596	ERR346596.139375	VHSM7.a3.93	JH3	6.186	93.333	True	False	True	False	False	False
ERR346596	ERR346596.139399	J558.5	JH4	93.814	81.250	False	True	False	True	False	False
ERR346596	ERR346596.139307	VHSM7.a3.93	JH1	94.792	68.750	False	True	False	True	False	False
ERR346596	ERR346596.139343	J558.8	JH3	83.673	100.000	True	False	True	False	False	False
ERR346596	ERR346596.139408	J558.20	JH3	60.417	100.000	True	False	True	False	False	False
ERR346596	ERR346596.139420	J558.44	JH3	100.000	69.231	False	True	False	True	False	False
ERR346596	ERR346596.139441	J558.h	JH4	83.505	100.000	True	False	True	False	False	False
ERR346596	ERR346596.139630	J558.h	JH4	82.474	85.714	True	False	True	False	False	False
ERR346596	ERR346596.139666	J558.39	JH3	50.000	100.000	True	False	True	False	False	False
ERR346596	ERR346596.139706	VHX24.a1.84	JH3	91.753	80.000	False	True	False	True	False	False
ERR346596	ERR346596.139724	J558.52	JH2	94.845	30.769	False	True	False	True	False	False
ERR346596	ERR346596.139744	J558.47	JH4	96.907	35.714	False	True	False	True	False	False
ERR346596	ERR346596.139707	J558.47	JH4	97.959	43.750	False	True	False	True	False	False
ERR346596	ERR346596.139814	J558.33	JH3	15.464	92.308	True	False	True	False	False	False
ERR346596	ERR346596.140050	J558.33	JH4	92.784	81.250	False	True	False	True	False	False
ERR346596	ERR346596.140028	J558.21pg.111,J558.25pg.115	JH3	82.474	100.000	True	False	True	False	False	False
ERR346596	ERR346596.140130	J558.52,J558.83.189		69.231		True	False	True	False	False	False
ERR346596	ERR346596.140207	J558.4	JH4	97.938	81.250	False	True	False	True	False	False
ERR346596	ERR346596.140238	J558.5	JH4	93.878	81.250	False	True	False	True	False	False
ERR346596	ERR346596.140540	J558.34.124	JH1	90.217	43.750	False	True	False	True	False	False
ERR346596	ERR346596.140675	VHQ52.a27.79	JH1	30.928	100.000	True	False	True	False	False	False
ERR346596	ERR346596.140776	J558.h	JH3	84.536	100.000	True	False	True	False	False	False
ERR346596	ERR346596.140737	VH7183.a4.6,VHD6.96	JH4	71.134	92.857	True	False	True	False	False	False
ERR346596	ERR346596.140846	VH7183.a4.6,VHD6.96	JH4	24.490	100.000	True	False	True	False	False	False
ERR346596	ERR346596.140972	J558.19	JH2	29.167	100.000	True	False	True	False	False	False
ERR346596	ERR346596.140993	J558.13	JH3	10.309	100.000	True	False	True	False	False	False
ERR346596	ERR346596.141011	VHQ52.a27.79	JH1	97.917	66.667	False	True	False	True	False	False
ERR346596	ERR346596.141005	VHX24.a1.84	JH3	70.103	100.000	True	False	True	False	False	False
ERR346596	ERR346596.140996	VHS107.a3.106	JH1	8.911	100.000	True	False	True	False	False	False
ERR346596	ERR346596.141137	VHQ52.a19.61	JH2	54.167	100.000	True	False	True	False	False	False
ERR346596	ERR346596.141175	VHSM7.a3.93	JH2	10.417	100.000	True	False	True	False	False	False
ERR346596	ERR346596.141186	VHQ52.a27.79	JH1	32.292	100.000	True	False	True	False	False	False
ERR346596	ERR346596.141222	7183.12.20,7183.19.36,7183.6pg.9	JH1,JH3	60.000	100.000	True	False	True	False	False	False
ERR346596	ERR346596.141238	J558.5	JH4	94.845	81.250	False	True	False	True	False	False
ERR346596	ERR346596.141269	VHSM7.a3.93	JH3	72.840	92.857	True	False	True	False	False	False
ERR346596	ERR346596.141244	J558.h	JH4	83.505	100.000	True	False	True	False	False	False
ERR346596	ERR346596.141330	VHA1	JH2	6.186	86.667	True	False	True	False	False	False
ERR346596	ERR346596.141391	J558.64.162,J558.74.176	JH1	51.546	100.000	True	False	True	False	False	False
ERR346596	ERR346596.141386	VHQ52.a2.4	JH2	41.237	100.000	True	False	True	False	False	False
ERR346596	ERR346596.141474	VH7183.a22psi.36	JH2	62.500	100.000	True	False	True	False	False	False
ERR346596	ERR346596.141513	VHQ52.a27.79	JH4	18.557	100.000	True	False	True	False	False	False
ERR346596	ERR346596.141560	J558.47	JH2	100.000	50.000	False	True	False	True	False	False
ERR346596	ERR346596.141569	VH36-60.a2.90	JH4	63.918	93.750	True	False	True	False	False	False
ERR346596	ERR346596.141697	VH36-60.a2.90	JH4	95.833	82.353	False	True	False	True	False	False
ERR346596	ERR346596.141666	V102	JH2	82.979	93.333	True	False	True	False	False	False
ERR346596	ERR346596.141743	J558.19	JH2	5.155	100.000	True	False	True	False	False	False
ERR346596	ERR346596.141782	VHQ52.a27.79,VOx-1	JH4	94.737	71.429	False	True	False	True	False	False
ERR346596	ERR346596.141852	V11,VHS107.a3.106	JH1	49.000	100.000	True	False	True	False	False	False
ERR346596	ERR346596.141844	VHSM7.a3.93	JH3	47.917	100.000	True	False	True	False	False	False
ERR346596	ERR346596.141914	J558.52.145,J558.61.157,V3	JH2	15.464	93.333	True	False	True	False	False	False
ERR346596	ERR346596.141929	J558.37	JH2	56.701	100.000	True	False	True	False	False	False
ERR346596	ERR346596.142095	J558.50	JH3	82.653	100.000	True	False	True	False	False	False
ERR346596	ERR346596.142086	J558.47	JH3	67.708	100.000	True	False	True	False	False	False
ERR346596	ERR346596.142151	J558.50	JH3	83.673	100.000	True	False	True	False	False	False
ERR346596	ERR346596.142189	VH7183.a4.6,VHD6.96	JH4	38.144	92.857	True	False	True	False	False	False
ERR346596	ERR346596.142226	J558.70pg.171		77.778		True	False	True	False	False	False
ERR346596	ERR346596.142323	J558.8	JH3	83.673	100.000	True	False	True	False	False	False
ERR346596	ERR346596.142291	VHSM7.a3.93	JH4	56.250	85.714	True	False	True	False	False	False
ERR346596	ERR346596.142424	VHSM7.a3.93	JH4	8.333	85.714	True	False	True	False	False	False
ERR346596	ERR346596.142483	VHSM7.a3.93	JH4	12.371	85.714	True	False	True	False	False	False
ERR346596	ERR346596.142649	VHQ52.a2.4	JH1	9.375	93.333	True	False	True	False	False	False
ERR346596	ERR346596.142675	J558.54.148	JH2	12.371	100.000	True	False	True	False	False	False
ERR346596	ERR346596.142782	J558.h	JH4	84.536	100.000	True	False	True	False	False	False
ERR346596	ERR346596.142850	J558.45	JH2	35.417	100.000	True	False	True	False	False	False
ERR346596	ERR346596.142876	J558.64.162,J558.74.176	JH3	9.278	100.000	True	False	True	False	False	False
ERR346596	ERR346596.142852	J558.5	JH4	98.980	82.353	False	True	False	True	False	False
ERR346596	ERR346596.142904	VHSM7.a3.93	JH2	38.542	100.000	True	False	True	False	False	False
ERR346596	ERR346596.142946	VHSM7.a3.93	JH2	42.268	100.000	True	False	True	False	False	False
ERR346596	ERR346596.143094	V11,VHS107.a3.106	JH1	98.000	50.000	False	True	False	True	False	False
ERR346596	ERR346596.143083	VH7183.a4.6,VHD6.96	JH4	32.990	92.857	True	False	True	False	False	False
ERR346596	ERR346596.143181	VHQ52.a27.79	JH1	16.667	100.000	True	False	True	False	False	False
ERR346596	ERR346596.143245	J558.50	JH3	84.694	100.000	True	False	True	False	False	False
ERR346596	ERR346596.143269	VHQ52.a23.68	JH2	66.667	100.000	True	False	True	False	False	False
ERR346596	ERR346596.143299	J558.f	JH1	5.208	100.000	True	False	True	False	False	False
ERR346596	ERR346596.143377	VHQ52.a27.79,VOx-1	JH4	21.053	100.000	True	False	True	False	False	False
ERR346596	ERR346596.143459	J558.h	JH4	82.292	93.750	True	False	True	False	False	False
ERR346596	ERR346596.143474	J558.27pg.117	JH3	10.417	100.000	True	False	True	False	False	False
ERR346596	ERR346596.143541	VH7183.a4.6,VHD6.96	JH4	56.701	100.000	True	False	True	False	False	False
ERR346596	ERR346596.143675	J558.14pg.104		71.429		True	False	True	False	False	False
ERR346596	ERR346596.143817	J558.14pg.104		71.429		True	False	True	False	False	False
ERR346596	ERR346596.143714	J558.15	JH3	72.165	100.000	True	False	True	False	False	False
ERR346596	ERR346596.143887	J558.h	JH4	84.536	92.857	True	False	True	False	False	False
ERR346596	ERR346596.143901	J558.5	JH4	94.898	81.250	False	True	False	True	False	False
ERR346596	ERR346596.143922	VHSM7.a3.93	JH2	83.505	100.000	True	False	True	False	False	False
ERR346596	ERR346596.143991	J558.h	JH4	84.694	85.714	True	False	True	False	False	False
ERR346596	ERR346596.144017	J558.15	JH4	100.000	81.250	False	True	False	True	False	False
ERR346596	ERR346596.144095	J558.18	JH4	9.375	100.000	True	False	True	False	False	False
ERR346596	ERR346596.144104	VH7183.a37.59	JH4	13.542	93.333	True	False	True	False	False	False
ERR346596	ERR346596.144135	J558.50	JH3	82.653	100.000	True	False	True	False	False	False
ERR346596	ERR346596.144158	VH61-1P,VH7183.a47.76	JH4	54.167	100.000	True	False	True	False	False	False
ERR346596	ERR346596.144234	VHA1	JH2	96.907	80.000	False	True	False	True	False	False
ERR346596	ERR346596.144430	J558.50	JH3	84.694	100.000	True	False	True	False	False	False
ERR346596	ERR346596.144616	J558.45	JH4	9.890	100.000	True	False	True	False	False	False
ERR346596	ERR346596.144633	J558.47	JH4	27.551	100.000	True	False	True	False	False	False
ERR346596	ERR346596.144675	J558.50	JH3	83.505	100.000	True	False	True	False	False	False
ERR346596	ERR346596.144736	J558.29	JH4	4.124	100.000	True	False	True	False	False	False
ERR346596	ERR346596.144661	VHQ52.a27.79,VOx-1	JH2	29.167	93.333	True	False	True	False	False	False
ERR346596	ERR346596.144710	VHSM7.a3.93	JH3	34.021	100.000	True	False	True	False	False	False
ERR346596	ERR346596.144753	VHQ52.a27.79,VOx-1	JH4	78.947	100.000	True	False	True	False	False	False
ERR346596	ERR346596.144687	J558.50	JH3	84.694	100.000	True	False	True	False	False	False
ERR346596	ERR346596.144810	J558.89pg.195,J558.n	JH1	70.000	66.667	True	True	True	True	False	False
ERR346596	ERR346596.144900	J558.h	JH4	84.211	100.000	True	False	True	False	False	False
ERR346596	ERR346596.144990	VH7183.a4.6,VHD6.96	JH4	40.206	100.000	True	False	True	False	False	False
ERR346596	ERR346596.144999	J558.47	JH3	5.208	100.000	True	False	True	False	False	False
ERR346596	ERR346596.145128	J558.20	JH2	6.250	100.000	True	False	True	False	False	False
ERR346596	ERR346596.145185	Q52.1pg.2,VHQ52.a1psi.2		62.500		True	False	True	False	False	False
ERR346596	ERR346596.145377	J558.5	JH4	94.898	81.250	False	True	False	True	False	False
ERR346596	ERR346596.145564	J558.h	JH4	81.443	92.857	True	False	True	False	False	False
ERR346596	ERR346596.145591	J558.17	JH2	9.474	100.000	True	False	True	False	False	False
ERR346596	ERR346596.145603	VHSM7.a4.108	JH3	7.292	100.000	True	False	True	False	False	False
ERR346596	ERR346596.145497	VHQ52.a27.79,VOx-1	JH2	28.421	100.000	True	False	True	False	False	False
ERR346596	ERR346596.145675	SM7.1.44,SM7.2.49,VHSM7.a3.93	JH2	77.778	100.000	True	False	True	False	False	False
ERR346596	ERR346596.145777	J558.19	JH1	37.500	100.000	True	False	True	False	False	False
ERR346596	ERR346596.145823	J558.h	JH4	83.505	93.333	True	False	True	False	False	False
ERR346596	ERR346596.145881	VHQ52.a27.79	JH2	27.835	92.857	True	False	True	False	False	False
ERR346596	ERR346596.145941	J558.h	JH4	84.375	93.750	True	False	True	False	False	False
ERR346596	ERR346596.146049	VHQ52.a9.26	JH3	80.412	100.000	True	False	True	False	False	False
ERR346596	ERR346596.146128	J558.h	JH4	6.186	100.000	True	False	True	False	False	False
ERR346596	ERR346596.146247	Q52.7.18,VHQ52.a7.18	JH3	76.042	100.000	True	False	True	False	False	False
ERR346596	ERR346596.146291	J558.50	JH3	84.536	100.000	True	False	True	False	False	False
ERR346596	ERR346596.146222	VHSM7.a3.93	JH2	84.536	100.000	True	False	True	False	False	False
ERR346596	ERR346596.146351	Q52.3.8,VHQ52.a3.8	JH4	79.167	93.750	True	False	True	False	False	False
ERR346596	ERR346596.146283	J558.45	JH4	35.052	100.000	True	False	True	False	False	False
ERR346596	ERR346596.146434	J558.20	JH3	8.333	100.000	True	False	True	False	False	False
ERR346596	ERR346596.146463	J558.70pg.171,J558.n	JH4	21.875	100.000	True	False	True	False	False	False
ERR346596	ERR346596.146672	J558.70pg.171,J558.n	JH3	7.143	92.308	True	False	True	False	False	False
ERR346596	ERR346596.146702	J558.14pg.104	JH4	71.429	100.000	True	False	True	False	False	False
ERR346596	ERR346596.146713	J558.47	JH2	98.969	78.571	False	True	False	True	False	False
ERR346596	ERR346596.146780	Q52.3.8,VHQ52.a3.8	JH4	66.667	100.000	True	False	True	False	False	False
ERR346596	ERR346596.146694	J558.h	JH4	84.694	100.000	True	False	True	False	False	False
ERR346596	ERR346596.146850	VHSM7.a3.93	JH4	56.701	92.857	True	False	True	False	False	False
ERR346596	ERR346596.146811	J558.20	JH3	53.608	100.000	True	False	True	False	False	False
ERR346596	ERR346596.146922	VHQ52.a27.79,VOx-1	JH3	81.443	100.000	True	False	True	False	False	False
ERR346596	ERR346596.146769	J558.17	JH4	30.526	100.000	True	False	True	False	False	False
ERR346596	ERR346596.146965	VHSM7.a3.93	JH2	43.750	100.000	True	False	True	False	False	False
ERR346596	ERR346596.147004	J558.44	JH1	69.792	100.000	True	False	True	False	False	False
ERR346596	ERR346596.147020	J558.4	JH3	19.388	100.000	True	False	True	False	False	False
ERR346596	ERR346596.147032	J558.50	JH3	83.505	100.000	True	False	True	False	False	False
ERR346596	ERR346596.147138	VHSM7.a3.93	JH3	72.500	100.000	True	False	True	False	False	False
ERR346596	ERR346596.147009	J558.29	JH2	7.216	100.000	True	False	True	False	False	False
ERR346596	ERR346596.147126	VHQ52.a27.79,VOx-1	JH4	43.750	100.000	True	False	True	False	False	False
ERR346596	ERR346596.147144	J558.20	JH3	75.000	100.000	True	False	True	False	False	False
ERR346596	ERR346596.147159	J558.f	JH2	96.907	54.545	False	True	False	True	False	False
ERR346596	ERR346596.147210	J558.5	JH4	93.814	81.250	False	True	False	True	False	False
ERR346596	ERR346596.147295	J558.46	JH4	7.216	87.500	True	False	True	False	False	False
ERR346596	ERR346596.147185	VHSM7.a3.93	JH2	40.625	100.000	True	False	True	False	False	False
ERR346596	ERR346596.147242	J558.59.155,J558.b,V304	JH4	76.596	83.333	True	True	True	True	False	False
ERR346596	ERR346596.147397	J558.17	JH2	78.947	100.000	True	False	True	False	False	False
ERR346596	ERR346596.147407	VHS107.a3.106	JH1	5.941	100.000	True	False	True	False	False	False
ERR346596	ERR346596.147463	Q52.12pg.39,VHQ52.a26psi.78,ha24	JH4	57.143	100.000	True	False	True	False	False	False
ERR346596	ERR346596.147360	VHSM7.a4.108	JH2	60.000	100.000	True	False	True	False	False	False
ERR346596	ERR346596.147512	J558.50	JH3	84.536	100.000	True	False	True	False	False	False
ERR346596	ERR346596.147549	J558.45	JH2	14.433	100.000	True	False	True	False	False	False
ERR346596	ERR346596.147618	VH7183.a4.6,VHD6.96	JH4	83.673	100.000	True	False	True	False	False	False
ERR346596	ERR346596.147842	J558.4	JH3	16.327	100.000	True	False	True	False	False	False
ERR346596	ERR346596.147934	J558.70pg.171,J558.n	JH3	57.732	92.308	True	False	True	False	False	False
ERR346596	ERR346596.148025	J558.h	JH4	81.443	92.857	True	False	True	False	False	False
ERR346596	ERR346596.148261	J558.83.189	JH2	13.830	100.000	True	False	True	False	False	False
ERR346596	ERR346596.148412	Q52.1pg.2,VHQ52.a1psi.2		62.500		True	False	True	False	False	False
ERR346596	ERR346596.148507	J558.49,J558.f,VH104B	JH2	77.778	100.000	True	False	True	False	False	False
ERR346596	ERR346596.148546	VHQ52.a23.68	JH2	76.923	100.000	True	False	True	False	False	False
ERR346596	ERR346596.148598	J558.26.116,J558.5,J558.8	JH4	37.500	100.000	True	False	True	False	False	False
ERR346596	ERR346596.148758	J558.24,J558.80.186		66.667		True	False	True	False	False	False
ERR346596	ERR346596.148848	VH108A	JH3	47.368	100.000	True	False	True	False	False	False
ERR346596	ERR346596.148849	J558.h	JH4	8.247	100.000	True	False	True	False	False	False
ERR346596	ERR346596.148945	J558.54.148	JH3	95.876	36.364	False	True	False	True	False	False
ERR346596	ERR346596.148991	VH36-60.a2.90	JH4	95.876	82.353	False	True	False	True	False	False
ERR346596	ERR346596.149060	J558.33	JH2	6.186	100.000	True	False	True	False	False	False
ERR346596	ERR346596.149101	VHSM7.a3.93	JH3	84.694	100.000	True	False	True	False	False	False
ERR346596	ERR346596.149089	J558.45	JH4	91.667	82.353	False	True	False	True	False	False
ERR346596	ERR346596.149156	VHX24.a2.89	JH4	26.531	100.000	True	False	True	False	False	False
ERR346596	ERR346596.149261	VH36-60.a2.90	JH4	95.876	82.353	False	True	False	True	False	False
ERR346596	ERR346596.149272	VHSM7.a4.108	JH2	7.292	100.000	True	False	True	False	False	False
ERR346596	ERR346596.149293	J558.70pg.171,J558.n	JH4	61.224	100.000	True	False	True	False	False	False
ERR346596	ERR346596.149353	J558.6	JH1	83.673	94.118	True	False	True	False	False	False
ERR346596	ERR346596.149366	J558.h	JH4	83.505	100.000	True	False	True	False	False	False
ERR346596	ERR346596.149587	VHSM7.a3.93	JH3	12.632	100.000	True	False	True	False	False	False
ERR346596	ERR346596.149765	VHSM7.a3.93	JH2	44.792	100.000	True	False	True	False	False	False
ERR346596	ERR346596.149857	7183.3pg.5,VH7183.a3psi.5		62.500		True	False	True	False	False	False
ERR346596	ERR346596.149968	J558.k	JH4	49.485	100.000	True	False	True	False	False	False
ERR346596	ERR346596.149874	VHX24.a1.84	JH3	27.835	92.857	True	False	True	False	False	False
ERR346596	ERR346596.149957	J558.23	JH4	21.875	100.000	True	False	True	False	False	False
ERR346596	ERR346596.149897	VHQ52.a27.79	JH1	58.763	100.000	True	False	True	False	False	False
ERR346596	ERR346596.150078	V11,VHS107.a3.106	JH1	49.000	100.000	True	False	True	False	False	False
ERR346596	ERR346596.150178	VH7183.a4.6,VHD6.96	JH4	30.612	100.000	True	False	True	False	False	False
ERR346596	ERR346596.150199	J558.8	JH4	26.804	100.000	True	False	True	False	False	False
ERR346596	ERR346596.150352	J558.33	JH3	72.165	100.000	True	False	True	False	False	False
ERR346596	ERR346596.150241	VHSM7.a3.93	JH2	7.292	100.000	True	False	True	False	False	False
ERR346596	ERR346596.150442	J558.29	JH4	59.375	100.000	True	False	True	False	False	False
ERR346596	ERR346596.150335	J558.22	JH3	63.918	100.000	True	False	True	False	False	False
ERR346596	ERR346596.150630	J558.50	JH3	83.673	100.000	True	False	True	False	False	False
ERR346596	ERR346596.150639	J558.64.162,J558.74.176	JH3	76.289	100.000	True	False	True	False	False	False
ERR346596	ERR346596.150681	VHQ52.a27.79	JH1	61.856	100.000	True	False	True	False	False	False
ERR346596	ERR346596.150715	J558.37.127	JH4	63.918	100.000	True	False	True	False	False	False
ERR346596	ERR346596.150814	J558.14pg.104	JH4	71.429	100.000	True	False	True	False	False	False
ERR346596	ERR346596.151379	VHQ52.a12.33	JH2	44.792	100.000	True	False	True	False	False	False
ERR346596	ERR346596.151385	VHX24.a1.84	JH3	73.196	100.000	True	False	True	False	False	False
ERR346596	ERR346596.151474	VHA1	JH4	7.216	100.000	True	False	True	False	False	False
ERR346596	ERR346596.151558	J558.k	JH4	15.625	100.000	True	False	True	False	False	False
ERR346596	ERR346596.151729	J558.17	JH3	26.316	100.000	True	False	True	False	False	False
ERR346596	ERR346596.151808	J558.h	JH4	82.474	92.857	True	False	True	False	False	False
ERR346596	ERR346596.151770	J558.8	JH3	60.417	100.000	True	False	True	False	False	False
ERR346596	ERR346596.151776	J558.13,J558.54.148	JH4	36.082	100.000	True	False	True	False	False	False
ERR346596	ERR346596.151807	VHSM7.a3.93	JH3	75.258	100.000	True	False	True	False	False	False
ERR346596	ERR346596.151856	VH50.1,VH7183.a13.20	JH2	4.082	100.000	True	False	True	False	False	False
ERR346596	ERR346596.151983	VH7183.7b	JH1	48.454	100.000	True	False	True	False	False	False
ERR346596	ERR346596.152284	J558.50	JH3	82.653	100.000	True	False	True	False	False	False
ERR346596	ERR346596.152355	VHQ52.a27.79,VOx-1	JH4	8.421	100.000	True	False	True	False	False	False
ERR346596	ERR346596.152392	J558.83.189	JH2	64.583	100.000	True	False	True	False	False	False
ERR346596	ERR346596.152421	VHQ52.a27.79	JH1	81.250	100.000	True	False	True	False	False	False
ERR346596	ERR346596.152368	J558.h	JH4	83.505	100.000	True	False	True	False	False	False
ERR346596	ERR346596.152698	J558.5	JH4	94.898	81.250	False	True	False	True	False	False
ERR346596	ERR346596.152731	VHS107.a3.106	JH1	6.931	100.000	True	False	True	False	False	False
ERR346596	ERR346596.152791	J558.f	JH1	90.816	43.750	False	True	False	True	False	False
ERR346596	ERR346596.152983	VHQ52.a27.79	JH2	80.208	100.000	True	False	True	False	False	False
ERR346596	ERR346596.152948	J558.83.189	JH2	91.837	35.714	False	True	False	True	False	False
ERR346596	ERR346596.153054	VH7183.a7.10	JH4	8.163	100.000	True	False	True	False	False	False
ERR346596	ERR346596.153086	VHSM7.a4.108	JH3	5.263	100.000	True	False	True	False	False	False
ERR346596	ERR346596.153080	J558.h	JH4	83.673	100.000	True	False	True	False	False	False
ERR346596	ERR346596.153065	VH7183.a4.6,VHD6.96	JH4	95.876	42.857	False	True	False	True	False	False
ERR346596	ERR346596.153369	V11,VHS107.a3.106	JH2	26.000	85.714	True	False	True	False	False	False
ERR346596	ERR346596.153390	J558.17	JH3	54.737	100.000	True	False	True	False	False	False
ERR346596	ERR346596.153452	J558.1	JH2	5.208	100.000	True	False	True	False	False	False
ERR346596	ERR346596.153494	VHQ52.a27.79,VOx-1	JH4	80.000	100.000	True	False	True	False	False	False
ERR346596	ERR346596.153571	V11,VHS107.a3.106	JH1	17.172	100.000	True	False	True	False	False	False
ERR346596	ERR346596.153594	VH7183.7b	JH1	82.474	100.000	True	False	True	False	False	False
ERR346596	ERR346596.153788	J558.50	JH3	82.474	100.000	True	False	True	False	False	False
ERR346596	ERR346596.153889	J558.70pg.171	JH4	89.691	68.750	False	True	False	True	False	False
ERR346596	ERR346596.154203	J558.39	JH3	13.402	100.000	True	False	True	False	False	False
ERR346596	ERR346596.154280	J558.27pg.117,J558.38pg.128	JH4	11.579	100.000	True	False	True	False	False	False
ERR346596	ERR346596.154282	J558.h	JH4	83.673	100.000	True	False	True	False	False	False
ERR346596	ERR346596.154370	VHQ52.a27.79	JH2	93.814	35.714	False	True	False	True	False	False
ERR346596	ERR346596.154448	J558.54.148	JH3	5.155	92.857	True	False	True	False	False	False
ERR346596	ERR346596.154616	J558.50	JH3	81.443	100.000	True	False	True	False	False	False
ERR346596	ERR346596.154666	J558.h	JH4	83.673	100.000	True	False	True	False	False	False
ERR346596	ERR346596.154733	VH36-60.a1.85	JH3	41.667	100.000	True	False	True	False	False	False
ERR346596	ERR346596.154873	J558.24,J558.80.186		66.667		True	False	True	False	False	False
ERR346596	ERR346596.154899	J558.39	JH3	55.208	100.000	True	False	True	False	False	False
ERR346596	ERR346596.155098	H13-3	JH2	6.186	100.000	True	False	True	False	False	False
ERR346596	ERR346596.155114	VHQ52.a27.79	JH1	15.625	100.000	True	False	True	False	False	False
ERR346596	ERR346596.155307	V11,VHS107.a3.106	JH1	12.000	100.000	True	False	True	False	False	False
ERR346596	ERR346596.155359	MAI1,MBK2,PWK2		66.667		True	False	True	False	False	False
ERR346596	ERR346596.155589	J558.45	JH4	12.500	100.000	True	False	True	False	False	False
ERR346596	ERR346596.155611	Q52.10.33,Q52.13.40,Q52.3.8	JH2	85.714	75.000	False	True	False	True	False	False
ERR346596	ERR346596.155725	J558.19	JH2	9.278	100.000	True	False	True	False	False	False
ERR346596	ERR346596.155659	J558.50	JH3	82.653	100.000	True	False	True	False	False	False
ERR346596	ERR346596.155867	J558.8	JH2	44.330	93.333	True	False	True	False	False	False
ERR346596	ERR346596.155877	J558.l	JH4	93.878	30.769	False	True	False	True	False	False
ERR346596	ERR346596.155821	VH7183.a37.59	JH3	35.417	100.000	True	False	True	False	False	False
ERR346596	ERR346596.155921	J558.50	JH4	14.583	94.118	True	False	True	False	False	False
ERR346596	ERR346596.155893	VH7183.a30.50	JH2	95.918	50.000	False	True	False	True	False	False
ERR346596	ERR346596.155987	J558.45	JH4	38.542	87.500	True	False	True	False	False	False
ERR346596	ERR346596.155985	J558.h	JH4	84.536	100.000	True	False	True	False	False	False
ERR346596	ERR346596.156096	J558.37.127	JH4	53.061	100.000	True	False	True	False	False	False
ERR346596	ERR346596.156056	J558.35	JH4	40.625	100.000	True	False	True	False	False	False
ERR346596	ERR346596.156271	VHQ52.a27.79	JH1	32.292	100.000	True	False	True	False	False	False
ERR346596	ERR346596.156351	V1,VHS107.a1.81	JH2	8.000	100.000	True	False	True	False	False	False
ERR346596	ERR346596.156382	VHQ52.a27.79	JH3	97.917	42.857	False	True	False	True	False	False
ERR346596	ERR346596.156441	VH7183.a7.10	JH4	93.814	76.923	False	True	False	True	False	False
ERR346596	ERR346596.156461	J558.2	JH3	94.845	84.615	False	True	False	True	False	False
ERR346596	ERR346596.156496	J558.25pg.115	JH3	84.536	100.000	True	False	True	False	False	False
ERR346596	ERR346596.156553	J558.h	JH4	80.412	100.000	True	False	True	False	False	False
ERR346596	ERR346596.156612	3:3.9,7183.7.10,VH7183.a7.10	JH1	47.423	100.000	True	False	True	False	False	False
ERR346596	ERR346596.156673	J558.37	JH3	96.939	80.000	False	True	False	True	False	False
ERR346596	ERR346596.156616	J558.5	JH4	93.878	81.250	False	True	False	True	False	False
ERR346596	ERR346596.156705	Q52.3.8,VHQ52.a3.8	JH3	36.842	100.000	True	False	True	False	False	False
ERR346596	ERR346596.156769	J558.h	JH4	82.474	93.750	True	False	True	False	False	False
ERR346596	ERR346596.156859	VHS107.a3.106	JH1	42.574	100.000	True	False	True	False	False	False
ERR346596	ERR346596.156850	J558.h	JH4	82.653	92.857	True	False	True	False	False	False
ERR346596	ERR346596.156916	J558.50	JH3	84.536	100.000	True	False	True	False	False	False
ERR346596	ERR346596.157027	VHQ52.a27.79,VOx-1	JH4	81.250	100.000	True	False	True	False	False	False
ERR346596	ERR346596.157306	J558.20	JH1	93.814	73.333	False	True	False	True	False	False
ERR346596	ERR346596.157336	VHSM7.a1.83	JH2	73.958	100.000	True	False	True	False	False	False
ERR346596	ERR346596.157406	J558.18A,J558.54,J558.83.189		50.000		True	False	True	False	False	False
ERR346596	ERR346596.157292	J558.8	JH3	43.750	100.000	True	False	True	False	False	False
ERR346596	ERR346596.157417	J558.34.124	JH1	48.454	88.235	True	False	True	False	False	False
ERR346596	ERR346596.157499	VHQ52.a27.79	JH1	28.866	100.000	True	False	True	False	False	False
ERR346596	ERR346596.157509	J558.5	JH4	94.898	81.250	False	True	False	True	False	False
ERR346596	ERR346596.157655	VH7183.a7.10	JH4	8.163	100.000	True	False	True	False	False	False
ERR346596	ERR346596.157594	VHSM7.a3.93	JH2	6.122	100.000	True	False	True	False	False	False
ERR346596	ERR346596.157673	VHSM7.a3.93	JH3	15.464	100.000	True	False	True	False	False	False
ERR346596	ERR346596.157848	J558.29	JH4	42.268	100.000	True	False	True	False	False	False
ERR346596	ERR346596.158233	J558.12.102	JH4	8.247	100.000	True	False	True	False	False	False
ERR346596	ERR346596.158302	VHQ52.a27.79	JH1	82.474	93.750	True	False	True	False	False	False
ERR346596	ERR346596.158274	J558.14pg.104	JH4	71.429	100.000	True	False	True	False	False	False
ERR346596	ERR346596.158374	J558.50	JH3	84.536	100.000	True	False	True	False	False	False
ERR346596	ERR346596.158446	J558.50	JH3	82.474	100.000	True	False	True	False	False	False
ERR346596	ERR346596.158457	J558.8	JH3	84.694	100.000	True	False	True	False	False	False
ERR346596	ERR346596.158456	J558.18	JH3	42.105	93.333	True	False	True	False	False	False
ERR346596	ERR346596.158489	VHSM7.a3.93	JH3	62.887	100.000	True	False	True	False	False	False
ERR346596	ERR346596.158477	J558.h	JH4	84.694	92.857	True	False	True	False	False	False
ERR346596	ERR346596.158526	VHS107.a3.106	JH1	99.010	50.000	False	True	False	True	False	False
ERR346596	ERR346596.158608	VHSM7.a3.93	JH4	94.845	82.353	False	True	False	True	False	False
ERR346596	ERR346596.158641	VH7183.a4.6,VHD6.96	JH4	63.542	100.000	True	False	True	False	False	False
ERR346596	ERR346596.158710	J558.55.149	JH2	26.804	100.000	True	False	True	False	False	False
ERR346596	ERR346596.158715	VHA1	JH2	98.980	80.000	False	True	False	True	False	False
ERR346596	ERR346596.158780	VH7183.a2.3	JH3	92.857	84.615	False	True	False	True	False	False
ERR346596	ERR346596.158807	J558.13,J558.54.148	JH4	38.144	100.000	True	False	True	False	False	False
ERR346596	ERR346596.158837	J606.4.82		50.000		True	False	True	False	False	False
ERR346596	ERR346596.158819	J558.5	JH4	94.898	81.250	False	True	False	True	False	False
ERR346596	ERR346596.158896	VHS107.a3.106	JH1	25.743	100.000	True	False	True	False	False	False
ERR346596	ERR346596.159029	J558.8	JH3	83.673	100.000	True	False	True	False	False	False
ERR346596	ERR346596.159077	J558.3.90,J558.50	JH3	24.742	100.000	True	False	True	False	False	False
ERR346596	ERR346596.159234	J558.h	JH4	82.474	92.857	True	False	True	False	False	False
ERR346596	ERR346596.159261	J558.h	JH4	83.505	93.750	True	False	True	False	False	False
ERR346596	ERR346596.159334	VHSM7.a3.93	JH3	83.505	93.333	True	False	True	False	False	False
ERR346596	ERR346596.159341	J558.4	JH3	63.542	100.000	True	False	True	False	False	False
ERR346596	ERR346596.159362	VHA1	JH2	95.918	80.000	False	True	False	True	False	False
ERR346596	ERR346596.159396	J558.h	JH4	6.250	100.000	True	False	True	False	False	False
ERR346596	ERR346596.159529	VH36-60.a8.117,VH36-60.a9.121#	JH2	7.292	100.000	True	False	True	False	False	False
ERR346596	ERR346596.159544	J558.h	JH4	83.158	100.000	True	False	True	False	False	False
ERR346596	ERR346596.159697	MAI1,MBK2,PWK2		66.667		True	False	True	False	False	False
ERR346596	ERR346596.159805	J558.h	JH4	83.333	93.750	True	False	True	False	False	False
ERR346596	ERR346596.159818	J558.17	JH3	96.842	50.000	False	True	False	True	False	False
ERR346596	ERR346596.159916	J558.79.184,J558.h	JH4	84.694	100.000	True	False	True	False	False	False
ERR346596	ERR346596.159942	J558.15	JH3	20.833	100.000	True	False	True	False	False	False
ERR346596	ERR346596.159974	VHQ52.a27.79,VOx-1	JH4	78.947	100.000	True	False	True	False	False	False
ERR346596	ERR346596.159939	J558.40	JH2	69.072	100.000	True	False	True	False	False	False
ERR346596	ERR346596.160104	Q52.1pg.2,VHQ52.a1psi.2		62.500		True	False	True	False	False	False
ERR346596	ERR346596.160112	36-60.4.66,36-60.6.70,36-60.8.74	JH2,JH3	71.429	100.000	True	False	True	False	False	False
ERR346596	ERR346596.160232	J558.45	JH4	5.208	100.000	True	False	True	False	False	False
ERR346596	ERR346596.160122	J558.54.148	JH2	5.155	93.333	True	False	True	False	False	False
ERR346596	ERR346596.160231	VH61-1P,VH7183.a47.76	JH3	10.309	100.000	True	False	True	False	False	False
ERR346596	ERR346596.160316	J558.61.157,V3	JH2	43.299	92.308	True	False	True	False	False	False
ERR346596	ERR346596.160390	VHQ52.a22.67	JH2	65.625	100.000	True	False	True	False	False	False
ERR346596	ERR346596.160461	Q52.3.8,VHQ52.a3.8		50.000		True	False	True	False	False	False
ERR346596	ERR346596.160723	J558.4	JH2	40.206	100.000	True	False	True	False	False	False
ERR346596	ERR346596.160755	VHQ52.a27.79,VOx-1	JH2	79.167	100.000	True	False	True	False	False	False
ERR346596	ERR346596.160780	J558.1	JH2	5.208	100.000	True	False	True	False	False	False
ERR346596	ERR346596.160844	VHSM7.a3.93	JH2	61.856	100.000	True	False	True	False	False	False
ERR346596	ERR346596.160687	J558.33	JH2	25.773	93.333	True	False	True	False	False	False
ERR346596	ERR346596.160916	VHX24.a1.84	JH3	27.835	100.000	True	False	True	False	False	False
ERR346596	ERR346596.160952	21-1,21-10,21-2		80.000		True	False	True	False	False	False
ERR346596	ERR346596.160980	J558.l	JH4	37.113	93.333	True	False	True	False	False	False
ERR346596	ERR346596.160998	J558.h	JH4	84.536	92.857	True	False	True	False	False	False
ERR346596	ERR346596.161015	VHQ52.a27.79,VOx-1	JH2	80.208	100.000	True	False	True	False	False	False
ERR346596	ERR346596.161086	J558.h	JH4	6.250	100.000	True	False	True	False	False	False
ERR346596	ERR346596.161097	J606.1.79,VH22.1,VHJ606.a3.124#	JH3	7.071	100.000	True	False	True	False	False	False
ERR346596	ERR346596.161150	J558.46	JH3	81.443	100.000	True	False	True	False	False	False
ERR346596	ERR346596.161194	J558.50	JH3	84.375	100.000	True	False	True	False	False	False
ERR346596	ERR346596.161198	bb1,bb1.1,cr1	JK3	60.000	100.000	True	False	True	False	False	False
ERR346596	ERR346596.161267	VHSM7.a3.93	JH3	97.938	78.571	False	True	False	True	False	False
ERR346596	ERR346596.161305	J558.50	JH3	84.694	100.000	True	False	True	False	False	False
ERR346596	ERR346596.161302	VHX24.a1.84	JH3	90.816	80.000	False	True	False	True	False	False
ERR346596	ERR346596.161389	J558.41pg.131		83.333		True	False	True	False	False	False
ERR346596	ERR346596.161425	J558.29	JH4	11.340	100.000	True	False	True	False	False	False
ERR346596	ERR346596.161426	VHSM7.a1.83	JH4	8.333	100.000	True	False	True	False	False	False
ERR346596	ERR346596.161467	VH36-60.a1.85	JH4	51.546	93.333	True	False	True	False	False	False
ERR346596	ERR346596.161386	Q52.3.8,VHQ52.a3.8	JH4	79.381	93.750	True	False	True	False	False	False
ERR346596	ERR346596.161606	VHQ52.a27.79,VOx-1	JH4	57.895	100.000	True	False	True	False	False	False
ERR346596	ERR346596.161657	VHQ52.a27.79,VOx-1	JH4	80.208	100.000	True	False	True	False	False	False
ERR346596	ERR346596.161662	VH7183.a35.57	JH2	82.653	100.000	True	False	True	False	False	False
ERR346596	ERR346596.161669	J558.33	JH4	69.792	100.000	True	False	True	False	False	False
ERR346596	ERR346596.161679	J558.19	JH2	16.495	100.000	True	False	True	False	False	False
ERR346596	ERR346596.161737	VH108A	JH4	51.042	100.000	True	False	True	False	False	False
ERR346596	ERR346596.161729	VHQ52.a27.79	JH3	78.125	92.308	True	False	True	False	False	False
ERR346596	ERR346596.161836	J558.50	JH3	84.694	100.000	True	False	True	False	False	False
ERR346596	ERR346596.162087	V11,VHS107.a3.106	JH1	32.000	100.000	True	False	True	False	False	False
ERR346596	ERR346596.162117	J558.33	JH3	5.208	100.000	True	False	True	False	False	False
ERR346596	ERR346596.162235	J558.50	JH1,JH3,JH4	64.706	100.000	True	False	True	False	False	False
ERR346596	ERR346596.162288	J558.50	JH3	82.653	100.000	True	False	True	False	False	False
ERR346596	ERR346596.162384	VH36-60.a1.85	JH2	76.289	100.000	True	False	True	False	False	False
ERR346596	ERR346596.162382	J558.3.90,J558.50	JH3	25.000	100.000	True	False	True	False	False	False
ERR346596	ERR346596.162482	VHX24.a1.84	JH3	92.857	55.556	False	True	False	True	False	False
ERR346596	ERR346596.162544	VHA1	JH4	69.072	100.000	True	False	True	False	False	False
ERR346596	ERR346596.162676	J558.25pg.115	JH3	84.536	100.000	True	False	True	False	False	False
ERR346596	ERR346596.162627	J558.83.189	JH2	48.958	100.000	True	False	True	False	False	False
ERR346596	ERR346596.162700	VHQ52.a27.79	JH2	54.167	84.615	True	True	True	True	False	False
ERR346596	ERR346596.162895	VH7183.a28.48	JH2	98.969	84.615	False	True	False	True	False	False
ERR346596	ERR346596.162915	SM7.1.44,SM7.2.49,VHSM7.a3.93	JH2	77.778	100.000	True	False	True	False	False	False
ERR346596	ERR346596.162933	J558.21pg.111,J558.25pg.115	JH3	81.443	100.000	True	False	True	False	False	False
ERR346596	ERR346596.163082	J558.50	JH3	83.673	100.000	True	False	True	False	False	False
ERR346596	ERR346596.163069	VH7183.a7.10	JH4	46.939	100.000	True	False	True	False	False	False
ERR346596	ERR346596.163236	H13-3	JH3	6.186	92.308	True	False	True	False	False	False
ERR346596	ERR346596.163159	VHSM7.a4.108	JH2	62.887	100.000	True	False	True	False	False	False
ERR346596	ERR346596.163406	J558.12.102	JH4	64.894	100.000	True	False	True	False	False	False
ERR346596	ERR346596.163465	J558.f	JH2	30.208	90.909	True	False	True	False	False	False
ERR346596	ERR346596.163369	VHQ52.a27.79	JH1	51.042	100.000	True	False	True	False	False	False
ERR346596	ERR346596.163663	VH7183.a4.6,VHD6.96	JH4	9.278	100.000	True	False	True	False	False	False
ERR346596	ERR346596.163764	J558.45	JH4	12.371	100.000	True	False	True	False	False	False
ERR346596	ERR346596.163774	J558.8	JH3	82.653	100.000	True	False	True	False	False	False
ERR346596	ERR346596.163816	J558.45	JH4	37.500	100.000	True	False	True	False	False	False
ERR346596	ERR346596.163808	Q52.3.8,VHQ52.a3.8	JH1	65.625	100.000	True	False	True	False	False	False
ERR346596	ERR346596.163944	VH61-1P,VH7183.a47.76	JH4	28.866	100.000	True	False	True	False	False	False
ERR346596	ERR346596.164023	VH108A	JH1	44.330	100.000	True	False	True	False	False	False
ERR346596	ERR346596.164077	VH108A	JH1	43.750	100.000	True	False	True	False	False	False
ERR346596	ERR346596.164103	J558.37	JH4	15.556	93.750	True	False	True	False	False	False
ERR346596	ERR346596.164110	J558.70pg.171,J558.n	JH3	34.043	92.308	True	False	True	False	False	False
ERR346596	ERR346596.164160	J558.70pg.171,J558.n	JH4	38.144	100.000	True	False	True	False	False	False
ERR346596	ERR346596.164162	J558.70pg.171,J558.n	JH3	72.165	92.308	True	False	True	False	False	False
ERR346596	ERR346596.164148	J558.h	JH4	82.653	92.857	True	False	True	False	False	False
ERR346596	ERR346596.164304	MAI1,MBK2,PWK2		66.667		True	False	True	False	False	False
ERR346596	ERR346596.164250	J558.64.162,J558.74.176	JH3	25.000	100.000	True	False	True	False	False	False
ERR346596	ERR346596.164434	J558.20	JH3	10.309	100.000	True	False	True	False	False	False
ERR346596	ERR346596.164450	VH7183.a7.10	JH4	95.876	50.000	False	True	False	True	False	False
ERR346596	ERR346596.164471	J558.39	JH3	34.021	100.000	True	False	True	False	False	False
ERR346596	ERR346596.164563	V11,VHS107.a3.106	JH1	49.000	100.000	True	False	True	False	False	False
ERR346596	ERR346596.164490	VHSM7.a3.93	JH2	77.083	100.000	True	False	True	False	False	False
ERR346596	ERR346596.164516	J558.39	JH3	57.143	100.000	True	False	True	False	False	False
ERR346596	ERR346596.164528	7183.3pg.5,VH7183.a3psi.5		62.500		True	False	True	False	False	False
ERR346596	ERR346596.164675	J558.21pg.111,J558.25pg.115	JH3	83.505	100.000	True	False	True	False	False	False
ERR346596	ERR346596.164735	VHQ52.a27.79	JH1	30.208	100.000	True	False	True	False	False	False
ERR346596	ERR346596.164805	J558.8	JH4	94.845	68.750	False	True	False	True	False	False
ERR346596	ERR346596.164843	J558.4	JH4	64.948	100.000	True	False	True	False	False	False
ERR346596	ERR346596.164768	J558.50	JH3	84.536	100.000	True	False	True	False	False	False
ERR346596	ERR346596.164866	J558.37	JH2	9.278	100.000	True	False	True	False	False	False
ERR346596	ERR346596.164903	J558.83.189	JH2	10.417	100.000	True	False	True	False	False	False
ERR346596	ERR346596.164987	J558.21pg.111,J558.25pg.115	JH3	70.103	100.000	True	False	True	False	False	False
ERR346596	ERR346596.164955	VHX24.a1.84	JH2	31.633	100.000	True	False	True	False	False	False
ERR346596	ERR346596.165091	J558.h	JH4	84.536	85.714	True	False	True	False	False	False
ERR346596	ERR346596.165120	VHQ52.a27.79	JH3	69.792	92.308	True	False	True	False	False	False
ERR346596	ERR346596.165210	VHSM7.a3.93	JH3	30.208	100.000	True	False	True	False	False	False
ERR346596	ERR346596.165315	J558.41pg.131	JH2,JH3	75.000	100.000	True	False	True	False	False	False
ERR346596	ERR346596.165350	VHSM7.a4.108	JH2	56.701	100.000	True	False	True	False	False	False
ERR346596	ERR346596.165474	Vh10.2a	JH3	7.071	100.000	True	False	True	False	False	False
ERR346596	ERR346596.165510	H13-3	JH3	92.784	80.000	False	True	False	True	False	False
ERR346596	ERR346596.165729	V11,VHS107.a3.106	JH1	99.010	62.500	False	True	False	True	False	False
ERR346596	ERR346596.165778	VHSM7.a3.93	JH3	8.247	100.000	True	False	True	False	False	False
ERR346596	ERR346596.165682	J558.47	JH2	65.979	100.000	True	False	True	False	False	False
ERR346596	ERR346596.165849	J558.45	JH3	5.208	100.000	True	False	True	False	False	False
ERR346596	ERR346596.165912	3:3.9,7183.7.10,VH7183.a7.10	JH2	97.938	78.571	False	True	False	True	False	False
ERR346596	ERR346596.165914	J558.45	JH4	27.083	87.500	True	False	True	False	False	False
ERR346596	ERR346596.166119	J558.h	JH4	84.694	92.857	True	False	True	False	False	False
ERR346596	ERR346596.166184	J558.50	JH3	82.653	100.000	True	False	True	False	False	False
ERR346596	ERR346596.166194	J558.h	JH3	83.505	100.000	True	False	True	False	False	False
ERR346596	ERR346596.166309	7183.20.37,VH61-1P,VH7183.22b		71.429		True	False	True	False	False	False
ERR346596	ERR346596.166285	J558.l	JH4	97.895	62.500	False	True	False	True	False	False
ERR346596	ERR346596.166325	Q52.3.8,VHQ52.a3.8		50.000		True	False	True	False	False	False
ERR346596	ERR346596.166368	J558.27pg.117	JH4	11.458	100.000	True	False	True	False	False	False
ERR346596	ERR346596.166409	VHQ52.a27.79	JH1	53.608	100.000	True	False	True	False	False	False
ERR346596	ERR346596.166640	S107.2pg.43,S107.3.62,V11	JH1	75.000	100.000	True	False	True	False	False	False
ERR346596	ERR346596.166676	VHSM7.a3.93	JH3	5.208	100.000	True	False	True	False	False	False
ERR346596	ERR346596.166655	VHSM7.a3.93	JH3	40.625	100.000	True	False	True	False	False	False
ERR346596	ERR346596.166697	VHSM7.a3.93	JH4	95.876	43.750	False	True	False	True	False	False
ERR346596	ERR346596.166727	J558.70pg.171,J558.n	JH4	91.667	82.353	False	True	False	True	False	False
ERR346596	ERR346596.166773	VHX24.a1.84	JH3	96.939	80.000	False	True	False	True	False	False
ERR346596	ERR346596.166853	VH36-60.a2.90	JH4	77.320	87.500	True	False	True	False	False	False
ERR346596	ERR346596.166870	VHSM7.a3.93	JH3	100.000	46.154	False	True	False	True	False	False
ERR346596	ERR346596.166820	Q52.1pg.2,VHQ52.a1psi.2		62.500		True	False	True	False	False	False
ERR346596	ERR346596.166904	VHQ52.a27.79	JH3	79.167	92.308	True	False	True	False	False	False
ERR346596	ERR346596.167069	J558.f	JH1	4.124	93.333	True	False	True	False	False	False
ERR346596	ERR346596.167126	J558.70pg.171,J558.n	JH4	6.186	100.000	True	False	True	False	False	False
ERR346596	ERR346596.167013	J558.20pg.110	JH4	66.667	100.000	True	False	True	False	False	False
ERR346596	ERR346596.167137	J558.50	JH3	82.474	100.000	True	False	True	False	False	False
ERR346596	ERR346596.167251	J558.29	JH3	97.959	38.462	False	True	False	True	False	False
ERR346596	ERR346596.167311	J558.5	JH4	94.845	81.250	False	True	False	True	False	False
ERR346596	ERR346596.167327	J558.19.109,J558.37.127	JH3	15.625	93.333	True	False	True	False	False	False
ERR346596	ERR346596.167262	kb4		80.000		True	False	True	False	False	False
ERR346596	ERR346596.167371	3:3.9,7183.7.10,VH7183.a7.10	JH2	78.351	93.333	True	False	True	False	False	False
ERR346596	ERR346596.167452	J558.18A,J558.54,J558.83.189		50.000		True	False	True	False	False	False
ERR346596	ERR346596.167473	J558.83.189	JH2	81.250	100.000	True	False	True	False	False	False
ERR346596	ERR346596.167477	VH7183.a19.31	JH1	63.265	100.000	True	False	True	False	False	False
ERR346596	ERR346596.167462	J558.50	JH3	82.653	100.000	True	False	True	False	False	False
ERR346596	ERR346596.167719	J558.50	JH3	84.375	92.857	True	False	True	False	False	False
ERR346596	ERR346596.167787	VHSM7.a4.108	JH4	95.918	76.471	False	True	False	True	False	False
ERR346596	ERR346596.167794	VH61-1P,VH7183.a47.76	JH4	8.163	100.000	True	False	True	False	False	False
ERR346596	ERR346596.167915	J558.l	JH4	12.371	93.333	True	False	True	False	False	False
ERR346596	ERR346596.167895	J558.5	JH4	94.898	81.250	False	True	False	True	False	False
ERR346596	ERR346596.167952	VHQ52.a27.79	JH1	80.208	100.000	True	False	True	False	False	False
ERR346596	ERR346596.167910	J558.3.90,J558.50	JH3	19.388	93.333	True	False	True	False	False	False
ERR346596	ERR346596.168075	J558.46	JH4	25.532	87.500	True	False	True	False	False	False
ERR346596	ERR346596.168257	J558.50	JH3	84.783	100.000	True	False	True	False	False	False
ERR346596	ERR346596.168340	VHSM7.a3.93	JH4	54.167	100.000	True	False	True	False	False	False
ERR346596	ERR346596.168507	VHX24.a1.84	JH3	96.907	80.000	False	True	False	True	False	False
ERR346596	ERR346596.168530	VHQ52.a2.4	JH2	31.250	100.000	True	False	True	False	False	False
ERR346596	ERR346596.168623	J558.37.127	JH3	62.500	100.000	True	False	True	False	False	False
ERR346596	ERR346596.168649	VHQ52.a27.79,VOx-1	JH4	9.375	100.000	True	False	True	False	False	False
ERR346596	ERR346596.168756	J558.50	JH3	43.299	100.000	True	False	True	False	False	False
ERR346596	ERR346596.168873	VHSM7.a3.93	JH2	9.278	100.000	True	False	True	False	False	False
ERR346596	ERR346596.168849	J558.20	JH3	10.417	100.000	True	False	True	False	False	False
ERR346596	ERR346596.168808	VHQ52.a27.79,VOx-1	JH4	97.895	35.714	False	True	False	True	False	False
ERR346596	ERR346596.169033	Q52.1pg.2,VHQ52.a1psi.2		62.500		True	False	True	False	False	False
ERR346596	ERR346596.169148	J558.50	JH3	84.536	100.000	True	False	True	False	False	False
ERR346596	ERR346596.169209	J558.h	JH4	84.694	85.714	True	False	True	False	False	False
ERR346596	ERR346596.169356	J558.32	JH4	16.842	100.000	True	False	True	False	False	False
ERR346596	ERR346596.169385	J558.54.148	JH2	36.082	93.333	True	False	True	False	False	False
ERR346596	ERR346596.169478	J558.13	JH3	42.268	100.000	True	False	True	False	False	False
ERR346596	ERR346596.169787	VHA1	JH2	61.458	86.667	True	False	True	False	False	False
ERR346596	ERR346596.169770	J558.5	JH3	9.278	100.000	True	False	True	False	False	False
ERR346596	ERR346596.169830	VHQ52.a23.68	JH2	69.231	100.000	True	False	True	False	False	False
ERR346596	ERR346596.169882	VHQ52.a27.79,VOx-1	JH4	42.708	100.000	True	False	True	False	False	False
ERR346596	ERR346596.169932	VHSM7.a3.93	JH2	83.333	100.000	True	False	True	False	False	False
ERR346596	ERR346596.169936	V11,VHS107.a3.106	JH1	37.000	100.000	True	False	True	False	False	False
ERR346596	ERR346596.170025	J558.70pg.171,J558.n	JH4	48.454	100.000	True	False	True	False	False	False
ERR346596	ERR346596.170041	J558.h	JH4	84.043	93.750	True	False	True	False	False	False
ERR346596	ERR346596.170205	J558.18	JH4	29.787	100.000	True	False	True	False	False	False
ERR346596	ERR346596.170252	J558.27pg.117	JH4	10.638	100.000	True	False	True	False	False	False
ERR346596	ERR346596.170248	J558.45	JH4	11.458	100.000	True	False	True	False	False	False
ERR346596	ERR346596.170272	V11,VHS107.a3.106	JH1	76.000	100.000	True	False	True	False	False	False
ERR346596	ERR346596.170258	VHQ52.a27.79,VOx-1	JH2	83.158	86.667	True	False	True	False	False	False
ERR346596	ERR346596.170331	J558.h	JH4	82.474	87.500	True	False	True	False	False	False
ERR346596	ERR346596.170388	J558.83.189	JH2	65.306	100.000	True	False	True	False	False	False
ERR346596	ERR346596.170421	VH7183.a4.6,VHD6.96	JH3	41.837	100.000	True	False	True	False	False	False
ERR346596	ERR346596.170578	J558.50	JH3	84.536	100.000	True	False	True	False	False	False
ERR346596	ERR346596.170599	J558.50	JH3	82.474	100.000	True	False	True	False	False	False
ERR346596	ERR346596.170626	J558.50	JH3	84.536	100.000	True	False	True	False	False	False
ERR346596	ERR346596.170603	J558.70pg.171,J558.n	JH3	84.694	92.857	True	False	True	False	False	False
ERR346596	ERR346596.170757	J558.8	JH3	84.694	100.000	True	False	True	False	False	False
ERR346596	ERR346596.170765	J558.15	JH3	5.155	100.000	True	False	True	False	False	False
ERR346596	ERR346596.170874	J558.83.189	JH4	16.495	100.000	True	False	True	False	False	False
ERR346596	ERR346596.170990	J558.50	JH3	82.653	100.000	True	False	True	False	False	False
ERR346596	ERR346596.170984	J558.46	JH4	96.875	81.250	False	True	False	True	False	False
ERR346596	ERR346596.171122	J558.h	JH4	83.505	92.857	True	False	True	False	False	False
ERR346596	ERR346596.171204	J558.17	JH2	13.684	92.308	True	False	True	False	False	False
ERR346596	ERR346596.171220	J558.h	JH4	84.536	92.857	True	False	True	False	False	False
ERR346596	ERR346596.171326	VHSM7-13	JH2	64.286	100.000	True	False	True	False	False	False
ERR346596	ERR346596.171421	J558.50	JH3	83.505	100.000	True	False	True	False	False	False
ERR346596	ERR346596.171523	Q52.3.8,VHQ52.a3.8	JH4	95.833	60.000	False	True	False	True	False	False
ERR346596	ERR346596.171568	J558.29	JH3	12.500	100.000	True	False	True	False	False	False
ERR346596	ERR346596.171625	VH7183.a4.6,VHD6.96	JH4	36.082	92.857	True	False	True	False	False	False
ERR346596	ERR346596.171756	J558.15	JH3	51.546	100.000	True	False	True	False	False	False
ERR346596	ERR346596.171755	J558.h	JH3	84.536	100.000	True	False	True	False	False	False
ERR346596	ERR346596.171790	VHSM7.a4.108	JH3	52.083	100.000	True	False	True	False	False	False
ERR346596	ERR346596.171830	VHX24.a1.84	JH3	58.763	100.000	True	False	True	False	False	False
ERR346596	ERR346596.171839	J558.35	JH4	6.316	94.118	True	False	True	False	False	False
ERR346596	ERR346596.171885	J558.23	JH4	54.082	100.000	True	False	True	False	False	False
ERR346596	ERR346596.171815	VHQ52.a12.33	JH3	30.208	100.000	True	False	True	False	False	False
ERR346596	ERR346596.171872	J558.52.145,J558.61.157,V3	JH2	79.167	93.333	True	False	True	False	False	False
ERR346596	ERR346596.171904	J606.4.82	JH2	89.796	78.571	False	True	False	True	False	False
ERR346596	ERR346596.171965	VHQ52.a27.79,VOx-1	JH2	30.208	100.000	True	False	True	False	False	False
ERR346596	ERR346596.172110	J558.55.149	JH2	10.417	100.000	True	False	True	False	False	False
ERR346596	ERR346596.172140	J558.h	JH4	84.536	93.750	True	False	True	False	False	False
ERR346596	ERR346596.172318	VH61-1P,VH7183.a47.76	JH4	11.340	100.000	True	False	True	False	False	False
ERR346596	ERR346596.172327	VHQ52.a27.79,VOx-1	JH4	84.211	100.000	True	False	True	False	False	False
ERR346596	ERR346596.172412	VH36-60.a1.85	JH1	62.887	100.000	True	False	True	False	False	False
ERR346596	ERR346596.172460	J558.h	JH4	51.546	100.000	True	False	True	False	False	False
ERR346596	ERR346596.172464	J558.h	JH4	82.979	93.750	True	False	True	False	False	False
ERR346596	ERR346596.172579	J558.50	JH3	83.673	100.000	True	False	True	False	False	False
ERR346596	ERR346596.172587	H13-3	JH3	43.878	100.000	True	False	True	False	False	False
ERR346596	ERR346596.172617	VH36-60.a2.90	JH4	95.876	82.353	False	True	False	True	False	False
ERR346596	ERR346596.172645	J558.8	JH3	12.500	100.000	True	False	True	False	False	False
ERR346596	ERR346596.172719	VHQ52.a27.79	JH2	92.708	84.615	False	True	False	True	False	False
ERR346596	ERR346596.172779	J558.39	JH3	30.928	100.000	True	False	True	False	False	False
ERR346596	ERR346596.172771	VHSM7.a3.93	JH3	30.208	100.000	True	False	True	False	False	False
ERR346596	ERR346596.172852	J558.45	JH3	88.776	83.333	False	True	False	True	False	False
ERR346596	ERR346596.172861	VHQ52.a2.4	JH3	48.421	100.000	True	False	True	False	False	False
ERR346596	ERR346596.172960	J558.50	JH3	82.653	100.000	True	False	True	False	False	False
ERR346596	ERR346596.173133	VHA1	JH4	6.186	100.000	True	False	True	False	False	False
ERR346596	ERR346596.173045	VH7183.a46.75	JH4	24.490	100.000	True	False	True	False	False	False
ERR346596	ERR346596.173187	J558.19		66.667		True	False	True	False	False	False
ERR346596	ERR346596.173199	VHSM7.a3.93	JH3	48.454	100.000	True	False	True	False	False	False
ERR346596	ERR346596.173172	J558.54.148	JH2	15.464	100.000	True	False	True	False	False	False
ERR346596	ERR346596.173323	J558.20	JH3	93.814	42.857	False	True	False	True	False	False
ERR346596	ERR346596.173366	VHSM7.a3.93	JH2	83.505	100.000	True	False	True	False	False	False
ERR346596	ERR346596.173384	J558.38pg.128	JH2	72.727	100.000	True	False	True	False	False	False
ERR346596	ERR346596.173433	J558.54.148	JH2	97.959	46.667	False	True	False	True	False	False
ERR346596	ERR346596.173492	V11,VHS107.a3.106	JH1	49.000	100.000	True	False	True	False	False	False
ERR346596	ERR346596.173421	VHSM7.a3.93	JH3	10.417	100.000	True	False	True	False	False	False
ERR346596	ERR346596.173534	SM7.1.44,SM7.2.49,VHSM7.a3.93	JH2	80.000	100.000	True	False	True	False	False	False
ERR346596	ERR346596.173563	J558.78.182		63.636		True	False	True	False	False	False
ERR346596	ERR346596.173510	J558.h	JH4	84.536	100.000	True	False	True	False	False	False
ERR346596	ERR346596.173574	J558.5	JH3	84.694	100.000	True	False	True	False	False	False
ERR346596	ERR346596.173592	J558.k	JH3,JH4	77.778	100.000	True	False	True	False	False	False
ERR346596	ERR346596.173597	VHA1	JH2	56.701	100.000	True	False	True	False	False	False
ERR346596	ERR346596.173635	J558.29	JH4	57.732	100.000	True	False	True	False	False	False
ERR346596	ERR346596.173647	J558.13	JH3	32.292	100.000	True	False	True	False	False	False
ERR346596	ERR346596.173736	VHSM7.a3.93	JH3	6.122	100.000	True	False	True	False	False	False
ERR346596	ERR346596.173821	J558.64.162,J558.74.176	JH3	59.375	100.000	True	False	True	False	False	False
ERR346596	ERR346596.173866	VHQ52.a27.79	JH1	38.542	100.000	True	False	True	False	False	False
ERR346596	ERR346596.173882	J558.15	JH3	42.268	100.000	True	False	True	False	False	False
ERR346596	ERR346596.174039	Q52.3.8,VHQ52.a3.8	JH2	6.250	100.000	True	False	True	False	False	False
ERR346596	ERR346596.173925	Q52.3.8,VHQ52.a3.8	JH4	79.167	93.750	True	False	True	False	False	False
ERR346596	ERR346596.174004	VH7183.a4.6,VHD6.96	JH4	35.052	100.000	True	False	True	False	False	False
ERR346596	ERR346596.174125	VH7183.a4.6,VHD6.96	JH4	14.433	100.000	True	False	True	False	False	False
ERR346596	ERR346596.174060	Q52.3.8,VHQ52.a3.8	JH4	31.579	100.000	True	False	True	False	False	False
ERR346596	ERR346596.174208	VHSM7.a3.93	JH3	79.167	100.000	True	False	True	False	False	False
ERR346596	ERR346596.174266	J558.39	JH3	84.536	92.857	True	False	True	False	False	False
ERR346596	ERR346596.174287	J558.h	JH4	82.474	92.857	True	False	True	False	False	False
ERR346596	ERR346596.174323	VHS107.a3.106	JH1	75.248	100.000	True	False	True	False	False	False
ERR346596	ERR346596.174356	VHQ52.a8.22	JH2	79.167	100.000	True	False	True	False	False	False
ERR346596	ERR346596.174372	J558.h	JH4	82.474	100.000	True	False	True	False	False	False
ERR346596	ERR346596.174431	V11,VHS107.a3.106	JH1	45.455	100.000	True	False	True	False	False	False
ERR346596	ERR346596.174407	VHS107.a3.106	JH1	48.515	100.000	True	False	True	False	False	False
ERR346596	ERR346596.174451	VHSM7.a3.93	JH4	57.292	100.000	True	False	True	False	False	False
ERR346596	ERR346596.174436	VHQ52.a27.79	JH1	6.250	100.000	True	False	True	False	False	False
ERR346596	ERR346596.174507	J558.12	JH3	98.980	33.333	False	True	False	True	False	False
ERR346596	ERR346596.174501	VHS107.a3.106	JH1	97.000	58.824	False	True	False	True	False	False
ERR346596	ERR346596.174528	VHQ52.a27.79	JH1	27.083	100.000	True	False	True	False	False	False
ERR346596	ERR346596.174764	VHSM7.a3.93	JH2	84.536	100.000	True	False	True	False	False	False
ERR346596	ERR346596.174821	J558.64.162,J558.74.176	JH3	17.347	100.000	True	False	True	False	False	False
ERR346596	ERR346596.174807	J558.50	JH3	40.625	100.000	True	False	True	False	False	False
ERR346596	ERR346596.174824	J558.8	JH3	84.694	100.000	True	False	True	False	False	False
ERR346596	ERR346596.174847	J558.h	JH4	83.505	100.000	True	False	True	False	False	False
ERR346596	ERR346596.174933	J558.20	JH2	8.163	93.333	True	False	True	False	False	False
ERR346596	ERR346596.174969	VHSM7.a3.93	JH2	13.542	100.000	True	False	True	False	False	False
ERR346596	ERR346596.175011	J558.45	JH4	21.649	93.750	True	False	True	False	False	False
ERR346596	ERR346596.175161	J558.h	JH4	84.536	92.857	True	False	True	False	False	False
ERR346596	ERR346596.175259	J558.33	JH4	22.680	100.000	True	False	True	False	False	False
ERR346596	ERR346596.175207	VHSM7.a3.93	JH4	10.309	100.000	True	False	True	False	False	False
ERR346596	ERR346596.175282	cx9		62.500		True	False	True	False	False	False
ERR346596	ERR346596.175368	VH7183.a4.6,VHD6.96	JH4	95.876	80.000	False	True	False	True	False	False
ERR346596	ERR346596.175436	J558.45	JH3	44.330	83.333	True	True	True	True	False	False
ERR346596	ERR346596.175548	VHSM7.a3.93	JH2	84.536	100.000	True	False	True	False	False	False
ERR346596	ERR346596.175602	J558.19.109,J558.37.127	JH1	13.402	100.000	True	False	True	False	False	False
ERR346596	ERR346596.175705	J558.17A,J558.6.96	JH3	86.000	63.636	False	True	False	True	False	False
ERR346596	ERR346596.175697	SM7.1.44,SM7.2.49,VHSM7.a3.93	JH2	77.778	100.000	True	False	True	False	False	False
ERR346596	ERR346596.175825	J558.18A,J558.54,J558.83.189		50.000		True	False	True	False	False	False
ERR346596	ERR346596.175934	VHA1	JH2	96.939	80.000	False	True	False	True	False	False
ERR346596	ERR346596.176045	VHS107.a3.106	JH4	48.515	100.000	True	False	True	False	False	False
ERR346596	ERR346596.176039	VHSM7.a4.108	JH3	11.458	100.000	True	False	True	False	False	False
ERR346596	ERR346596.176063	VHQ52.a27.79	JH1	60.417	56.250	True	True	True	True	False	False
ERR346596	ERR346596.176114	J558.47	JH2	90.722	84.615	False	True	False	True	False	False
ERR346596	ERR346596.176194	VHSM7.a3.93	JH3	10.417	100.000	True	False	True	False	False	False
ERR346596	ERR346596.176217	VH61-1P,VH7183.a47.76	JH4	80.612	100.000	True	False	True	False	False	False
ERR346596	ERR346596.176343	J558.h	JH4	83.505	92.857	True	False	True	False	False	False
ERR346596	ERR346596.176305	VHS107.a3.106	JH1	48.515	100.000	True	False	True	False	False	False
ERR346596	ERR346596.176354	VH36-60.a2.90	JH2	95.918	30.769	False	True	False	True	False	False
ERR346596	ERR346596.176300	VH7183.a4.6,VHD6.96	JH4	14.433	92.857	True	False	True	False	False	False
ERR346596	ERR346596.176432	J558.45	JH4	97.938	35.714	False	True	False	True	False	False
ERR346596	ERR346596.176389	VHSM7.a3.93	JH2	82.474	100.000	True	False	True	False	False	False
ERR346596	ERR346596.176493	VH7183.a7.10	JH4	92.857	71.429	False	True	False	True	False	False
ERR346596	ERR346596.176558	V11,VHS107.a3.106	JH1	94.000	81.250	False	True	False	True	False	False
ERR346596	ERR346596.176642	VHSM7.a3.93	JH3	55.670	100.000	True	False	True	False	False	False
ERR346596	ERR346596.176663	VHSM7.a3.93	JH4	36.082	100.000	True	False	True	False	False	False
ERR346596	ERR346596.176718	VHX24.a1.84	JH3	90.816	80.000	False	True	False	True	False	False
ERR346596	ERR346596.176929	J558.5	JH2	91.837	78.571	False	True	False	True	False	False
ERR346596	ERR346596.176954	J558.i	JH3	54.639	100.000	True	False	True	False	False	False
ERR346596	ERR346596.176981	J558.17	JH2	53.125	84.615	True	True	True	True	False	False
ERR346596	ERR346596.177054	VHS107.a3.106	JH1	38.000	100.000	True	False	True	False	False	False
ERR346596	ERR346596.177110	J558.53.146,V23	JH2	72.727	100.000	True	False	True	False	False	False
ERR346596	ERR346596.177181	J558.h	JH4	83.505	87.500	True	False	True	False	False	False
ERR346596	ERR346596.177177	J558.k	JH4	24.742	100.000	True	False	True	False	False	False
ERR346596	ERR346596.177337	VHA1	JH4	96.939	30.769	False	True	False	True	False	False
ERR346596	ERR346596.177367	J558.16.106,J558.6	JH3	80.460	92.308	True	False	True	False	False	False
ERR346596	ERR346596.177376	VH108A	JH1	66.667	100.000	True	False	True	False	False	False
ERR346596	ERR346596.177427	J558.5	JH4	93.878	81.250	False	True	False	True	False	False
ERR346596	ERR346596.177442	VHQ52.a27.79,VOx-1	JH4	80.208	100.000	True	False	True	False	False	False
ERR346596	ERR346596.177432	J558.29	JH3	15.464	100.000	True	False	True	False	False	False
ERR346596	ERR346596.177458	J558.h	JH4	83.673	92.857	True	False	True	False	False	False
ERR346596	ERR346596.177497	VH7183.a4.6,VHD6.96	JH4	58.763	92.857	True	False	True	False	False	False
ERR346596	ERR346596.177563	VH7183.a4.6,VHD6.96	JH4	93.814	42.857	False	True	False	True	False	False
ERR346596	ERR346596.177596	J558.13	JH3	72.917	100.000	True	False	True	False	False	False
ERR346596	ERR346596.177603	VHQ52.a27.79,VOx-1	JH2	79.167	100.000	True	False	True	False	False	False
ERR346596	ERR346596.177671	J558.33	JH2	8.333	100.000	True	False	True	False	False	False
ERR346596	ERR346596.177679	J558.33	JH2	23.958	100.000	True	False	True	False	False	False
ERR346596	ERR346596.177694	J558.37,J558.38,J558.39		80.000		True	False	True	False	False	False
ERR346596	ERR346596.177753	J558.33	JH4	92.857	81.250	False	True	False	True	False	False
ERR346596	ERR346596.177858	J558.k	JH4	16.495	100.000	True	False	True	False	False	False
ERR346596	ERR346596.177864	VH36-60.a1.85	JH2	39.796	100.000	True	False	True	False	False	False
ERR346596	ERR346596.177964	J558.h	JH4	84.536	100.000	True	False	True	False	False	False
ERR346596	ERR346596.177959	VHSM7.a3.93	JH2	64.948	100.000	True	False	True	False	False	False
ERR346596	ERR346596.178027	J558.35	JH4	40.625	100.000	True	False	True	False	False	False
ERR346596	ERR346596.177997	J558.5	JH4	94.898	81.250	False	True	False	True	False	False
ERR346596	ERR346596.178127	J558.50	JH3	82.292	92.857	True	False	True	False	False	False
ERR346596	ERR346596.178209	J558.19	JH2	42.857	100.000	True	False	True	False	False	False
ERR346596	ERR346596.178228	VHQ52.a22.67	JH2	35.417	91.667	True	False	True	False	False	False
ERR346596	ERR346596.178316	J558.21pg.111,J558.25pg.115	JH3	83.505	100.000	True	False	True	False	False	False
ERR346596	ERR346596.178343	J558.55.149	JH2	36.082	100.000	True	False	True	False	False	False
ERR346596	ERR346596.178340	VHQ52.a8.22	JH4	78.351	93.333	True	False	True	False	False	False
ERR346596	ERR346596.178405	J558.5	JH4	98.969	82.353	False	True	False	True	False	False
ERR346596	ERR346596.178383	VH7183.a4.6,VHD6.96	JH4	56.701	100.000	True	False	True	False	False	False
ERR346596	ERR346596.178421	J558.18	JH3	26.042	100.000	True	False	True	False	False	False
ERR346596	ERR346596.178562	J558.50	JH3	82.653	100.000	True	False	True	False	False	False
ERR346596	ERR346596.178596	J558.h	JH4	84.694	92.857	True	False	True	False	False	False
ERR346596	ERR346596.178612	VHX24.a1.84	JH2	80.412	100.000	True	False	True	False	False	False
ERR346596	ERR346596.178663	36-60.4.66,36-60.6.70,36-60.8.74	JH2,JH3	71.429	100.000	True	False	True	False	False	False
ERR346596	ERR346596.178669	J558.40	JH2	30.208	100.000	True	False	True	False	False	False
ERR346596	ERR346596.178797	Q52.3.8,VHQ52.a3.8	JH3	54.167	100.000	True	False	True	False	False	False
ERR346596	ERR346596.178842	J558.50	JH3	44.792	100.000	True	False	True	False	False	False
ERR346596	ERR346596.178985	VHSM7.a3.93	JH2	12.371	93.333	True	False	True	False	False	False
ERR346596	ERR346596.178978	Q52.3.8,VHQ52.a3.8	JH2	78.125	100.000	True	False	True	False	False	False
ERR346596	ERR346596.179070	J558.55.149	JH2	27.083	100.000	True	False	True	False	False	False
ERR346596	ERR346596.179093	J558.h	JH4	83.673	92.857	True	False	True	False	False	False
ERR346596	ERR346596.179129	J558.13,J558.54.148	JH3	96.809	69.231	False	True	False	True	False	False
ERR346596	ERR346596.179144	VHSM7.a3.93	JH2	84.375	100.000	True	False	True	False	False	False
ERR346596	ERR346596.179173	J558.50	JH4	82.292	100.000	True	False	True	False	False	False
ERR346596	ERR346596.179325	Vh10.2a	JH4	91.919	82.353	False	True	False	True	False	False
ERR346596	ERR346596.179349	J558.50	JH3	84.536	100.000	True	False	True	False	False	False
ERR346596	ERR346596.179463	VHSM7.a3.93	JH2	7.216	100.000	True	False	True	False	False	False
ERR346596	ERR346596.179469	J558.23	JH4	71.134	100.000	True	False	True	False	False	False
ERR346596	ERR346596.179498	J558.21pg.111,J558.25pg.115	JH3	82.474	100.000	True	False	True	False	False	False
ERR346596	ERR346596.179633	J558.21pg.111,J558.25pg.115	JH3	32.990	100.000	True	False	True	False	False	False
ERR346596	ERR346596.179673	J558.54.148	JH3	91.837	83.333	False	True	False	True	False	False
ERR346596	ERR346596.179718	J558.50	JH3	84.694	100.000	True	False	True	False	False	False
ERR346596	ERR346596.179733	J558.50	JH3	83.696	100.000	True	False	True	False	False	False
ERR346596	ERR346596.179814	VHSM7.a3.93	JH2	30.612	100.000	True	False	True	False	False	False
ERR346596	ERR346596.179948	J558.h	JH4	84.694	92.857	True	False	True	False	False	False
ERR346596	ERR346596.179987	J558.61.157,V3	JH2	92.784	30.769	False	True	False	True	False	False
ERR346596	ERR346596.180008	J558.89pg.195	JH2	60.825	100.000	True	False	True	False	False	False
ERR346596	ERR346596.180015	J558.19.109	JH4	26.042	92.857	True	False	True	False	False	False
ERR346596	ERR346596.180006	H13-3	JH2	13.542	100.000	True	False	True	False	False	False
ERR346596	ERR346596.180105	J558.8	JH2	26.042	100.000	True	False	True	False	False	False
ERR346596	ERR346596.180250	VHSM7.a3.93	JH3	7.292	84.615	True	True	True	True	False	False
ERR346596	ERR346596.180263	J606.4.82	JH2	84.848	100.000	True	False	True	False	False	False
ERR346596	ERR346596.180278	3:3.9,7183.7.10,VH7183.a7.10	JH2	98.969	80.000	False	True	False	True	False	False
ERR346596	ERR346596.180275	VHQ52.a27.79,VOx-1	JH4	7.368	100.000	True	False	True	False	False	False
ERR346596	ERR346596.180335	VHSM7.a3.93	JH3	15.625	100.000	True	False	True	False	False	False
ERR346596	ERR346596.180413	J558.2	JH3	84.536	92.857	True	False	True	False	False	False
ERR346596	ERR346596.180445	J558.50	JH3	82.653	100.000	True	False	True	False	False	False
ERR346596	ERR346596.180463	J558.17	JH2	94.792	84.615	False	True	False	True	False	False
ERR346596	ERR346596.180496	J558.50	JH3	82.474	100.000	True	False	True	False	False	False
ERR346596	ERR346596.180585	VHSM7.a3.93	JH4	15.625	100.000	True	False	True	False	False	False
ERR346596	ERR346596.180576	Q52.3.8,VHQ52.a3.8	JH4	81.250	100.000	True	False	True	False	False	False
ERR346596	ERR346596.180613	VH36-60.a4.111	JH3	75.000	100.000	True	False	True	False	False	False
ERR346596	ERR346596.180581	J558.27pg.117,J558.38pg.128	JH4	11.579	100.000	True	False	True	False	False	False
ERR346596	ERR346596.180778	J558.21pg.111,J558.25pg.115	JH3	83.505	100.000	True	False	True	False	False	False
ERR346596	ERR346596.180933	J558.5	JH4	94.898	81.250	False	True	False	True	False	False
ERR346596	ERR346596.180936	VHQ52.a27.79	JH1	19.588	100.000	True	False	True	False	False	False
ERR346596	ERR346596.181020	VHS107.a3.106	JH1	49.505	100.000	True	False	True	False	False	False
ERR346596	ERR346596.181024	VHSM7.a3.93	JH4	35.714	100.000	True	False	True	False	False	False
ERR346596	ERR346596.180989	VHSM7.a1.83	JH4	57.292	93.750	True	False	True	False	False	False
ERR346596	ERR346596.181099	J558.50	JH3	84.694	100.000	True	False	True	False	False	False
ERR346596	ERR346596.181035	VHS107.a3.106	JH2	47.525	100.000	True	False	True	False	False	False
ERR346596	ERR346596.181140	VHQ52.a27.79	JH1	81.250	100.000	True	False	True	False	False	False
ERR346596	ERR346596.181163	J558.39	JH3	33.333	100.000	True	False	True	False	False	False
ERR346596	ERR346596.181097	J558.18	JH4	42.268	100.000	True	False	True	False	False	False
ERR346596	ERR346596.181206	VHSM7.a3.93	JH4	43.750	100.000	True	False	True	False	False	False
ERR346596	ERR346596.181230	J558.h	JH4	83.505	100.000	True	False	True	False	False	False
ERR346596	ERR346596.181243	J558.61.157,V3	JH2	92.784	84.615	False	True	False	True	False	False
ERR346596	ERR346596.181295	J558.29	JH4	84.337	100.000	True	False	True	False	False	False
ERR346596	ERR346596.181341	VHQ52.a27.79	JH1	81.250	100.000	True	False	True	False	False	False
ERR346596	ERR346596.181337	VHQ52.a27.79	JH3	70.833	100.000	True	False	True	False	False	False
ERR346596	ERR346596.181325	J558.h	JH3	84.536	100.000	True	False	True	False	False	False
ERR346596	ERR346596.181384	VHSM7.a3.93	JH4	55.208	100.000	True	False	True	False	False	False
ERR346596	ERR346596.181436	J558.41pg.131	JH1	83.333	100.000	True	False	True	False	False	False
ERR346596	ERR346596.181461	J558.29	JH4	15.625	100.000	True	False	True	False	False	False
ERR346596	ERR346596.181492	VHQ52.a27.79	JH1	81.250	100.000	True	False	True	False	False	False
ERR346596	ERR346596.181496	J558.2	JH3	84.536	92.857	True	False	True	False	False	False
ERR346596	ERR346596.181565	J558.50	JH3	82.653	92.857	True	False	True	False	False	False
ERR346596	ERR346596.181570	J558.50	JH3	83.333	92.857	True	False	True	False	False	False
ERR346596	ERR346596.181554	J558.36,J558.65.163,J558.75.177	JH4	40.000	100.000	True	False	True	False	False	False
ERR346596	ERR346596.181777	J558.47	JH2	98.969	35.714	False	True	False	True	False	False
ERR346596	ERR346596.181795	VHQ52.a27.79,VOx-1	JH4	78.947	100.000	True	False	True	False	False	False
ERR346596	ERR346596.181896	J558.64.162,J558.74.176	JH3	58.763	100.000	True	False	True	False	False	False
ERR346596	ERR346596.181959	J558.h	JH4	84.694	100.000	True	False	True	False	False	False
ERR346596	ERR346596.182127	J558.50	JH3	82.292	100.000	True	False	True	False	False	False
ERR346596	ERR346596.182122	J558.19	JH1	35.417	100.000	True	False	True	False	False	False
ERR346596	ERR346596.182187	VHX24.a1.84	JH4	5.051	100.000	True	False	True	False	False	False
ERR346596	ERR346596.182273	J558.45	JH1	72.917	100.000	True	False	True	False	False	False
ERR346596	ERR346596.182358	J558.l	JH4	29.167	100.000	True	False	True	False	False	False
ERR346596	ERR346596.182355	J558.41pg.131	JH1	83.333	100.000	True	False	True	False	False	False
ERR346596	ERR346596.182395	VHSM7.a3.93	JH3	21.649	100.000	True	False	True	False	False	False
ERR346596	ERR346596.182381	J558.37	JH2	48.454	100.000	True	False	True	False	False	False
ERR346596	ERR346596.182425	J558.5	JH4	93.878	81.250	False	True	False	True	False	False
ERR346596	ERR346596.182473	VHSM7.a3.93	JH3	94.792	38.462	False	True	False	True	False	False
ERR346596	ERR346596.182471	J558.50	JH3	83.673	100.000	True	False	True	False	False	False
ERR346596	ERR346596.182486	J558.17	JH2	92.632	78.571	False	True	False	True	False	False
ERR346596	ERR346596.182429	J558.f	JH2	4.124	100.000	True	False	True	False	False	False
ERR346596	ERR346596.182506	Q52.3.8,VHQ52.a3.8	JH4	69.474	93.333	True	False	True	False	False	False
ERR346596	ERR346596.182603	VHQ52.a27.79	JH1	98.969	46.667	False	True	False	True	False	False
ERR346596	ERR346596.182645	VH36-60.a6.114	JH2	51.042	86.667	True	False	True	False	False	False
ERR346596	ERR346596.182685	J558.37.127	JH3	16.495	100.000	True	False	True	False	False	False
ERR346596	ERR346596.182706	J558.24,J558.80.186		66.667		True	False	True	False	False	False
ERR346596	ERR346596.182755	VHSM7.a3.93	JH2	66.327	100.000	True	False	True	False	False	False
ERR346596	ERR346596.182808	J558.33	JH4	7.216	93.333	True	False	True	False	False	False
ERR346596	ERR346596.182831	J558.41pg.131	JK2,JK3,JK4	83.333	100.000	True	False	True	False	False	False
ERR346596	ERR346596.182953	VHQ52.a27.79	JH1	7.292	100.000	True	False	True	False	False	False
ERR346596	ERR346596.182990	J558.h	JH1	97.938	64.286	False	True	False	True	False	False
ERR346596	ERR346596.183020	VH7183.a19.31	JH1	57.143	100.000	True	False	True	False	False	False
ERR346596	ERR346596.183147	VHQ52.a27.79,VOx-1	JH4	7.368	100.000	True	False	True	False	False	False
ERR346596	ERR346596.183157	VHSM7.a4.108	JH4	62.245	100.000	True	False	True	False	False	False
ERR346596	ERR346596.183187	J558.64.162,J558.74.176	JH3	55.670	100.000	True	False	True	False	False	False
ERR346596	ERR346596.183166	J558.34.124	JH1	67.033	93.750	True	False	True	False	False	False
ERR346596	ERR346596.183228	VHSM7.a3.93	JH3	26.804	100.000	True	False	True	False	False	False
ERR346596	ERR346596.183295	J558.h	JH4	83.505	92.857	True	False	True	False	False	False
ERR346596	ERR346596.183353	J558.15	JH4	97.959	81.250	False	True	False	True	False	False
ERR346596	ERR346596.183419	J558.5	JH2	33.333	85.714	True	False	True	False	False	False
ERR346596	ERR346596.183511	J558.20	JH3	71.605	100.000	True	False	True	False	False	False
ERR346596	ERR346596.183605	gj38c	JK5	50.000	100.000	True	False	True	False	False	False
ERR346596	ERR346596.183724	VHSM7.a3.93	JH3	15.625	100.000	True	False	True	False	False	False
ERR346596	ERR346596.183884	VHJ606.a6.127#	JH4	92.929	70.588	False	True	False	True	False	False
ERR346596	ERR346596.183910	VHSM7.a3.93	JH2	84.536	92.857	True	False	True	False	False	False
ERR346596	ERR346596.184022	VHQ52.a27.79,VOx-1	JH4	30.526	100.000	True	False	True	False	False	False
ERR346596	ERR346596.184113	VH7183.a4.6,VHD6.96	JH4	95.876	75.000	False	True	False	True	False	False
ERR346596	ERR346596.184170	J558.50	JH3	84.694	100.000	True	False	True	False	False	False
ERR346596	ERR346596.184152	J558.8	JH3	28.866	100.000	True	False	True	False	False	False
ERR346596	ERR346596.184130	VHA1	JH2	50.000	100.000	True	False	True	False	False	False
ERR346596	ERR346596.184249	J558.50	JH3	84.536	100.000	True	False	True	False	False	False
ERR346596	ERR346596.184312	PG.13.69	JH1,JH2,JH3	66.667	100.000	True	False	True	False	False	False
ERR346596	ERR346596.184409	V11,VHS107.a3.106	JH1	47.525	100.000	True	False	True	False	False	False
ERR346596	ERR346596.184426	SM7.1.44,SM7.2.49,VHSM7.a3.93	JH2	80.000	100.000	True	False	True	False	False	False
ERR346596	ERR346596.184445	J558.17	JH2	66.667	100.000	True	False	True	False	False	False
ERR346596	ERR346596.184455	J558.1	JH2	100.000	60.000	False	True	False	True	False	False
ERR346596	ERR346596.184363	J558.8	JH3	83.673	100.000	True	False	True	False	False	False
ERR346596	ERR346596.184470	J558.35	JH4	12.371	100.000	True	False	True	False	False	False
ERR346596	ERR346596.184480	J558.29	JH4	4.124	100.000	True	False	True	False	False	False
ERR346596	ERR346596.184513	VHA1	JH2	58.333	93.333	True	False	True	False	False	False
ERR346596	ERR346596.184558	VH36-60.a1.85	JH4	30.928	93.750	True	False	True	False	False	False
ERR346596	ERR346596.184664	VHSM7.a3.93	JH2	84.375	100.000	True	False	True	False	False	False
ERR346596	ERR346596.184771	J558.50	JH3	84.536	100.000	True	False	True	False	False	False
ERR346596	ERR346596.184796	V11,VHS107.a3.106	JH1	49.000	100.000	True	False	True	False	False	False
ERR346596	ERR346596.184882	J558.29	JH4	9.278	100.000	True	False	True	False	False	False
ERR346596	ERR346596.184908	V102	JH2	5.208	93.333	True	False	True	False	False	False
ERR346596	ERR346596.184973	J558.55.149	JH2	30.928	100.000	True	False	True	False	False	False
ERR346596	ERR346596.185055	VH7183.a4.6,VHD6.96	JH4	8.247	100.000	True	False	True	False	False	False
ERR346596	ERR346596.185108	J558.19	JH2	45.361	100.000	True	False	True	False	False	False
ERR346596	ERR346596.185120	J558.f	JH2	69.072	100.000	True	False	True	False	False	False
ERR346596	ERR346596.185162	J606.4.82		50.000		True	False	True	False	False	False
ERR346596	ERR346596.185173	J558.44	JH2	26.042	100.000	True	False	True	False	False	False
ERR346596	ERR346596.185262	J558.29	JH4	10.309	100.000	True	False	True	False	False	False
ERR346596	ERR346596.185248	J558.5	JH4	83.505	100.000	True	False	True	False	False	False
ERR346596	ERR346596.185461	MAI1,MBK2,PWK2		66.667		True	False	True	False	False	False
ERR346596	ERR346596.185458	J558.50	JH3	83.505	100.000	True	False	True	False	False	False
ERR346596	ERR346596.185509	J558.35	JH2	46.316	100.000	True	False	True	False	False	False
ERR346596	ERR346596.185538	J558.h	JH4	82.292	87.500	True	False	True	False	False	False
ERR346596	ERR346596.185658	J558.5	JH4	98.980	82.353	False	True	False	True	False	False
ERR346596	ERR346596.185639	VHSM7.a3.93	JH4	59.794	100.000	True	False	True	False	False	False
ERR346596	ERR346596.185649	VHX24.a1.84	JH3	97.959	80.000	False	True	False	True	False	False
ERR346596	ERR346596.185721	J558.50	JH3	82.653	100.000	True	False	True	False	False	False
ERR346596	ERR346596.185675	VHSM7.a1.83	JH4	69.072	100.000	True	False	True	False	False	False
ERR346596	ERR346596.185983	J558.13,J558.54.148	JH4	55.670	100.000	True	False	True	False	False	False
ERR346596	ERR346596.185903	VHSM7.a3.93	JH2	35.052	100.000	True	False	True	False	False	False
ERR346596	ERR346596.185967	J558.h	JH4	25.000	93.750	True	False	True	False	False	False
ERR346596	ERR346596.186000	J558.45	JH4	91.753	82.353	False	True	False	True	False	False
ERR346596	ERR346596.186066	J558.50	JH3	84.694	100.000	True	False	True	False	False	False
ERR346596	ERR346596.186085	VHQ52.a27.79	JH1	27.083	100.000	True	False	True	False	False	False
ERR346596	ERR346596.186197	J558.29	JH4	7.216	100.000	True	False	True	False	False	False
ERR346596	ERR346596.186242	V11,VHS107.a3.106	JH1	48.000	100.000	True	False	True	False	False	False
ERR346596	ERR346596.186213	VHSM7.a3.93	JH3	48.454	100.000	True	False	True	False	False	False
ERR346596	ERR346596.186267	VHSM7.a3.93	JH4	62.500	100.000	True	False	True	False	False	False
ERR346596	ERR346596.186409	J558.1	JH2	29.897	100.000	True	False	True	False	False	False
ERR346596	ERR346596.186452	J558.5	JH4	68.750	100.000	True	False	True	False	False	False
ERR346596	ERR346596.186619	VH108A	JH1	52.041	100.000	True	False	True	False	False	False
ERR346596	ERR346596.186678	J558.8	JH3	84.694	100.000	True	False	True	False	False	False
ERR346596	ERR346596.186693	J558.17	JH3	5.208	100.000	True	False	True	False	False	False
ERR346596	ERR346596.186727	SM7.1.44,SM7.2.49,VHSM7.a3.93	JH2	77.778	100.000	True	False	True	False	False	False
ERR346596	ERR346596.186881	J558.83.189	JH4	11.340	100.000	True	False	True	False	False	False
ERR346596	ERR346596.186973	VHS107.a3.106	JH2	99.010	84.615	False	True	False	True	False	False
ERR346596	ERR346596.186953	VHQ52.a2.4	JH2	81.443	100.000	True	False	True	False	False	False
ERR346596	ERR346596.187033	J558.44	JH4	4.124	93.333	True	False	True	False	False	False
ERR346596	ERR346596.187145	J558.19	JH2	92.593	78.571	False	True	False	True	False	False
ERR346596	ERR346596.187271	J558.20	JH1	6.186	100.000	True	False	True	False	False	False
ERR346596	ERR346596.187323	Q52.1pg.2,VHQ52.a1psi.2		62.500		True	False	True	False	False	False
ERR346596	ERR346596.187359	VHS107.a3.106	JH1	48.000	100.000	True	False	True	False	False	False
ERR346596	ERR346596.187641	VH61-1P,VH7183.a47.76	JH4	80.412	100.000	True	False	True	False	False	False
ERR346596	ERR346596.187735	VHQ52.a9.26	JH4	5.263	100.000	True	False	True	False	False	False
ERR346596	ERR346596.187710	cx9		50.000		True	False	True	False	False	False
ERR346596	ERR346596.187796	J558.k	JH3,JH4	77.778	100.000	True	False	True	False	False	False
ERR346596	ERR346596.187845	V11,VHS107.a3.106	JH1	92.000	62.500	False	True	False	True	False	False
ERR346596	ERR346596.187927	VHQ52.a22.67	JH2	53.125	100.000	True	False	True	False	False	False
ERR346596	ERR346596.188010	J558.45	JH3	83.505	100.000	True	False	True	False	False	False
ERR346596	ERR346596.188007	J558.h	JH4	84.536	93.750	True	False	True	False	False	False
ERR346596	ERR346596.187996	J558.17	JH3	38.542	93.333	True	False	True	False	False	False
ERR346596	ERR346596.187971	J558.18	JH4	51.042	100.000	True	False	True	False	False	False
ERR346596	ERR346596.188242	VHQ52.a27.79	JH1	39.583	100.000	True	False	True	False	False	False
ERR346596	ERR346596.188220	J558.83.189	JH4	52.083	100.000	True	False	True	False	False	False
ERR346596	ERR346596.188304	J558.50	JH3	84.536	100.000	True	False	True	False	False	False
ERR346596	ERR346596.188368	J558.46	JH2	81.633	78.571	True	True	True	True	False	False
ERR346596	ERR346596.188437	J558.45	JH4	63.542	93.750	True	False	True	False	False	False
ERR346596	ERR346596.188466	J558.h	JH4	83.673	92.857	True	False	True	False	False	False
ERR346596	ERR346596.188542	J558.34.124	JH1	90.722	82.353	False	True	False	True	False	False
ERR346596	ERR346596.188547	J558.16.106	JH1	98.969	50.000	False	True	False	True	False	False
ERR346596	ERR346596.188529	J558.50	JH3	82.653	100.000	True	False	True	False	False	False
ERR346596	ERR346596.188559	J558.46	JH2	25.000	100.000	True	False	True	False	False	False
ERR346596	ERR346596.188618	J558.f	JH1	94.898	46.667	False	True	False	True	False	False
ERR346596	ERR346596.188602	SM7.1.44,SM7.2.49,VHSM7.a3.93	JH2	77.778	100.000	True	False	True	False	False	False
ERR346596	ERR346596.188591	J558.50	JH3	84.694	100.000	True	False	True	False	False	False
ERR346596	ERR346596.188615	VH61-1P,VH7183.a47.76	JH2	10.309	100.000	True	False	True	False	False	False
ERR346596	ERR346596.188627	J606.4.82	JH2	63.636	92.308	True	False	True	False	False	False
ERR346596	ERR346596.188703	VHSM7.a3.93	JH3	100.000	38.462	False	True	False	True	False	False
ERR346596	ERR346596.188712	J558.h	JH4	84.375	93.750	True	False	True	False	False	False
ERR346596	ERR346596.188718	J558.50	JH3	83.505	100.000	True	False	True	False	False	False
ERR346596	ERR346596.188780	J558.k	JH4	8.163	100.000	True	False	True	False	False	False
ERR346596	ERR346596.188741	J558.50	JH3	82.474	100.000	True	False	True	False	False	False
ERR346596	ERR346596.188800	VHSM7.a3.93	JH4	11.340	100.000	True	False	True	False	False	False
ERR346596	ERR346596.188792	J558.50	JH3	82.653	100.000	True	False	True	False	False	False
ERR346596	ERR346596.188822	J558.h	JH2	84.536	100.000	True	False	True	False	False	False
ERR346596	ERR346596.188837	J558.70pg.171,J558.n	JH4	91.837	35.714	False	True	False	True	False	False
ERR346596	ERR346596.188826	VH7183.a7.10	JH2	18.367	100.000	True	False	True	False	False	False
ERR346596	ERR346596.188912	VHQ52.a27.79,VOx-1	JH4	81.250	100.000	True	False	True	False	False	False
ERR346596	ERR346596.188889	V11,VHS107.a3.106	JH2	91.089	28.571	False	True	False	True	False	False
ERR346596	ERR346596.189084	J558.50	JH3	83.673	100.000	True	False	True	False	False	False
ERR346596	ERR346596.188989	J558.47	JH2	12.371	92.308	True	False	True	False	False	False
ERR346596	ERR346596.189099	J558.h	JH4	84.536	92.857	True	False	True	False	False	False
ERR346596	ERR346596.189020	J558.50	JH3	83.333	100.000	True	False	True	False	False	False
ERR346596	ERR346596.189151	J558.17	JH2	93.750	78.571	False	True	False	True	False	False
ERR346596	ERR346596.189221	J558.4	JH4	5.155	100.000	True	False	True	False	False	False
ERR346596	ERR346596.189216	J558.54.148	JH3	37.113	91.667	True	False	True	False	False	False
ERR346596	ERR346596.189323	VH7183.a4.6,VHD6.96	JH4	93.750	42.857	False	True	False	True	False	False
ERR346596	ERR346596.189296	VHSM7.a3.93	JH2	84.536	100.000	True	False	True	False	False	False
ERR346596	ERR346596.189205	J558.47	JH3	42.708	100.000	True	False	True	False	False	False
ERR346596	ERR346596.189392	J558.h	JH4	84.536	93.750	True	False	True	False	False	False
ERR346596	ERR346596.189451	VH7183.a4.6,VHD6.96	JH4	47.423	85.714	True	False	True	False	False	False
ERR346596	ERR346596.189528	VHX24.a1.84	JH3	70.103	91.667	True	False	True	False	False	False
ERR346596	ERR346596.189512	J558.45	JH3	6.186	100.000	True	False	True	False	False	False
ERR346596	ERR346596.189526	J558.1	JH2	5.155	100.000	True	False	True	False	False	False
ERR346596	ERR346596.189361	J558.5	JH2	91.753	78.571	False	True	False	True	False	False
ERR346596	ERR346596.189584	J558.45	JH3	84.694	100.000	True	False	True	False	False	False
ERR346596	ERR346596.189599	J558.29	JH4	61.458	100.000	True	False	True	False	False	False
ERR346596	ERR346596.189609	Q52.3.8,VHQ52.a3.8	JH3	67.045	100.000	True	False	True	False	False	False
ERR346596	ERR346596.189653	J558.20	JH2	6.186	100.000	True	False	True	False	False	False
ERR346596	ERR346596.189617	VHQ52.a27.79,VOx-1	JH4	78.947	100.000	True	False	True	False	False	False
ERR346596	ERR346596.189716	J558.17	JH2	69.474	100.000	True	False	True	False	False	False
ERR346596	ERR346596.189763	J558.29	JH3	14.583	100.000	True	False	True	False	False	False
ERR346596	ERR346596.190153	J558.17	JH2	61.053	92.308	True	False	True	False	False	False
ERR346596	ERR346596.190280	VHS107.a3.106	JH1	67.327	100.000	True	False	True	False	False	False
ERR346596	ERR346596.190320	VHSM7.a3.93	JH2	11.340	100.000	True	False	True	False	False	False
ERR346596	ERR346596.190437	VHQ52.a27.79	JH1	8.247	100.000	True	False	True	False	False	False
ERR346596	ERR346596.190435	J558.50	JH3	84.536	100.000	True	False	True	False	False	False
ERR346596	ERR346596.190378	VHSM7.a3.93	JH4	18.557	100.000	True	False	True	False	False	False
ERR346596	ERR346596.190639	VHQ52.a27.79,VOx-1	JH4	30.526	92.857	True	False	True	False	False	False
ERR346596	ERR346596.190654	J558.50	JH3	82.653	100.000	True	False	True	False	False	False
ERR346596	ERR346596.190682	Q52.1pg.2,VHQ52.a1psi.2		62.500		True	False	True	False	False	False
ERR346596	ERR346596.190760	VH7183.9,VH7183.a15.24	JH2	8.163	100.000	True	False	True	False	False	False
ERR346596	ERR346596.190765	J558.20	JH1	17.347	100.000	True	False	True	False	False	False
ERR346596	ERR346596.190917	VH7183.7b	JH4	68.367	100.000	True	False	True	False	False	False
ERR346596	ERR346596.190866	VH61-1P,VH7183.a47.76	JH4	30.928	100.000	True	False	True	False	False	False
ERR346596	ERR346596.190928	VHX24.a1.84	JH3	89.691	80.000	False	True	False	True	False	False
ERR346596	ERR346596.190960	VHX24.a1.84	JH3	57.732	100.000	True	False	True	False	False	False
ERR346596	ERR346596.191030	VHSM7.a3.93	JH2	84.536	100.000	True	False	True	False	False	False
ERR346596	ERR346596.191130	J558.h	JH4	84.536	93.750	True	False	True	False	False	False
ERR346596	ERR346596.191137	VH36-60.a2.90	JH2	10.309	100.000	True	False	True	False	False	False
ERR346596	ERR346596.191208	VHSM7.a3.93	JH2	98.969	73.333	False	True	False	True	False	False
ERR346596	ERR346596.191299	VHS107.a3.106	JH1	35.644	100.000	True	False	True	False	False	False
ERR346596	ERR346596.191387	VHSM7.a3.93	JH2	84.536	100.000	True	False	True	False	False	False
ERR346596	ERR346596.191373	J558.15pg.105,J558.25pg.115	JH3	9.574	100.000	True	False	True	False	False	False
ERR346596	ERR346596.191374	VH36-60.a2.90	JH1	35.417	93.750	True	False	True	False	False	False
ERR346596	ERR346596.191452	J558.79.184,J558.h	JH4	84.694	100.000	True	False	True	False	False	False
ERR346596	ERR346596.191484	VHS107.a3.106	JH1	75.248	100.000	True	False	True	False	False	False
ERR346596	ERR346596.191533	H13-3	JH2	89.796	84.615	False	True	False	True	False	False
ERR346596	ERR346596.191539	J558.13,J558.54.148	JH4	33.333	100.000	True	False	True	False	False	False
ERR346596	ERR346596.191622	VHSM7.a3.93	JH1	8.247	100.000	True	False	True	False	False	False
ERR346596	ERR346596.191760	J558.45pg.135,VHSM7-13	JH1	72.727	66.667	True	True	True	True	False	False
ERR346596	ERR346596.191832	VHX24.a1.84	JH3	8.247	100.000	True	False	True	False	False	False
ERR346596	ERR346596.191774	VH7183.a4.6,VHD6.96	JH4	92.784	42.857	False	True	False	True	False	False
ERR346596	ERR346596.191886	J558.50	JH3	83.673	100.000	True	False	True	False	False	False
ERR346596	ERR346596.191831	VHQ52.a27.79	JH1	81.250	100.000	True	False	True	False	False	False
ERR346596	ERR346596.191926	VHSM7.a3.93	JH4	45.833	100.000	True	False	True	False	False	False
ERR346596	ERR346596.192014	J558.50	JH4	41.111	100.000	True	False	True	False	False	False
ERR346596	ERR346596.192170	Q52.3.8,VHQ52.a3.8	JH4	79.167	93.750	True	False	True	False	False	False
ERR346596	ERR346596.192174	J558.1	JH1	81.443	100.000	True	False	True	False	False	False
ERR346596	ERR346596.192254	V11,VHS107.a3.106	JH1	48.000	100.000	True	False	True	False	False	False
ERR346596	ERR346596.192266	J558.83.189	JH2	45.833	100.000	True	False	True	False	False	False
ERR346596	ERR346596.192297	J558.37,J558.38,J558.39		80.000		True	False	True	False	False	False
ERR346596	ERR346596.192350	J558.50	JH3	82.474	100.000	True	False	True	False	False	False
ERR346596	ERR346596.192537	J558.37.127	JH3	81.250	100.000	True	False	True	False	False	False
ERR346596	ERR346596.192628	VHSM7.a3.93	JH4	67.010	100.000	True	False	True	False	False	False
ERR346596	ERR346596.192674	J558.45	JH3	14.433	100.000	True	False	True	False	False	False
ERR346596	ERR346596.192639	VHQ52.a27.79,VOx-1	JH4	79.167	100.000	True	False	True	False	False	False
ERR346596	ERR346596.192847	J558.h	JH4	82.474	92.857	True	False	True	False	False	False
ERR346596	ERR346596.192820	J558.20	JH3	9.278	100.000	True	False	True	False	False	False
ERR346596	ERR346596.192796	S107.3.62,V11,VHS107.a2psi.82	JH1	66.667	100.000	True	False	True	False	False	False
ERR346596	ERR346596.192778	J558.70pg.171,J558.n	JH3	84.536	100.000	True	False	True	False	False	False
ERR346596	ERR346596.193014	J558.64.162,J558.74.176	JH3	10.309	100.000	True	False	True	False	False	False
ERR346596	ERR346596.193120	J558.39	JH3	51.546	100.000	True	False	True	False	False	False
ERR346596	ERR346596.193192	J558.70pg.171,J558.n	JH4	58.333	100.000	True	False	True	False	False	False
ERR346596	ERR346596.193260	VH7183.a30.50	JH2	38.144	86.667	True	False	True	False	False	False
ERR346596	ERR346596.193309	J558.h	JH4	82.292	93.750	True	False	True	False	False	False
ERR346596	ERR346596.193347	VH36-60.a1.85	JH2	45.918	100.000	True	False	True	False	False	False
ERR346596	ERR346596.193368	J558.50	JH3	11.458	100.000	True	False	True	False	False	False
ERR346596	ERR346596.193353	J558.47	JH1	57.292	100.000	True	False	True	False	False	False
ERR346596	ERR346596.193427	J558.47	JH2	50.549	91.667	True	False	True	False	False	False
ERR346596	ERR346596.193522	J558.h	JH4	82.474	92.857	True	False	True	False	False	False
ERR346596	ERR346596.193683	VHQ52.a27.79,VOx-1	JH4	78.947	100.000	True	False	True	False	False	False
ERR346596	ERR346596.193642	J558.37.127	JH4	32.990	100.000	True	False	True	False	False	False
ERR346596	ERR346596.193693	V11,VHS107.a3.106	JH1	47.000	100.000	True	False	True	False	False	False
ERR346596	ERR346596.193760	J558.50	JH3	83.516	100.000	True	False	True	False	False	False
ERR346596	ERR346596.193830	J558.2	JH3	90.722	84.615	False	True	False	True	False	False
ERR346596	ERR346596.193847	J558.45	JH4	14.583	100.000	True	False	True	False	False	False
ERR346596	ERR346596.193841	J558.h	JH4	82.653	92.857	True	False	True	False	False	False
ERR346596	ERR346596.194060	J558.37.127	JH3	42.708	100.000	True	False	True	False	False	False
ERR346596	ERR346596.194054	VHSM7.a3.93	JH3	7.216	100.000	True	False	True	False	False	False
ERR346596	ERR346596.194099	J558.5	JH4	94.898	81.250	False	True	False	True	False	False
ERR346596	ERR346596.194163	VHX24.a1.84	JH3	97.959	80.000	False	True	False	True	False	False
ERR346596	ERR346596.194190	J558.50	JH3	82.653	100.000	True	False	True	False	False	False
ERR346596	ERR346596.194299	J558.h	JH2	84.536	100.000	True	False	True	False	False	False
ERR346596	ERR346596.194344	H13-3	JH2	87.755	84.615	False	True	False	True	False	False
ERR346596	ERR346596.194420	VHS107.a3.106	JH1	48.515	100.000	True	False	True	False	False	False
ERR346596	ERR346596.194452	J558.64.162,J558.74.176	JH3	78.351	100.000	True	False	True	False	False	False
ERR346596	ERR346596.194474	Q52.2.4,Q52.5.13,Q52.7.18	JH3,JH4	83.333	100.000	True	False	True	False	False	False
ERR346596	ERR346596.194753	VH36-60.a6.114	JH4	51.546	100.000	True	False	True	False	False	False
ERR346596	ERR346596.194950	J558.l	JH4	15.625	93.750	True	False	True	False	False	False
ERR346596	ERR346596.195003	VHQ52.a27.79,VOx-1	JH2	70.526	100.000	True	False	True	False	False	False
ERR346596	ERR346596.195022	J558.48,J558.k	JH2,JH3	66.667	100.000	True	False	True	False	False	False
ERR346596	ERR346596.195066	Vh10.2a	JH3	76.000	100.000	True	False	True	False	False	False
ERR346596	ERR346596.195234	J558.54.148	JH3	72.165	91.667	True	False	True	False	False	False
ERR346596	ERR346596.195286	VH36-60.a1.85	JH2	77.551	100.000	True	False	True	False	False	False
ERR346596	ERR346596.195396	3:3.9,7183.7.10,VH7183.a7.10	JH1	38.542	100.000	True	False	True	False	False	False
ERR346596	ERR346596.195422	J558.64.162,J558.74.176	JH3	54.082	100.000	True	False	True	False	False	False
ERR346596	ERR346596.195508	J558.5	JH4	92.784	81.250	False	True	False	True	False	False
ERR346596	ERR346596.195636	J558.41pg.131	JH1	83.333	100.000	True	False	True	False	False	False
ERR346596	ERR346596.195641	J558.17	JH3	54.167	100.000	True	False	True	False	False	False
ERR346596	ERR346596.195667	J558.15	JH3	5.155	100.000	True	False	True	False	False	False
ERR346596	ERR346596.195651	VHQ52.a27.79	JH1	7.292	100.000	True	False	True	False	False	False
ERR346596	ERR346596.195748	Q52.3.8,VHQ52.a3.8	JH4	48.958	93.333	True	False	True	False	False	False
ERR346596	ERR346596.196049	VHSM7.a3.93	JH2	8.333	100.000	True	False	True	False	False	False
ERR346596	ERR346596.195979	VH7183.a30.50	JH2	94.898	80.000	False	True	False	True	False	False
ERR346596	ERR346596.196064	J558.f	JH1	90.722	46.667	False	True	False	True	False	False
ERR346596	ERR346596.196113	VHQ52.a23.68	JH2	76.923	100.000	True	False	True	False	False	False
ERR346596	ERR346596.196178	J558.8	JH3	84.536	100.000	True	False	True	False	False	False
ERR346596	ERR346596.196439	VH7183.a19.31	JH2	27.835	100.000	True	False	True	False	False	False
ERR346596	ERR346596.196479	VHJ606.a6.127#	JH3	19.000	92.857	True	False	True	False	False	False
ERR346596	ERR346596.196494	J558.24,J558.80.186		66.667		True	False	True	False	False	False
ERR346596	ERR346596.196520	J558.50	JH3	81.250	100.000	True	False	True	False	False	False
ERR346596	ERR346596.196573	J558.39	JH3	65.625	100.000	True	False	True	False	False	False
ERR346596	ERR346596.196607	VHQ52.a23.68	JH2	69.231	100.000	True	False	True	False	False	False
ERR346596	ERR346596.196697	J558.h	JH3	84.536	100.000	True	False	True	False	False	False
ERR346596	ERR346596.196848	Q52.3.8,VHQ52.a3.8	JH4	4.167	100.000	True	False	True	False	False	False
ERR346596	ERR346596.196896	J558.50	JH3	84.536	100.000	True	False	True	False	False	False
ERR346596	ERR346596.196971	VH36-60.a8.117,VH36-60.a9.121#	JH2	43.299	100.000	True	False	True	False	False	False
ERR346596	ERR346596.197083	VH7183.a19.31	JH3	14.286	92.308	True	False	True	False	False	False
ERR346596	ERR346596.197120	J558.14pg.104		71.429		True	False	True	False	False	False
ERR346596	ERR346596.197089	SM7.1.44,SM7.2.49,VHSM7.a3.93	JH2	80.000	100.000	True	False	True	False	False	False
ERR346596	ERR346596.197139	J558.70pg.171,J558.n	JH3	84.536	100.000	True	False	True	False	False	False
ERR346596	ERR346596.197431	VHQ52.a2.4	JH2	60.417	93.333	True	False	True	False	False	False
ERR346596	ERR346596.197470	J558.79.184,J558.h	JH4	83.673	100.000	True	False	True	False	False	False
ERR346596	ERR346596.197530	VHSM7.a3.93	JH2	36.458	100.000	True	False	True	False	False	False
ERR346596	ERR346596.197512	VHSM7.a3.93	JH2	84.375	100.000	True	False	True	False	False	False
ERR346596	ERR346596.197482	J558.50	JH3	82.474	92.857	True	False	True	False	False	False
ERR346596	ERR346596.197683	VHQ52.a27.79	JH2	90.625	84.615	False	True	False	True	False	False
ERR346596	ERR346596.197742	VHQ52.a15.42	JH4	78.351	93.750	True	False	True	False	False	False
ERR346596	ERR346596.197751	VH36-60.a6.114	JH2	47.423	86.667	True	False	True	False	False	False
ERR346596	ERR346596.197832	VHQ52.a24.72	JH3	8.247	100.000	True	False	True	False	False	False
ERR346596	ERR346596.197851	J558.k	JH4	14.433	100.000	True	False	True	False	False	False
ERR346596	ERR346596.198226	VHSM7.a3.93	JH3	15.464	100.000	True	False	True	False	False	False
ERR346596	ERR346596.198230	J558.18	JH4	60.825	100.000	True	False	True	False	False	False
ERR346596	ERR346596.198573	VHQ52.a27.79,VOx-1	JH4	27.368	100.000	True	False	True	False	False	False
ERR346596	ERR346596.198619	VH108A	JH1	54.945	100.000	True	False	True	False	False	False
ERR346596	ERR346596.198598	J558.29	JH4	40.206	100.000	True	False	True	False	False	False
ERR346596	ERR346596.198669	VHX24.a1.84	JH3	7.216	85.714	True	False	True	False	False	False
ERR346596	ERR346596.198740	ki4	JK4	66.667	100.000	True	False	True	False	False	False
ERR346596	ERR346596.198813	J558.50	JH3	84.375	100.000	True	False	True	False	False	False
ERR346596	ERR346596.198817	J558.37	JH2	7.292	100.000	True	False	True	False	False	False
ERR346596	ERR346596.198841	J606.4.82		50.000		True	False	True	False	False	False
ERR346596	ERR346596.198866	J558.50	JH3	83.673	100.000	True	False	True	False	False	False
ERR346596	ERR346596.198902	J558.5	JH4	95.876	82.353	False	True	False	True	False	False
ERR346596	ERR346596.198975	J558.48,J558.k	JH2,JH3	66.667	100.000	True	False	True	False	False	False
ERR346596	ERR346596.199040	J558.14pg.104		71.429		True	False	True	False	False	False
ERR346596	ERR346596.199056	J558.47	JH4	66.667	43.750	True	True	True	True	False	False
ERR346596	ERR346596.199162	Q52.3.8,VHQ52.a3.8	JH4	37.113	100.000	True	False	True	False	False	False
ERR346596	ERR346596.199163	J558.52	JH2	44.898	30.769	True	True	True	True	False	False
ERR346596	ERR346596.199326	VH7183.7b	JH4	21.212	100.000	True	False	True	False	False	False
ERR346596	ERR346596.199397	J558.f	JH2	45.361	100.000	True	False	True	False	False	False
ERR346596	ERR346596.199464	V-BK,VH57-1M,VH7183.a37.59		57.143		True	False	True	False	False	False
ERR346596	ERR346596.199503	J558.50	JH3	82.653	100.000	True	False	True	False	False	False
ERR346596	ERR346596.199523	VHSM7.a3.93	JH3	100.000	53.846	False	True	False	True	False	False
ERR346596	ERR346596.199555	J558.h	JH4	84.694	93.333	True	False	True	False	False	False
ERR346596	ERR346596.199645	J558.3.90,J558.50		80.000		True	False	True	False	False	False
ERR346596	ERR346596.199708	J558.17	JH3	5.263	100.000	True	False	True	False	False	False
ERR346596	ERR346596.199817	J558.1	JH1	81.250	100.000	True	False	True	False	False	False
ERR346596	ERR346596.199846	J558.39	JH3	58.763	100.000	True	False	True	False	False	False
ERR346596	ERR346596.199819	J558.50	JH3	24.742	100.000	True	False	True	False	False	False
ERR346596	ERR346596.200014	J558.k	JH4	46.392	100.000	True	False	True	False	False	False
ERR346596	ERR346596.199971	J558.89pg.195	JH3	60.204	91.667	True	False	True	False	False	False
ERR346596	ERR346596.200101	J558.19	JH1	75.000	100.000	True	False	True	False	False	False
ERR346596	ERR346596.200157	J558.h	JH4	83.673	85.714	True	False	True	False	False	False
ERR346596	ERR346596.200055	VH7183.a4.6,VHD6.96	JH4	5.208	100.000	True	False	True	False	False	False
ERR346596	ERR346596.200147	J558.70pg.171,J558.n	JH4	92.784	82.353	False	True	False	True	False	False
ERR346596	ERR346596.200158	H13-3	JH2	24.742	83.333	True	True	True	True	False	False
ERR346596	ERR346596.200178	VHQ52.a19.61	JH2	25.263	93.333	True	False	True	False	False	False
ERR346596	ERR346596.200223	J558.54.148	JH3	54.639	91.667	True	False	True	False	False	False
ERR346596	ERR346596.200133	J606.1.79,VH22.1,VHJ606.a3.124#	JH3	84.848	100.000	True	False	True	False	False	False
ERR346596	ERR346596.200285	J558.h	JH4	83.158	100.000	True	False	True	False	False	False
ERR346596	ERR346596.200477	J558.19	JH2	39.175	100.000	True	False	True	False	False	False
ERR346596	ERR346596.200480	VHX24.a1.84	JH2	51.020	100.000	True	False	True	False	False	False
ERR346596	ERR346596.200534	J558.50	JH3	82.653	100.000	True	False	True	False	False	False
ERR346596	ERR346596.200532	VHQ52.a27.79,VOx-1	JH3	77.083	100.000	True	False	True	False	False	False
ERR346596	ERR346596.200801	VH61-1P,VH7183.a47.76	JH4	9.278	100.000	True	False	True	False	False	False
ERR346596	ERR346596.200800	J558.20	JH1	58.763	93.333	True	False	True	False	False	False
ERR346596	ERR346596.200891	VHQ52.a27.79,VOx-1	JH4	7.368	100.000	True	False	True	False	False	False
ERR346596	ERR346596.200905	J558.h	JH4	83.505	100.000	True	False	True	False	False	False
ERR346596	ERR346596.201075	J558.h	JH4	84.694	92.857	True	False	True	False	False	False
ERR346596	ERR346596.201329	VHS107.a3.106	JH1	5.941	100.000	True	False	True	False	False	False
ERR346596	ERR346596.201247	VHS107.a3.106	JH1	52.475	100.000	True	False	True	False	False	False
ERR346596	ERR346596.201330	VHQ52.a27.79,VOx-1	JH3	13.684	100.000	True	False	True	False	False	False
ERR346596	ERR346596.201578	VHSM7.a3.93	JH4	91.753	69.231	False	True	False	True	False	False
ERR346596	ERR346596.201588	J558.h	JH4	83.871	92.857	True	False	True	False	False	False
ERR346596	ERR346596.201630	J558.5	JH4	94.898	81.250	False	True	False	True	False	False
ERR346596	ERR346596.201818	J558.20pg.110	JH4	66.667	100.000	True	False	True	False	False	False
ERR346596	ERR346596.201812	J558.h	JH4	83.505	93.750	True	False	True	False	False	False
ERR346596	ERR346596.201961	VHQ52.a23.68	JH2	76.923	100.000	True	False	True	False	False	False
ERR346596	ERR346596.201982	VHSM7.a3.93	JH2	6.186	100.000	True	False	True	False	False	False
ERR346596	ERR346596.201996	VHSM7.a3.93	JH2	84.375	100.000	True	False	True	False	False	False
ERR346596	ERR346596.202156	VH36-60.a2.90	JH3	96.939	76.923	False	True	False	True	False	False
ERR346596	ERR346596.202179	VHSM7.a3.93	JH3	65.625	100.000	True	False	True	False	False	False
ERR346596	ERR346596.202195	J558.h	JH4	80.412	87.500	True	False	True	False	False	False
ERR346596	ERR346596.202228	J558.50	JH3	84.536	100.000	True	False	True	False	False	False
ERR346596	ERR346596.202203	V11,VHS107.a3.106	JH2	84.158	93.333	True	False	True	False	False	False
ERR346596	ERR346596.202322	J558.h	JH4	83.673	92.857	True	False	True	False	False	False
ERR346596	ERR346596.202382	J558.29	JH4	65.979	100.000	True	False	True	False	False	False
ERR346596	ERR346596.202508	J558.21pg.111,J558.25pg.115	JH3	84.536	100.000	True	False	True	False	False	False
ERR346596	ERR346596.202499	VHQ52.a27.79	JH1	83.505	100.000	True	False	True	False	False	False
ERR346596	ERR346596.202565	VHS107.a3.106	JH1	8.911	100.000	True	False	True	False	False	False
ERR346596	ERR346596.202628	J558.h	JH4	84.783	100.000	True	False	True	False	False	False
ERR346596	ERR346596.202715	J558.k	JH4	38.542	100.000	True	False	True	False	False	False
ERR346596	ERR346596.202836	J558.38,J558.e	JH2	20.000	100.000	True	False	True	False	False	False
ERR346596	ERR346596.202934	J558.64.162,J558.74.176	JH3	39.583	100.000	True	False	True	False	False	False
ERR346596	ERR346596.202962	J558.44	JH1	38.144	93.750	True	False	True	False	False	False
ERR346596	ERR346596.202947	J558.83.189	JH2	15.625	100.000	True	False	True	False	False	False
ERR346596	ERR346596.203139	J558.45	JH1	31.633	100.000	True	False	True	False	False	False
ERR346596	ERR346596.203340	J558.20	JH3	52.577	100.000	True	False	True	False	False	False
ERR346596	ERR346596.203778	J558.50	JH3	83.505	100.000	True	False	True	False	False	False
ERR346596	ERR346596.203919	VHSM7.a3.93	JH2	9.278	100.000	True	False	True	False	False	False
ERR346596	ERR346596.203937	VH7183.a19.31	JH2	7.216	100.000	True	False	True	False	False	False
ERR346596	ERR346596.203988	J558.50	JH3	82.653	100.000	True	False	True	False	False	False
ERR346596	ERR346596.203993	VHQ52.a27.79	JH3	81.250	100.000	True	False	True	False	False	False
ERR346596	ERR346596.203994	J558.64.162,J558.74.176	JH2	31.959	100.000	True	False	True	False	False	False
ERR346596	ERR346596.204019	J558.50	JH3	82.653	100.000	True	False	True	False	False	False
ERR346596	ERR346596.204163	VHSM7.a3.93	JH2	84.536	92.857	True	False	True	False	False	False
ERR346596	ERR346596.204231	VHSM7.a3.93	JH3	61.856	100.000	True	False	True	False	False	False
ERR346596	ERR346596.204374	J558.50	JH3	82.653	100.000	True	False	True	False	False	False
ERR346596	ERR346596.204461	J558.46	JH4	4.124	93.750	True	False	True	False	False	False
ERR346596	ERR346596.204517	J558.47	JH2	41.667	91.667	True	False	True	False	False	False
ERR346596	ERR346596.204466	J558.64.162,J558.74.176	JH3	74.227	100.000	True	False	True	False	False	False
ERR346596	ERR346596.204599	VHX24.a1.84	JH3	19.388	93.333	True	False	True	False	False	False
ERR346596	ERR346596.204548	VHQ52.a27.79	JH1	82.292	100.000	True	False	True	False	False	False
ERR346596	ERR346596.204612	SM7.1.44,SM7.2.49,VHSM7.a3.93	JH2	77.778	100.000	True	False	True	False	False	False
ERR346596	ERR346596.204697	V11,VHS107.a3.106	JH2	81.000	92.857	True	False	True	False	False	False
ERR346596	ERR346596.204840	J558.29	JH1	24.742	100.000	True	False	True	False	False	False
ERR346596	ERR346596.204717	V11,VHS107.a3.106	JH2	90.099	80.000	False	True	False	True	False	False
ERR346596	ERR346596.204939	J558.45	JH4	96.907	43.750	False	True	False	True	False	False
ERR346596	ERR346596.204946	V11,VHS107.a3.106	JH2	82.178	100.000	True	False	True	False	False	False
ERR346596	ERR346596.204972	VH36-60.a2.90	JH4	94.845	82.353	False	True	False	True	False	False
ERR346596	ERR346596.205011	J558.50	JH3	82.653	100.000	True	False	True	False	False	False
ERR346596	ERR346596.205203	VHSM7.a1.83	JH2	26.042	100.000	True	False	True	False	False	False
ERR346596	ERR346596.205396	VHQ52.a27.79	JH1	13.542	100.000	True	False	True	False	False	False
ERR346596	ERR346596.205631	J558.50	JH3	84.694	100.000	True	False	True	False	False	False
ERR346596	ERR346596.205723	V11,VHS107.a3.106	JH2	73.000	92.857	True	False	True	False	False	False
ERR346596	ERR346596.205729	J558.50	JH3	83.673	100.000	True	False	True	False	False	False
ERR346596	ERR346596.205714	MAI1,MBK2,PWK2		66.667		True	False	True	False	False	False
ERR346596	ERR346596.205784	VHQ52.a27.79,VOx-1	JH4	48.421	100.000	True	False	True	False	False	False
ERR346596	ERR346596.205930	gu33		66.667		True	False	True	False	False	False
ERR346596	ERR346596.205900	VH7183.a4.6,VHD6.96	JH4	91.753	38.462	False	True	False	True	False	False
ERR346596	ERR346596.206017	J558.h	JH4	83.158	100.000	True	False	True	False	False	False
ERR346596	ERR346596.206050	VHS107.a3.106	JH1	23.762	100.000	True	False	True	False	False	False
ERR346596	ERR346596.205965	VHQ52.a27.79,VOx-1	JH4	82.105	100.000	True	False	True	False	False	False
ERR346596	ERR346596.206023	J558.70pg.171,J558.n	JH3	84.536	92.857	True	False	True	False	False	False
ERR346596	ERR346596.206119	Q52.7.18,VHQ52.a17.46,VHQ52.a7.18	JH3	7.368	100.000	True	False	True	False	False	False
ERR346596	ERR346596.206139	VHX24.a1.84	JH3	69.072	91.667	True	False	True	False	False	False
ERR346596	ERR346596.206104	VHSM7.a3.93	JH3	9.375	92.857	True	False	True	False	False	False
ERR346596	ERR346596.206091	VH36-60.a1.85	JH2	64.948	100.000	True	False	True	False	False	False
ERR346596	ERR346596.206123	J558.29	JH4	68.750	100.000	True	False	True	False	False	False
ERR346596	ERR346596.206306	J558.83.189	JH2	62.766	100.000	True	False	True	False	False	False
ERR346596	ERR346596.206302	J558.50	JH3	82.653	100.000	True	False	True	False	False	False
ERR346596	ERR346596.206367	J558.5	JH4	93.478	81.250	False	True	False	True	False	False
ERR346596	ERR346596.206456	VHQ52.a27.79,VOx-1	JH4	80.208	100.000	True	False	True	False	False	False
ERR346596	ERR346596.206446	J558.h	JH4	83.505	93.750	True	False	True	False	False	False
ERR346596	ERR346596.206519	VHQ52.a27.79	JH1	81.250	100.000	True	False	True	False	False	False
ERR346596	ERR346596.206974	VH7183.a7.10	JH4	25.510	93.750	True	False	True	False	False	False
ERR346596	ERR346596.207073	J558.h	JH4	84.694	92.857	True	False	True	False	False	False
ERR346596	ERR346596.207162	VH36-60.a2.90	JH4	97.938	82.353	False	True	False	True	False	False
ERR346596	ERR346596.207222	VHQ52.a27.79,VOx-1	JH4	81.053	100.000	True	False	True	False	False	False
ERR346596	ERR346596.207312	J558.50	JH3	82.474	100.000	True	False	True	False	False	False
ERR346596	ERR346596.207326	J558.h	JH4	84.536	93.750	True	False	True	False	False	False
ERR346596	ERR346596.207525	VHQ52.a22.67	JH4	93.750	25.000	False	True	False	True	False	False
ERR346596	ERR346596.207558	J558.50	JH3	84.694	100.000	True	False	True	False	False	False
ERR346596	ERR346596.207547	J558.46	JH3	78.125	100.000	True	False	True	False	False	False
ERR346596	ERR346596.207688	J558.29	JH2,JH4	74.490	100.000	True	False	True	False	False	False
ERR346596	ERR346596.207748	J558.29	JH2	95.789	78.571	False	True	False	True	False	False
ERR346596	ERR346596.207766	J558.h	JH4	82.474	100.000	True	False	True	False	False	False
ERR346596	ERR346596.207720	J558.47	JH2	7.292	100.000	True	False	True	False	False	False
ERR346596	ERR346596.207853	J606.4.82	JH2	42.424	100.000	True	False	True	False	False	False
ERR346596	ERR346596.207935	J558.5	JH4	84.536	100.000	True	False	True	False	False	False
ERR346596	ERR346596.208051	J558.47	JH2	90.722	84.615	False	True	False	True	False	False
ERR346596	ERR346596.208078	J558.21pg.111,J558.25pg.115	JH3	84.694	100.000	True	False	True	False	False	False
ERR346596	ERR346596.208196	J558.h	JH4	84.536	93.750	True	False	True	False	False	False
ERR346596	ERR346596.208265	J558.39	JH3	51.042	100.000	True	False	True	False	False	False
ERR346596	ERR346596.208258	V102	JH2	84.615	93.333	True	False	True	False	False	False
ERR346596	ERR346596.208282	PG.7.41,VH7183.a49psi.80	JH3	85.714	50.000	False	True	False	True	False	False
ERR346596	ERR346596.208302	J558.64.162,J558.74.176	JH1	28.866	100.000	True	False	True	False	False	False
ERR346596	ERR346596.208415	J558.33	JH4	92.784	81.250	False	True	False	True	False	False
ERR346596	ERR346596.208451	VH7183.a4.6,VHD6.96	JH4	54.639	92.857	True	False	True	False	False	False
ERR346596	ERR346596.208555	VH7183.7b	JH4	93.939	84.615	False	True	False	True	False	False
ERR346596	ERR346596.208534	J558.33	JH3	54.167	100.000	True	False	True	False	False	False
ERR346596	ERR346596.208540	VHQ52.a27.79	JH2	81.250	100.000	True	False	True	False	False	False
ERR346596	ERR346596.208716	J558.20	JH2	42.268	100.000	True	False	True	False	False	False
ERR346596	ERR346596.208678	Vh10.2a	JH3	98.990	38.462	False	True	False	True	False	False
ERR346596	ERR346596.208785	J558.29	JH4	52.577	100.000	True	False	True	False	False	False
ERR346596	ERR346596.208911	Q52.3.8,VHQ52.a3.8	JH4	15.789	93.333	True	False	True	False	False	False
ERR346596	ERR346596.208941	J558.39	JH3	51.020	92.308	True	False	True	False	False	False
ERR346596	ERR346596.209117	VHA1	JH4	51.546	100.000	True	False	True	False	False	False
ERR346596	ERR346596.209154	VHS107.a3.106	JH1	50.495	100.000	True	False	True	False	False	False
ERR346596	ERR346596.209367	Q52.3.8,VHQ52.a3.8	JH4	82.292	93.333	True	False	True	False	False	False
ERR346596	ERR346596.209380	VHQ52.a27.79	JH2	94.845	83.333	False	True	False	True	False	False
ERR346596	ERR346596.209479	J558.64.162,J558.74.176	JH3	96.939	42.857	False	True	False	True	False	False
ERR346596	ERR346596.209509	VHSM7.a3.93	JH2	14.583	100.000	True	False	True	False	False	False
ERR346596	ERR346596.209621	J558.83.189	JH2	52.083	100.000	True	False	True	False	False	False
ERR346596	ERR346596.209682	J558.18	JH4	66.667	100.000	True	False	True	False	False	False
ERR346596	ERR346596.209799	J558.45	JH2	9.375	100.000	True	False	True	False	False	False
ERR346596	ERR346596.209826	J558.83.189	JH2	76.042	100.000	True	False	True	False	False	False
ERR346596	ERR346596.209900	J558.19	JH3	5.155	100.000	True	False	True	False	False	False
ERR346596	ERR346596.209840	J558.50	JH3	83.505	100.000	True	False	True	False	False	False
ERR346596	ERR346596.210004	J558.33	JH3	76.289	100.000	True	False	True	False	False	False
ERR346596	ERR346596.210076	J558.47	JH2	6.250	93.333	True	False	True	False	False	False
ERR346596	ERR346596.210098	J558.5	JH4	95.918	82.353	False	True	False	True	False	False
ERR346596	ERR346596.210111	J558.h	JH4	81.443	85.714	True	False	True	False	False	False
ERR346596	ERR346596.210307	VHQ52.a27.79,VOx-1	JH4	31.250	100.000	True	False	True	False	False	False
ERR346596	ERR346596.210354	J558.h	JH4	82.418	93.750	True	False	True	False	False	False
ERR346596	ERR346596.210396	J558.5	JH4	93.814	81.250	False	True	False	True	False	False
ERR346596	ERR346596.210400	J558.16.106	JH3	84.536	92.857	True	False	True	False	False	False
ERR346596	ERR346596.210462	J558.54.148,J558.i	JH2	92.784	71.429	False	True	False	True	False	False
ERR346596	ERR346596.210482	J558.50	JH3	84.536	100.000	True	False	True	False	False	False
ERR346596	ERR346596.210479	J558.h	JH4	83.505	93.333	True	False	True	False	False	False
ERR346596	ERR346596.210666	J558.50	JH3	80.412	100.000	True	False	True	False	False	False
ERR346596	ERR346596.210739	VHQ52.a19.61	JH2	29.474	100.000	True	False	True	False	False	False
ERR346596	ERR346596.210889	J558.45	JH3	5.208	100.000	True	False	True	False	False	False
ERR346596	ERR346596.210905	J558.2	JH3	87.629	78.571	False	True	False	True	False	False
ERR346596	ERR346596.210952	J558.45	JH4	100.000	25.000	False	True	False	True	False	False
ERR346596	ERR346596.210962	VHS107.a3.106	JH1	21.000	100.000	True	False	True	False	False	False
ERR346596	ERR346596.210986	VHSM7.a1.83	JH4	27.083	100.000	True	False	True	False	False	False
ERR346596	ERR346596.211028	J558.45	JH1	6.186	100.000	True	False	True	False	False	False
ERR346596	ERR346596.211107	VHX24.a1.84	JH4	60.204	100.000	True	False	True	False	False	False
ERR346596	ERR346596.211249	J558.50	JH3	83.673	100.000	True	False	True	False	False	False
ERR346596	ERR346596.211406	J558.50	JH3	82.653	100.000	True	False	True	False	False	False
ERR346596	ERR346596.211445	J558.29	JH4	77.083	100.000	True	False	True	False	False	False
ERR346596	ERR346596.211452	J558.39	JH3	51.020	100.000	True	False	True	False	False	False
ERR346596	ERR346596.211425	J558.70pg.171,J558.n	JH3	84.694	92.857	True	False	True	False	False	False
ERR346596	ERR346596.211470	J558.5	JH4	97.938	76.471	False	True	False	True	False	False
ERR346596	ERR346596.211499	VHSM7.a3.93	JH2	83.505	100.000	True	False	True	False	False	False
ERR346596	ERR346596.211449	H13-3	JH3	91.837	73.333	False	True	False	True	False	False
ERR346596	ERR346596.211528	VHSM7.a3.93	JH4	95.833	60.000	False	True	False	True	False	False
ERR346596	ERR346596.211572	J558.12	JH3	3.093	100.000	True	False	True	False	False	False
ERR346596	ERR346596.211568	J558.5	JH3	57.732	100.000	True	False	True	False	False	False
ERR346596	ERR346596.211534	VH7183.a4.6,VHD6.96	JH4	96.907	80.000	False	True	False	True	False	False
ERR346596	ERR346596.211681	J558.5	JH4	94.898	81.250	False	True	False	True	False	False
ERR346596	ERR346596.211712	VH7183.a4.6,VHD6.96	JH4	9.278	100.000	True	False	True	False	False	False
ERR346596	ERR346596.211828	cx9		62.500		True	False	True	False	False	False
ERR346596	ERR346596.211850	VH36-60.a6.114	JH4	4.124	100.000	True	False	True	False	False	False
ERR346596	ERR346596.211827	J558.35	JH4	44.792	100.000	True	False	True	False	False	False
ERR346596	ERR346596.211920	VH7183.a4.6,VHD6.96	JH3	58.333	93.333	True	False	True	False	False	False
ERR346596	ERR346596.211908	S107.1.42,V1,VHS107.a1.81	JH4	70.000	100.000	True	False	True	False	False	False
ERR346596	ERR346596.212085	J558.13,J558.54.148	JH4	5.208	100.000	True	False	True	False	False	False
ERR346596	ERR346596.212090	J558.50	JH3	84.536	100.000	True	False	True	False	False	False
ERR346596	ERR346596.212199	J558.3.90,J558.50		80.000		True	False	True	False	False	False
ERR346596	ERR346596.212180	J558.50	JH3	84.694	100.000	True	False	True	False	False	False
ERR346596	ERR346596.212345	J558.h	JH4	81.443	93.750	True	False	True	False	False	False
ERR346596	ERR346596.212459	J558.83.189	JH2	20.619	100.000	True	False	True	False	False	False
ERR346596	ERR346596.212397	J558.37	JH2	66.667	100.000	True	False	True	False	False	False
ERR346596	ERR346596.212532	J558.29	JH4	6.186	100.000	True	False	True	False	False	False
ERR346596	ERR346596.212603	VHSM7.a3.93	JH4	30.208	100.000	True	False	True	False	False	False
ERR346596	ERR346596.212627	VHQ52.a27.79	JH2	70.833	84.615	True	True	True	True	False	False
ERR346596	ERR346596.212735	J558.2	JH3	94.845	84.615	False	True	False	True	False	False
ERR346596	ERR346596.212732	VHSM7.a3.93	JH2	83.333	100.000	True	False	True	False	False	False
ERR346596	ERR346596.212872	VH105	JH2	7.143	100.000	True	False	True	False	False	False
ERR346596	ERR346596.212836	J606.4.82	JH2	6.061	100.000	True	False	True	False	False	False
ERR346596	ERR346596.212907	J558.37.127	JH3	9.278	100.000	True	False	True	False	False	False
ERR346596	ERR346596.212916	J558.5	JH4	93.878	81.250	False	True	False	True	False	False
ERR346596	ERR346596.213041	VHQ52.a27.79,VOx-1	JH4	60.417	100.000	True	False	True	False	False	False
ERR346596	ERR346596.213158	J558.83.189	JH2	32.292	100.000	True	False	True	False	False	False
ERR346596	ERR346596.213283	SM7.1.44,SM7.2.49,VHSM7.a3.93	JH2	66.667	100.000	True	False	True	False	False	False
ERR346596	ERR346596.213280	J558.h	JH4	83.333	93.750	True	False	True	False	False	False
ERR346596	ERR346596.213377	J558.45	JH1	12.371	100.000	True	False	True	False	False	False
ERR346596	ERR346596.213439	J558.45	JH3	11.579	100.000	True	False	True	False	False	False
ERR346596	ERR346596.213546	J558.45	JH3	84.536	100.000	True	False	True	False	False	False
ERR346596	ERR346596.213541	VHSM7.a3.93	JH2	26.804	100.000	True	False	True	False	False	False
ERR346596	ERR346596.213552	J558.27pg.117	JH4	11.957	93.333	True	False	True	False	False	False
ERR346596	ERR346596.213644	VHSM7.a3.93	JH1	14.433	100.000	True	False	True	False	False	False
ERR346596	ERR346596.213662	J558.19	JH3	97.959	38.462	False	True	False	True	False	False
ERR346596	ERR346596.213564	J558.h	JH4	84.694	92.857	True	False	True	False	False	False
ERR346596	ERR346596.213593	J558.12.102	JH4	68.750	100.000	True	False	True	False	False	False
ERR346596	ERR346596.213691	VHX24.a1.84	JH3	7.216	100.000	True	False	True	False	False	False
ERR346596	ERR346596.213635	J558.83.189	JH2	53.608	100.000	True	False	True	False	False	False
ERR346596	ERR346596.213702	J558.22	JH3	95.876	42.857	False	True	False	True	False	False
ERR346596	ERR346596.213783	VHQ52.a22.67	JH4	5.208	100.000	True	False	True	False	False	False
ERR346596	ERR346596.213787	Q52.3.8,VHQ52.a3.8	JH4	79.167	93.750	True	False	True	False	False	False
ERR346596	ERR346596.213820	J558.20	JH1	44.330	93.333	True	False	True	False	False	False
ERR346596	ERR346596.213852	J558.39,J558.50.143,J558.55.149	JH1,JH2,JH3	63.636	100.000	True	False	True	False	False	False
ERR346596	ERR346596.213896	J606.4.82	JH2	68.750	100.000	True	False	True	False	False	False
ERR346596	ERR346596.214101	J558.45	JH4	67.708	100.000	True	False	True	False	False	False
ERR346596	ERR346596.214154	VHS107.a3.106	JH2	82.178	91.667	True	False	True	False	False	False
ERR346596	ERR346596.214103	J558.h	JH4	83.505	93.750	True	False	True	False	False	False
ERR346596	ERR346596.214405	J558.h	JH4	83.673	85.714	True	False	True	False	False	False
ERR346596	ERR346596.214373	VHQ52.a27.79,VOx-1	JH4	29.167	100.000	True	False	True	False	False	False
ERR346596	ERR346596.214447	J558.h	JH4	83.505	93.750	True	False	True	False	False	False
ERR346596	ERR346596.214608	VHSM7.a3.93	JH2	65.625	100.000	True	False	True	False	False	False
ERR346596	ERR346596.214697	VHA1	JH2	95.876	80.000	False	True	False	True	False	False
ERR346596	ERR346596.214724	J558.18A,J558.54,J558.83.189	JH1	50.000	100.000	True	False	True	False	False	False
ERR346596	ERR346596.214783	VH36-60.a2.90	JH3	40.217	100.000	True	False	True	False	False	False
ERR346596	ERR346596.214780	J558.13,J558.54.148	JH4	79.381	100.000	True	False	True	False	False	False
ERR346596	ERR346596.214772	V11,VHS107.a3.106	JH1	48.000	100.000	True	False	True	False	False	False
ERR346596	ERR346596.214813	VH124	JH4	15.464	100.000	True	False	True	False	False	False
ERR346596	ERR346596.214834	VHQ52.a27.79	JH1	81.443	100.000	True	False	True	False	False	False
ERR346596	ERR346596.214835	J558.29	JH3	100.000	38.462	False	True	False	True	False	False
ERR346596	ERR346596.214920	VHQ52.a27.79,VOx-1	JH2	79.167	100.000	True	False	True	False	False	False
ERR346596	ERR346596.214959	J558.17	JH3	4.167	100.000	True	False	True	False	False	False
ERR346596	ERR346596.215000	VH7183.a4.6,VHD6.96	JH4	41.237	100.000	True	False	True	False	False	False
ERR346596	ERR346596.215058	VHQ52.a5.13	JH4	7.447	100.000	True	False	True	False	False	False
ERR346596	ERR346596.215133	VHSM7.a3.93	JH2	28.866	100.000	True	False	True	False	False	False
ERR346596	ERR346596.215245	V11,VHS107.a3.106	JH2	46.535	100.000	True	False	True	False	False	False
ERR346596	ERR346596.215223	J558.47	JH2	37.500	100.000	True	False	True	False	False	False
ERR346596	ERR346596.215287	J558.h	JH3	84.211	100.000	True	False	True	False	False	False
ERR346596	ERR346596.215368	VHSM7.a3.93	JH3	97.917	69.231	False	True	False	True	False	False
ERR346596	ERR346596.215343	J558.29	JH4	42.268	100.000	True	False	True	False	False	False
ERR346596	ERR346596.215372	J558.2	JH3	87.629	78.571	False	True	False	True	False	False
ERR346596	ERR346596.215440	VHSM7.a3.93	JH3	20.833	92.308	True	False	True	False	False	False
ERR346596	ERR346596.215474	J558.16.106	JH2	94.898	76.923	False	True	False	True	False	False
ERR346596	ERR346596.215540	J558.50	JH3	82.653	100.000	True	False	True	False	False	False
ERR346596	ERR346596.215460	J558.50	JH3	84.536	100.000	True	False	True	False	False	False
ERR346596	ERR346596.215565	VHSM7.a3.93	JH2	83.505	100.000	True	False	True	False	False	False
ERR346596	ERR346596.215564	VH7183.a4.6,VHD6.96	JH4	73.469	100.000	True	False	True	False	False	False
ERR346596	ERR346596.215601	VHQ52.a9.26	JH4	82.474	100.000	True	False	True	False	False	False
ERR346596	ERR346596.215661	J558.5	JH4	94.845	81.250	False	True	False	True	False	False
ERR346596	ERR346596.215717	V11,VHS107.a3.106	JH1	17.000	100.000	True	False	True	False	False	False
ERR346596	ERR346596.215713	J558.h	JH4	84.536	93.750	True	False	True	False	False	False
ERR346596	ERR346596.215891	VHQ52.a27.79,VOx-1	JH2	95.876	84.615	False	True	False	True	False	False
ERR346596	ERR346596.215901	J558.20	JH3	5.155	100.000	True	False	True	False	False	False
ERR346596	ERR346596.215966	VHA1	JH2	98.980	80.000	False	True	False	True	False	False
ERR346596	ERR346596.216002	ad4		60.000		True	False	True	False	False	False
ERR346596	ERR346596.215982	J558.5	JH4	93.814	81.250	False	True	False	True	False	False
ERR346596	ERR346596.215987	J558.37,J558.38,J558.39		80.000		True	False	True	False	False	False
ERR346596	ERR346596.216131	J558.50	JH3	84.694	100.000	True	False	True	False	False	False
ERR346596	ERR346596.216170	J558.41pg.131	JH1	83.333	100.000	True	False	True	False	False	False
ERR346596	ERR346596.216334	VHQ52.a27.79	JH1	6.250	100.000	True	False	True	False	False	False
ERR346596	ERR346596.216393	VHQ52.a23.68	JH2	75.000	100.000	True	False	True	False	False	False
ERR346596	ERR346596.216549	VHSM7.a3.93	JH3	9.278	100.000	True	False	True	False	False	False
ERR346596	ERR346596.216676	VHSM7.a3.93	JH3	67.708	100.000	True	False	True	False	False	False
ERR346596	ERR346596.216654	J558.37	JH4	81.395	94.118	True	False	True	False	False	False
ERR346596	ERR346596.216737	J558.55.149	JH2	9.278	100.000	True	False	True	False	False	False
ERR346596	ERR346596.216838	J558.54.148	JH3	95.918	83.333	False	True	False	True	False	False
ERR346596	ERR346596.216832	VHSM7.a3.93	JH4	93.814	35.714	False	True	False	True	False	False
ERR346596	ERR346596.216862	J558.19	JH2	62.500	100.000	True	False	True	False	False	False
ERR346596	ERR346596.216942	VH36-60.a8.117,VH36-60.a9.121#	JH2	42.105	93.333	True	False	True	False	False	False
ERR346596	ERR346596.216959	J558.64.162,J558.74.176	JH3	84.043	100.000	True	False	True	False	False	False
ERR346596	ERR346596.216985	J558.20	JH3	7.216	100.000	True	False	True	False	False	False
ERR346596	ERR346596.217017	J558.19	JH3	44.330	100.000	True	False	True	False	False	False
ERR346596	ERR346596.217068	VHQ52.a19.61	JH2	82.292	100.000	True	False	True	False	False	False
ERR346596	ERR346596.217181	VH7183.a46.75	JH4	11.224	100.000	True	False	True	False	False	False
ERR346596	ERR346596.217434	VH36-60.a1.85	JH4	41.237	93.750	True	False	True	False	False	False
ERR346596	ERR346596.217372	J558.h	JH4	84.694	92.857	True	False	True	False	False	False
ERR346596	ERR346596.217477	J606.4.82		50.000		True	False	True	False	False	False
ERR346596	ERR346596.217498	J558.50	JH3	84.536	100.000	True	False	True	False	False	False
ERR346596	ERR346596.217496	J558.15	JH3	66.667	100.000	True	False	True	False	False	False
ERR346596	ERR346596.217662	J558.50	JH3	82.653	100.000	True	False	True	False	False	False
ERR346596	ERR346596.217742	VHX24.a1.84	JH3	97.959	80.000	False	True	False	True	False	False
ERR346596	ERR346596.217767	VHSM7.a3.93	JH2	10.417	100.000	True	False	True	False	False	False
ERR346596	ERR346596.217717	VHX24.a1.84	JH3	90.816	83.333	False	True	False	True	False	False
ERR346596	ERR346596.217823	J606.4.82		50.000		True	False	True	False	False	False
ERR346596	ERR346596.218041	J558.83.189	JH2	17.895	100.000	True	False	True	False	False	False
ERR346596	ERR346596.218068	36-60.8.74,VH108A,VH36-60	JH4	77.778	100.000	True	False	True	False	False	False
ERR346596	ERR346596.218052	J558.18	JH4	64.948	100.000	True	False	True	False	False	False
ERR346596	ERR346596.218056	VHQ52.a27.79	JH2	90.625	78.571	False	True	False	True	False	False
ERR346596	ERR346596.218161	J558.5	JH4	92.857	81.250	False	True	False	True	False	False
ERR346596	ERR346596.218049	J558.h	JH4	84.536	100.000	True	False	True	False	False	False
ERR346596	ERR346596.218154	VHSM7.a3.93	JH3	79.070	100.000	True	False	True	False	False	False
ERR346596	ERR346596.218238	J558.8	JH3	84.694	100.000	True	False	True	False	False	False
ERR346596	ERR346596.218226	VH7183.a19.31	JH3	35.714	92.857	True	False	True	False	False	False
ERR346596	ERR346596.218187	J558.44	JH2	76.042	100.000	True	False	True	False	False	False
ERR346596	ERR346596.218237	J558.83.189	JH2	41.237	100.000	True	False	True	False	False	False
ERR346596	ERR346596.218300	J558.17	JH3	50.526	100.000	True	False	True	False	False	False
ERR346596	ERR346596.218380	VH105	JH2	14.433	100.000	True	False	True	False	False	False
ERR346596	ERR346596.218312	VHQ52.a27.79,VOx-1	JH4	79.167	100.000	True	False	True	False	False	False
ERR346596	ERR346596.218362	J558.17	JH2	93.750	78.571	False	True	False	True	False	False
ERR346596	ERR346596.218301	J558.8	JH3	84.694	100.000	True	False	True	False	False	False
ERR346596	ERR346596.218465	J558.5	JH4	94.898	81.250	False	True	False	True	False	False
ERR346596	ERR346596.218590	J558.5	JH4	94.898	81.250	False	True	False	True	False	False
ERR346596	ERR346596.218586	J558.50	JH3	84.536	100.000	True	False	True	False	False	False
ERR346596	ERR346596.218524	J558.5	JH4	93.878	81.250	False	True	False	True	False	False
ERR346596	ERR346596.218610	J558.13,J558.54.148	JH4	34.375	100.000	True	False	True	False	False	False
ERR346596	ERR346596.218742	VH36-60.a2.90	JH2	4.167	100.000	True	False	True	False	False	False
ERR346596	ERR346596.218922	VHX24.a1.84	JH3	68.367	100.000	True	False	True	False	False	False
ERR346596	ERR346596.219024	7183.6pg.9,7183.8pg.14,VH7183.a20psi.34		77.778		True	False	True	False	False	False
ERR346596	ERR346596.219028	J558.19	JH2	10.309	100.000	True	False	True	False	False	False
ERR346596	ERR346596.219082	J558.33	JH3	15.464	100.000	True	False	True	False	False	False
ERR346596	ERR346596.219216	VHS107.a3.106	JH2	26.733	100.000	True	False	True	False	False	False
ERR346596	ERR346596.219205	3:3.9,7183.7.10,VH7183.7b	JH2	77.320	93.333	True	False	True	False	False	False
ERR346596	ERR346596.219540	J558.50	JH3	84.536	100.000	True	False	True	False	False	False
ERR346596	ERR346596.219592	VHS107.a3.106	JH2	9.901	100.000	True	False	True	False	False	False
ERR346596	ERR346596.219755	J606.4.82	JH3	32.000	100.000	True	False	True	False	False	False
ERR346596	ERR346596.219763	Q52.1pg.2,VHQ52.a1psi.2		62.500		True	False	True	False	False	False
ERR346596	ERR346596.219790	VH36-60.a8.117,VH36-60.a9.121#	JH4	6.316	100.000	True	False	True	False	False	False
ERR346596	ERR346596.219739	VHSM7.a3.93	JH2	83.505	100.000	True	False	True	False	False	False
ERR346596	ERR346596.219826	VHQ52.a27.79	JH1	81.250	100.000	True	False	True	False	False	False
ERR346596	ERR346596.219794	VHQ52.a27.79	JH4	95.833	43.750	False	True	False	True	False	False
ERR346596	ERR346596.219858	J558.54.148	JH2	97.959	35.714	False	True	False	True	False	False
ERR346596	ERR346596.220003	VH7183.a4.6,VHD6.96	JH4	95.918	20.000	False	True	False	True	False	False
ERR346596	ERR346596.220024	VHQ52.a19.61	JH2	8.421	100.000	True	False	True	False	False	False
ERR346596	ERR346596.220019	VH7183.7b	JH2	97.938	80.000	False	True	False	True	False	False
ERR346596	ERR346596.220006	VH36-60.a1.85	JH4	94.898	31.250	False	True	False	True	False	False
ERR346596	ERR346596.219971	J558.h	JH1	75.556	100.000	True	False	True	False	False	False
ERR346596	ERR346596.220157	VHX24.a1.84	JH3	98.980	28.571	False	True	False	True	False	False
ERR346596	ERR346596.220192	J558.83.189	JH2	6.250	100.000	True	False	True	False	False	False
ERR346596	ERR346596.220327	J558.2	JH3	90.722	78.571	False	True	False	True	False	False
ERR346596	ERR346596.220474	VHQ52.a15.42	JH4	6.250	93.333	True	False	True	False	False	False
ERR346596	ERR346596.220559	VHSM7.a3.93	JH2	18.557	100.000	True	False	True	False	False	False
ERR346596	ERR346596.220483	VHSM7.a4.108	JH2	84.536	100.000	True	False	True	False	False	False
ERR346596	ERR346596.220532	J558.21pg.111	JH3	84.694	100.000	True	False	True	False	False	False
ERR346596	ERR346596.220573	VH7183.a4.6,VHD6.96	JH4	42.268	92.857	True	False	True	False	False	False
ERR346596	ERR346596.220621	J558.h	JH3	84.536	100.000	True	False	True	False	False	False
ERR346596	ERR346596.220616	J558.54.148	JH3	94.898	83.333	False	True	False	True	False	False
ERR346596	ERR346596.220705	J558.47	JH4	98.980	64.706	False	True	False	True	False	False
ERR346596	ERR346596.220702	VH7183.a19.31	JH3	14.286	85.714	True	False	True	False	False	False
ERR346596	ERR346596.220851	VHQ52.a27.79,VOx-1	JH4	66.316	100.000	True	False	True	False	False	False
ERR346596	ERR346596.220891	J558.50	JH3	83.871	100.000	True	False	True	False	False	False
ERR346596	ERR346596.220728	J558.15	JH4	98.947	81.250	False	True	False	True	False	False
ERR346596	ERR346596.220900	VHQ52.a27.79,VOx-1	JH4	32.632	100.000	True	False	True	False	False	False
ERR346596	ERR346596.220982	VH36-60.a1.85	JH2	63.542	100.000	True	False	True	False	False	False
ERR346596	ERR346596.221095	SM7.3.54	JH1,JH2,JH3	81.818	100.000	True	False	True	False	False	False
ERR346596	ERR346596.221101	J558.23	JH4	37.755	93.333	True	False	True	False	False	False
ERR346596	ERR346596.221010	VH7183.7b	JH4	38.776	92.857	True	False	True	False	False	False
ERR346596	ERR346596.221113	J558.17	JH2	94.737	78.571	False	True	False	True	False	False
ERR346596	ERR346596.221208	J558.19	JH2	32.990	100.000	True	False	True	False	False	False
ERR346596	ERR346596.221305	J558.39	JH3	55.670	100.000	True	False	True	False	False	False
ERR346596	ERR346596.221277	J558.h	JH4	84.694	92.857	True	False	True	False	False	False
ERR346596	ERR346596.221346	VHX24.a1.84	JH3	55.102	93.333	True	False	True	False	False	False
ERR346596	ERR346596.221426	VHQ52.a27.79	JH1	65.979	100.000	True	False	True	False	False	False
ERR346596	ERR346596.221443	J558.h	JH4	81.443	100.000	True	False	True	False	False	False
ERR346596	ERR346596.221343	VHX24.a1.84	JH3	6.186	100.000	True	False	True	False	False	False
ERR346596	ERR346596.221467	J558.70pg.171,J558.n	JH4	54.167	100.000	True	False	True	False	False	False
ERR346596	ERR346596.221436	VHSM7.a4.108	JH2	57.143	100.000	True	False	True	False	False	False
ERR346596	ERR346596.221488	J558.47	JH2	6.122	100.000	True	False	True	False	False	False
ERR346596	ERR346596.221551	J558.45	JH4	21.649	100.000	True	False	True	False	False	False
ERR346596	ERR346596.221607	SM7.1.44,SM7.2.49,VHSM7.a3.93	JH2	77.778	100.000	True	False	True	False	False	False
ERR346596	ERR346596.221671	J558.h	JH4	81.443	93.750	True	False	True	False	False	False
ERR346596	ERR346596.221695	J558.79.184,J558.h	JH4	81.443	100.000	True	False	True	False	False	False
ERR346596	ERR346596.221701	J558.4	JH3	42.268	100.000	True	False	True	False	False	False
ERR346596	ERR346596.221655	J558.h	JH4	84.694	92.857	True	False	True	False	False	False
ERR346596	ERR346596.221776	VH36-60.a2.90	JH2	26.042	100.000	True	False	True	False	False	False
ERR346596	ERR346596.221962	J558.h	JH4	83.505	100.000	True	False	True	False	False	False
ERR346596	ERR346596.221918	VH7183.a4.6,VHD6.96	JH3	22.449	83.333	True	True	True	True	False	False
ERR346596	ERR346596.222117	J558.19	JH4	22.680	100.000	True	False	True	False	False	False
ERR346596	ERR346596.222190	J558.h	JH4	81.443	92.857	True	False	True	False	False	False
ERR346596	ERR346596.222267	J558.70pg.171,J558.n	JH3	15.464	100.000	True	False	True	False	False	False
ERR346596	ERR346596.222286	J558.h	JH4	82.292	93.750	True	False	True	False	False	False
ERR346596	ERR346596.222352	J558.89pg.195	JH3	58.696	100.000	True	False	True	False	False	False
ERR346596	ERR346596.222381	J558.44	JH2	5.263	100.000	True	False	True	False	False	False
ERR346596	ERR346596.222510	J558.19	JH2	62.500	100.000	True	False	True	False	False	False
ERR346596	ERR346596.222522	J558.46	JH4	94.845	60.000	False	True	False	True	False	False
ERR346596	ERR346596.222718	J558.29	JH4	16.495	100.000	True	False	True	False	False	False
ERR346596	ERR346596.222724	VHSM7.a3.93	JH4	10.309	85.714	True	False	True	False	False	False
ERR346596	ERR346596.222758	J558.12.102	JH4	93.878	53.846	False	True	False	True	False	False
ERR346596	ERR346596.222780	J558.h	JH1	43.750	100.000	True	False	True	False	False	False
ERR346596	ERR346596.222873	J606.4.82	JH3	95.000	57.143	False	True	False	True	False	False
ERR346596	ERR346596.222820	J558.20	JH1	5.155	93.333	True	False	True	False	False	False
ERR346596	ERR346596.222915	J558.h	JH4	84.211	100.000	True	False	True	False	False	False
ERR346596	ERR346596.222986	J558.64.162,J558.74.176	JH3	61.458	100.000	True	False	True	False	False	False
ERR346596	ERR346596.223028	J558.18A,J558.54,J558.83.189	JH1	50.000	100.000	True	False	True	False	False	False
ERR346596	ERR346596.223036	J558.19	JH2	7.143	100.000	True	False	True	False	False	False
ERR346596	ERR346596.223083	J558.50	JH3	82.653	100.000	True	False	True	False	False	False
ERR346596	ERR346596.223087	VHS107.a3.106	JH1	53.000	100.000	True	False	True	False	False	False
ERR346596	ERR346596.223105	J558.21pg.111,J558.25pg.115	JH3	70.103	100.000	True	False	True	False	False	False
ERR346596	ERR346596.223193	VH7183.a7.10	JH4	19.388	100.000	True	False	True	False	False	False
ERR346596	ERR346596.223200	J558.5	JH4	93.814	81.250	False	True	False	True	False	False
ERR346596	ERR346596.223260	J558.2	JH3	90.722	78.571	False	True	False	True	False	False
ERR346596	ERR346596.223293	VHSM7.a3.93	JH3	7.216	100.000	True	False	True	False	False	False
ERR346596	ERR346596.223327	J558.19.109,J558.37.127		15.625		True	False	True	False	False	False
ERR346596	ERR346596.223370	J558.45	JH2	80.412	100.000	True	False	True	False	False	False
ERR346596	ERR346596.223486	J558.2	JH3	72.165	71.429	True	True	True	True	False	False
ERR346596	ERR346596.223566	J558.5	JH4	82.653	100.000	True	False	True	False	False	False
ERR346596	ERR346596.223623	VHQ52.a27.79,VOx-1	JH4	80.208	100.000	True	False	True	False	False	False
ERR346596	ERR346596.223791	J558.44	JH1	38.144	100.000	True	False	True	False	False	False
ERR346596	ERR346596.223839	J558.50	JH3	83.505	100.000	True	False	True	False	False	False
ERR346596	ERR346596.223920	VHSM7.a3.93	JH3	26.316	100.000	True	False	True	False	False	False
ERR346596	ERR346596.224006	J558.8	JH3	84.694	100.000	True	False	True	False	False	False
ERR346596	ERR346596.224013	J558.h	JH4	82.474	92.857	True	False	True	False	False	False
ERR346596	ERR346596.224003	J558.46	JH3	66.327	100.000	True	False	True	False	False	False
ERR346596	ERR346596.224051	VHQ52.a19.61	JH2	30.526	100.000	True	False	True	False	False	False
ERR346596	ERR346596.224088	J558.1	JH4	13.542	100.000	True	False	True	False	False	False
ERR346596	ERR346596.224083	J558.33	JH4	92.857	81.250	False	True	False	True	False	False
ERR346596	ERR346596.224106	J558.79.184,J558.h	JH4	84.694	100.000	True	False	True	False	False	False
ERR346596	ERR346596.224117	J558.h	JH4	83.673	92.857	True	False	True	False	False	False
ERR346596	ERR346596.224201	J558.5	JH3	83.673	100.000	True	False	True	False	False	False
ERR346596	ERR346596.224240	V11,VHS107.a3.106	JH1	55.000	100.000	True	False	True	False	False	False
ERR346596	ERR346596.224266	J558.1	JH1	81.250	100.000	True	False	True	False	False	False
ERR346596	ERR346596.224278	J558.h	JH4	83.673	100.000	True	False	True	False	False	False
ERR346596	ERR346596.224478	J558.70pg.171,J558.n	JH3	55.208	100.000	True	False	True	False	False	False
ERR346596	ERR346596.224698	Vh10.2a	JH4	93.939	82.353	False	True	False	True	False	False
ERR346596	ERR346596.224677	J558.70pg.171,J558.n	JH3	26.804	92.308	True	False	True	False	False	False
ERR346596	ERR346596.224749	J558.8	JH1	96.939	42.857	False	True	False	True	False	False
ERR346596	ERR346596.224734	J558.50	JH3	84.536	100.000	True	False	True	False	False	False
ERR346596	ERR346596.224848	VHQ52.a27.79	JH1	81.250	100.000	True	False	True	False	False	False
ERR346596	ERR346596.224826	J558.50	JH3	82.653	100.000	True	False	True	False	False	False
ERR346596	ERR346596.224862	H13-3	JH3	93.814	73.333	False	True	False	True	False	False
ERR346596	ERR346596.224957	J558.79.184,J558.h	JH4	81.250	87.500	True	False	True	False	False	False
ERR346596	ERR346596.225116	VHQ52.a27.79,VOx-1	JH4	79.167	100.000	True	False	True	False	False	False
ERR346596	ERR346596.225165	VH7183.a33.55	JH2	6.186	100.000	True	False	True	False	False	False
ERR346596	ERR346596.225099	J558.48,J558.k	JH2,JH3	70.000	100.000	True	False	True	False	False	False
ERR346596	ERR346596.225176	V11,VHS107.a3.106	JH1	49.000	100.000	True	False	True	False	False	False
ERR346596	ERR346596.225191	V11,VHS107.a3.106	JH2	47.525	100.000	True	False	True	False	False	False
ERR346596	ERR346596.225171	VHSM7.a3.93	JH3	27.835	100.000	True	False	True	False	False	False
ERR346596	ERR346596.225242	J558.13	JH3	7.292	100.000	True	False	True	False	False	False
ERR346596	ERR346596.225311	VHSM7.a4.108	JH2	8.247	100.000	True	False	True	False	False	False
ERR346596	ERR346596.225343	SM7.1.44,SM7.2.49,VHSM7.a3.93	JH2	80.000	100.000	True	False	True	False	False	False
ERR346596	ERR346596.225363	J558.38pg.128	JH2	70.000	100.000	True	False	True	False	False	False
ERR346596	ERR346596.225415	J558.5	JH4	84.694	100.000	True	False	True	False	False	False
ERR346596	ERR346596.225513	J558.50	JH3	82.474	100.000	True	False	True	False	False	False
ERR346596	ERR346596.225648	J558.47	JH2	88.542	84.615	False	True	False	True	False	False
ERR346596	ERR346596.225613	VHSM7.a3.93	JH4	91.837	80.000	False	True	False	True	False	False
ERR346596	ERR346596.225606	VHQ52.a2.4	JH1	30.208	100.000	True	False	True	False	False	False
ERR346596	ERR346596.225682	VHSM7.a3.93	JH2	89.691	30.769	False	True	False	True	False	False
ERR346596	ERR346596.225730	VH7183.7b	JH4	94.949	30.769	False	True	False	True	False	False
ERR346596	ERR346596.225634	J558.79.184,J558.h	JH4	83.516	87.500	True	False	True	False	False	False
ERR346596	ERR346596.225771	VH36-60.a7psi.116		50.000		True	False	True	False	False	False
ERR346596	ERR346596.225840	H13-3	JH4	29.897	100.000	True	False	True	False	False	False
ERR346596	ERR346596.225839	J558.15	JH4	5.208	80.000	True	True	True	True	False	False
ERR346596	ERR346596.225902	J558.8	JH2	51.546	100.000	True	False	True	False	False	False
ERR346596	ERR346596.225938	J558.37.127	JH4	32.292	100.000	True	False	True	False	False	False
ERR346596	ERR346596.225976	VHJ606.a6.127#	JH3	47.000	100.000	True	False	True	False	False	False
ERR346596	ERR346596.226013	J558.39	JH3	45.918	100.000	True	False	True	False	False	False
ERR346596	ERR346596.226032	J558.50	JH3	83.673	100.000	True	False	True	False	False	False
ERR346596	ERR346596.226065	J558.50	JH3	81.633	100.000	True	False	True	False	False	False
ERR346596	ERR346596.226087	VHS107.a3.106	JH2	66.337	100.000	True	False	True	False	False	False
ERR346596	ERR346596.226114	H13-3	JH2	5.208	100.000	True	False	True	False	False	False
ERR346596	ERR346596.226269	J558.21pg.111,J558.25pg.115	JH3	83.505	100.000	True	False	True	False	False	False
ERR346596	ERR346596.226381	MAI1,MBK2,PWK2		66.667		True	False	True	False	False	False
ERR346596	ERR346596.226407	Q52.1pg.2,VHQ52.a1psi.2		62.500		True	False	True	False	False	False
ERR346596	ERR346596.226564	VHSM7.a3.93	JH2	65.979	100.000	True	False	True	False	False	False
ERR346596	ERR346596.226684	VHF102	JH4	56.250	100.000	True	False	True	False	False	False
ERR346596	ERR346596.226690	J558.h	JH4	84.694	92.857	True	False	True	False	False	False
ERR346596	ERR346596.226740	J558.54.148	JH3	60.417	91.667	True	False	True	False	False	False
ERR346596	ERR346596.226761	J558.h	JH4	82.474	87.500	True	False	True	False	False	False
ERR346596	ERR346596.226768	J558.29	JH4	47.959	100.000	True	False	True	False	False	False
ERR346596	ERR346596.226860	VH36-60.a6.114	JH4	79.381	100.000	True	False	True	False	False	False
ERR346596	ERR346596.226910	VHQ52.a23.68	JH2	69.231	100.000	True	False	True	False	False	False
ERR346596	ERR346596.226992	VHSM7.a4.108	JH2	60.000	100.000	True	False	True	False	False	False
ERR346596	ERR346596.227000	J558.5	JH4	91.753	81.250	False	True	False	True	False	False
ERR346596	ERR346596.227052	VHSM7.a3.93	JH2	24.742	100.000	True	False	True	False	False	False
ERR346596	ERR346596.227028	J558.39	JH3	8.247	100.000	True	False	True	False	False	False
ERR346596	ERR346596.227062	VHSM7.a3.93	JH2	10.417	100.000	True	False	True	False	False	False
ERR346596	ERR346596.227083	J558.21pg.111,J558.25pg.115	JH3	82.474	100.000	True	False	True	False	False	False
ERR346596	ERR346596.227133	VHS107.a3.106	JH4	48.515	100.000	True	False	True	False	False	False
ERR346596	ERR346596.227149	J558.h	JH2	41.237	100.000	True	False	True	False	False	False
ERR346596	ERR346596.227276	VHSM7.a4.108	JH2	24.742	100.000	True	False	True	False	False	False
ERR346596	ERR346596.227311	J558.39,J558.55.149	JH2,JH3	79.167	100.000	True	False	True	False	False	False
ERR346596	ERR346596.227406	VHSM7.a3.93	JH3	27.835	100.000	True	False	True	False	False	False
ERR346596	ERR346596.227411	J558.h	JH4	84.536	92.857	True	False	True	False	False	False
ERR346596	ERR346596.227416	VHQ52.a27.79	JH1	41.667	100.000	True	False	True	False	False	False
ERR346596	ERR346596.227421	Q52.3.8,VHQ52.a3.8	JH4	78.125	93.750	True	False	True	False	False	False
ERR346596	ERR346596.227446	V102	JH4	84.375	93.750	True	False	True	False	False	False
ERR346596	ERR346596.227479	J606.4.82	JH4	73.000	94.118	True	False	True	False	False	False
ERR346596	ERR346596.227789	J558.19	JH3	7.292	100.000	True	False	True	False	False	False
ERR346596	ERR346596.227828	VHQ52.a27.79	JH3	8.247	92.857	True	False	True	False	False	False
ERR346596	ERR346596.227931	J558.23	JH1	50.000	100.000	True	False	True	False	False	False
ERR346596	ERR346596.227982	VHA1	JH4	48.958	100.000	True	False	True	False	False	False
ERR346596	ERR346596.228185	VH36-60.a1.85	JH2	40.816	92.857	True	False	True	False	False	False
ERR346596	ERR346596.228181	J558.50	JH3	83.505	100.000	True	False	True	False	False	False
ERR346596	ERR346596.228198	J558.39	JH3	3.061	100.000	True	False	True	False	False	False
ERR346596	ERR346596.228234	J558.29	JH4	6.186	100.000	True	False	True	False	False	False
ERR346596	ERR346596.228339	J558.29	JH4	42.268	100.000	True	False	True	False	False	False
ERR346596	ERR346596.228402	J558.37,J558.38,J558.39		80.000		True	False	True	False	False	False
ERR346596	ERR346596.228437	J558.38pg.128	JH2	70.000	100.000	True	False	True	False	False	False
ERR346596	ERR346596.228404	J558.40	JH2	9.278	100.000	True	False	True	False	False	False
ERR346596	ERR346596.228412	J606.1.79,J606.4.82,VH22.1	JH2	71.429	100.000	True	False	True	False	False	False
ERR346596	ERR346596.228502	J558.18A,J558.54,J558.83.189		50.000		True	False	True	False	False	False
ERR346596	ERR346596.228529	J558.50	JH3	84.536	100.000	True	False	True	False	False	False
ERR346596	ERR346596.228620	J558.45	JH4	13.542	82.353	True	True	True	True	False	False
ERR346596	ERR346596.228675	J558.70pg.171,J558.n	JH4	49.485	100.000	True	False	True	False	False	False
ERR346596	ERR346596.228681	J558.38pg.128	JH2	70.000	100.000	True	False	True	False	False	False
ERR346596	ERR346596.228683	J558.33	JH4	92.784	81.250	False	True	False	True	False	False
ERR346596	ERR346596.228787	VHQ52.a13.37	JH4	84.375	100.000	True	False	True	False	False	False
ERR346596	ERR346596.228822	VHS107.a3.106	JH2	62.376	91.667	True	False	True	False	False	False
ERR346596	ERR346596.228883	J558.54.148	JH2	8.333	93.333	True	False	True	False	False	False
ERR346596	ERR346596.228907	VHQ52.a24.72	JH3	39.583	93.333	True	False	True	False	False	False
ERR346596	ERR346596.229029	J558.26.116,J558.5,J558.8	JH1	5.208	100.000	True	False	True	False	False	False
ERR346596	ERR346596.229033	VH61-1P,VH7183.a47.76	JH2,JH3	70.000	100.000	True	False	True	False	False	False
ERR346596	ERR346596.229035	VH61-1P,VH7183.a47.76	JH4	21.429	100.000	True	False	True	False	False	False
ERR346596	ERR346596.229153	VH36-60.a8.117,VH36-60.a9.121#	JH2	33.333	100.000	True	False	True	False	False	False
ERR346596	ERR346596.229288	SM7.1.44,SM7.2.49,VHSM7.a3.93	JH2	77.778	100.000	True	False	True	False	False	False
ERR346596	ERR346596.229324	J558.52	JH2	97.959	35.714	False	True	False	True	False	False
ERR346596	ERR346596.229368	J558.h	JH4	82.474	92.857	True	False	True	False	False	False
ERR346596	ERR346596.229400	J558.83.189	JH2	95.789	81.818	False	True	False	True	False	False
ERR346596	ERR346596.229667	J558.44	JH2	36.082	100.000	True	False	True	False	False	False
ERR346596	ERR346596.229626	VHS107.a3.106	JH1	77.228	93.750	True	False	True	False	False	False
ERR346596	ERR346596.229728	S107.3.62,V11,VHS107.a2psi.82	JH4	77.778	100.000	True	False	True	False	False	False
ERR346596	ERR346596.229765	J558.20	JH3	96.939	71.429	False	True	False	True	False	False
ERR346596	ERR346596.229778	VHSM7.a3.93	JH2	54.167	100.000	True	False	True	False	False	False
ERR346596	ERR346596.229853	3:3.9,7183.7.10,VH7183.a7.10	JH1	21.429	87.500	True	False	True	False	False	False
ERR346596	ERR346596.229896	VH36-60.a1.85	JH4	13.402	93.750	True	False	True	False	False	False
ERR346596	ERR346596.229953	V11,VHS107.a3.106	JH1	27.000	93.750	True	False	True	False	False	False
ERR346596	ERR346596.230058	J558.50	JH3	82.653	100.000	True	False	True	False	False	False
ERR346596	ERR346596.230172	gu33		71.429		True	False	True	False	False	False
ERR346596	ERR346596.230176	J558.10pg.100	JH4	57.143	100.000	True	False	True	False	False	False
ERR346596	ERR346596.230187	VHQ52.a27.79,VOx-1	JH4	30.208	100.000	True	False	True	False	False	False
ERR346596	ERR346596.230214	VH36-60.a2.90	JH1	33.333	100.000	True	False	True	False	False	False
ERR346596	ERR346596.230196	VH7183.a4.6,VHD6.96	JH2	65.306	100.000	True	False	True	False	False	False
ERR346596	ERR346596.230365	VHQ52.a19.61	JH2	80.000	100.000	True	False	True	False	False	False
ERR346596	ERR346596.230260	H13-3	JH3	93.878	73.333	False	True	False	True	False	False
ERR346596	ERR346596.230502	J558.33	JH3	8.333	100.000	True	False	True	False	False	False
ERR346596	ERR346596.230507	VHSM7.a3.93	JH2	12.500	100.000	True	False	True	False	False	False
ERR346596	ERR346596.230505	VHQ52.a12.33	JH3	78.125	100.000	True	False	True	False	False	False
ERR346596	ERR346596.230623	VHSM7.a3.93	JH2	10.417	100.000	True	False	True	False	False	False
ERR346596	ERR346596.230672	J558.48,J558.k	JH2,JH3	70.000	100.000	True	False	True	False	False	False
ERR346596	ERR346596.230664	VHS107.a3.106	JH1	49.505	100.000	True	False	True	False	False	False
ERR346596	ERR346596.230739	J558.54.148	JH2	55.208	100.000	True	False	True	False	False	False
ERR346596	ERR346596.230868	J558.h	JH4	80.412	81.250	True	True	True	True	False	False
ERR346596	ERR346596.230927	VHS107.a3.106	JH1	8.911	100.000	True	False	True	False	False	False
ERR346596	ERR346596.230842	J558.47	JH2	42.708	100.000	True	False	True	False	False	False
ERR346596	ERR346596.230998	J558.12	JH4	5.155	100.000	True	False	True	False	False	False
ERR346596	ERR346596.231084	VH36-60.a1.85	JH2	96.907	76.923	False	True	False	True	False	False
ERR346596	ERR346596.231252	J558.45	JH4	34.021	93.750	True	False	True	False	False	False
ERR346596	ERR346596.231353	J606.4.82	JH4	94.000	28.571	False	True	False	True	False	False
ERR346596	ERR346596.231569	J558.h	JH4	63.918	100.000	True	False	True	False	False	False
ERR346596	ERR346596.231614	J558.37.127	JH3	92.784	50.000	False	True	False	True	False	False
ERR346596	ERR346596.231730	VHSM7.a3.93	JH3	73.958	100.000	True	False	True	False	False	False
ERR346596	ERR346596.231751	J558.h	JH4	84.043	93.750	True	False	True	False	False	False
ERR346596	ERR346596.231758	J558.29	JH3	40.426	100.000	True	False	True	False	False	False
ERR346596	ERR346596.231808	J558.45	JH4	12.500	92.308	True	False	True	False	False	False
ERR346596	ERR346596.231912	J558.50	JH3	80.612	92.857	True	False	True	False	False	False
ERR346596	ERR346596.232027	VH7183.9,VH7183.a15.24	JH4	7.216	100.000	True	False	True	False	False	False
ERR346596	ERR346596.232070	MAI1,MBK2,PWK2		66.667		True	False	True	False	False	False
ERR346596	ERR346596.232117	J558.45	JH2	44.330	100.000	True	False	True	False	False	False
ERR346596	ERR346596.232112	J558.64.162,J558.74.176	JH1	72.165	100.000	True	False	True	False	False	False
ERR346596	ERR346596.232213	J558.17	JH4	4.167	100.000	True	False	True	False	False	False
ERR346596	ERR346596.232280	J558.17,J558.22,J558.23	JH2	100.000	75.000	False	True	False	True	False	False
ERR346596	ERR346596.232263	J558.54.148	JH3	93.814	83.333	False	True	False	True	False	False
ERR346596	ERR346596.232423	J558.17	JH2	44.211	100.000	True	False	True	False	False	False
ERR346596	ERR346596.232634	VH36-60.a6.114	JH4	9.375	100.000	True	False	True	False	False	False
ERR346596	ERR346596.232733	3:3.9,7183.7.10,VH7183.7b	JH1	64.948	100.000	True	False	True	False	False	False
ERR346596	ERR346596.232750	VHSM7.a3.93	JH3	65.979	100.000	True	False	True	False	False	False
ERR346596	ERR346596.232714	J558.50	JH3	82.653	100.000	True	False	True	False	False	False
ERR346596	ERR346596.232861	VHSM7.a3.93	JH2	26.804	100.000	True	False	True	False	False	False
ERR346596	ERR346596.232975	J558.50	JH3	83.333	100.000	True	False	True	False	False	False
ERR346596	ERR346596.233082	VHSM7.a3.93	JH3	100.000	53.846	False	True	False	True	False	False
ERR346596	ERR346596.233012	J558.h	JH4	82.292	93.750	True	False	True	False	False	False
ERR346596	ERR346596.233249	J558.50	JH3	83.673	100.000	True	False	True	False	False	False
ERR346596	ERR346596.233321	J558.50	JH3	83.673	100.000	True	False	True	False	False	False
ERR346596	ERR346596.233429	VHSM7.a3.93	JH2	84.375	100.000	True	False	True	False	False	False
ERR346596	ERR346596.233564	J558.54.148	JH3	46.392	91.667	True	False	True	False	False	False
ERR346596	ERR346596.233597	J558.h	JH4	82.474	92.857	True	False	True	False	False	False
ERR346596	ERR346596.233600	J558.h	JH4	82.653	92.857	True	False	True	False	False	False
ERR346596	ERR346596.233705	J558.h	JH4	83.673	92.857	True	False	True	False	False	False
ERR346596	ERR346596.233773	VHQ52.a27.79	JH1	81.250	100.000	True	False	True	False	False	False
ERR346596	ERR346596.233764	VHQ52.a27.79,VOx-1	JH4	79.167	100.000	True	False	True	False	False	False
ERR346596	ERR346596.233702	J558.5	JH4	91.837	81.250	False	True	False	True	False	False
ERR346596	ERR346596.233784	VHA1	JH2	97.938	66.667	False	True	False	True	False	False
ERR346596	ERR346596.233858	J558.29	JH4	30.208	100.000	True	False	True	False	False	False
ERR346596	ERR346596.234030	J558.h	JH4	82.474	92.857	True	False	True	False	False	False
ERR346596	ERR346596.233986	J558.54.148	JH3	95.876	69.231	False	True	False	True	False	False
ERR346596	ERR346596.234006	VHQ52.a27.79,VOx-1	JH4	31.579	100.000	True	False	True	False	False	False
ERR346596	ERR346596.234072	J558.i	JH3	92.784	83.333	False	True	False	True	False	False
ERR346596	ERR346596.234012	VHQ52.a27.79	JH2	92.708	84.615	False	True	False	True	False	False
ERR346596	ERR346596.234220	J558.h	JH4	81.633	92.857	True	False	True	False	False	False
ERR346596	ERR346596.234273	J558.50	JH3	7.292	100.000	True	False	True	False	False	False
ERR346596	ERR346596.234347	J558.64.162,J558.74.176	JH3	59.794	100.000	True	False	True	False	False	False
ERR346596	ERR346596.234497	VHSM7.a3.93	JH2	5.155	100.000	True	False	True	False	False	False
ERR346596	ERR346596.234450	J558.55.149	JH2	59.375	100.000	True	False	True	False	False	False
ERR346596	ERR346596.234581	J558.50		75.000		True	False	True	False	False	False
ERR346596	ERR346596.234716	J558.29	JH4	58.763	100.000	True	False	True	False	False	False
ERR346596	ERR346596.234815	J558.8	JH3	84.694	100.000	True	False	True	False	False	False
ERR346596	ERR346596.234925	VHQ52.a27.79,VOx-1	JH4	30.526	100.000	True	False	True	False	False	False
ERR346596	ERR346596.235034	J558.71pg.172,SM7.3.54	JH3	58.333	100.000	True	False	True	False	False	False
ERR346596	ERR346596.235085	VH61-1P,VH7183.a47.76	JH4	19.388	100.000	True	False	True	False	False	False
ERR346596	ERR346596.235100	V11,VHS107.a3.106	JH1	98.020	68.750	False	True	False	True	False	False
ERR346596	ERR346596.235135	J558.54.148	JH2	6.186	93.333	True	False	True	False	False	False
ERR346596	ERR346596.235107	J558.45	JH4	23.958	100.000	True	False	True	False	False	False
ERR346596	ERR346596.234961	J558.h	JH4	82.474	93.750	True	False	True	False	False	False
ERR346596	ERR346596.235204	VHS107.a3.106	JH1	48.515	100.000	True	False	True	False	False	False
ERR346596	ERR346596.235296	J558.21pg.111,J558.25pg.115	JH3	84.536	100.000	True	False	True	False	False	False
ERR346596	ERR346596.235288	Q52.12pg.39,VHQ52.a26psi.78,ha24	JH4	57.143	100.000	True	False	True	False	False	False
ERR346596	ERR346596.235393	VHQ52.a27.79	JH1	28.125	100.000	True	False	True	False	False	False
ERR346596	ERR346596.235372	VHQ52.a27.79	JH1	80.208	94.118	True	False	True	False	False	False
ERR346596	ERR346596.235483	J558.h	JH4	82.105	92.857	True	False	True	False	False	False
ERR346596	ERR346596.235440	VHQ52.a27.79	JH1	27.835	100.000	True	False	True	False	False	False
ERR346596	ERR346596.235507	VHSM7.a4.108	JH3	56.250	100.000	True	False	True	False	False	False
ERR346596	ERR346596.235506	VHQ52.a17.46	JH2	82.474	100.000	True	False	True	False	False	False
ERR346596	ERR346596.235538	VHSM7.a3.93	JH3	54.167	100.000	True	False	True	False	False	False
ERR346596	ERR346596.235567	J558.4	JH2	70.103	100.000	True	False	True	False	False	False
ERR346596	ERR346596.235548	VHX24.a1.84	JH3	61.224	100.000	True	False	True	False	False	False
ERR346596	ERR346596.235542	VH7183.7b	JH4	81.633	100.000	True	False	True	False	False	False
ERR346596	ERR346596.235656	J558.50	JH3	83.505	100.000	True	False	True	False	False	False
ERR346596	ERR346596.235709	VHQ52.a27.79	JH1	42.708	100.000	True	False	True	False	False	False
ERR346596	ERR346596.235734	VHX24.a1.84	JH3	72.165	100.000	True	False	True	False	False	False
ERR346596	ERR346596.235786	J558.h	JH4	84.536	100.000	True	False	True	False	False	False
ERR346596	ERR346596.235812	Q52.3.8,VHQ52.a3.8	JH3	47.368	100.000	True	False	True	False	False	False
ERR346596	ERR346596.235791	VH108A	JH2	15.464	100.000	True	False	True	False	False	False
ERR346596	ERR346596.235863	VHSM7.a3.93	JH3	95.876	64.286	False	True	False	True	False	False
ERR346596	ERR346596.235909	J558.79.184	JH4	81.443	87.500	True	False	True	False	False	False
ERR346596	ERR346596.235928	VHS107.a3.106	JH1	49.505	100.000	True	False	True	False	False	False
ERR346596	ERR346596.235995	J558.50	JH3	84.536	100.000	True	False	True	False	False	False
ERR346596	ERR346596.236063	VHSM7.a3.93	JH4	94.845	80.000	False	True	False	True	False	False
ERR346596	ERR346596.236321	VHSM7.a3.93	JH2	6.186	100.000	True	False	True	False	False	False
ERR346596	ERR346596.236310	J558.83.189	JH2	47.423	100.000	True	False	True	False	False	False
ERR346596	ERR346596.236372	J558.50	JH3	84.694	100.000	True	False	True	False	False	False
ERR346596	ERR346596.236476	J558.33	JH4	90.722	81.250	False	True	False	True	False	False
ERR346596	ERR346596.236601	bb1,bb1.1,cr1	JK3	60.000	100.000	True	False	True	False	False	False
ERR346596	ERR346596.236660	cx9		50.000		True	False	True	False	False	False
ERR346596	ERR346596.236718	VH61-1P,VH7183.a47.76	JH4	24.742	100.000	True	False	True	False	False	False
ERR346596	ERR346596.236704	J558.50	JH3	82.653	92.857	True	False	True	False	False	False
ERR346596	ERR346596.237101	J558.12	JH2	69.072	100.000	True	False	True	False	False	False
ERR346596	ERR346596.237103	Q52.1pg.2,VHQ52.a1psi.2		62.500		True	False	True	False	False	False
ERR346596	ERR346596.237121	J558.17	JH3	53.684	100.000	True	False	True	False	False	False
ERR346596	ERR346596.237150	J558.45	JH3	14.433	100.000	True	False	True	False	False	False
ERR346596	ERR346596.237406	J558.54.148,J558.i	JH3	92.857	83.333	False	True	False	True	False	False
ERR346596	ERR346596.237431	J558.54.148	JH2	26.804	100.000	True	False	True	False	False	False
ERR346596	ERR346596.237473	VH36-60.a2.90	JH3	5.208	100.000	True	False	True	False	False	False
ERR346596	ERR346596.237545	J558.83.189	JH2	72.165	100.000	True	False	True	False	False	False
ERR346596	ERR346596.237626	Q52.3.8,VHQ52.a3.8	JH4	79.167	93.750	True	False	True	False	False	False
ERR346596	ERR346596.237625	J558.12.102	JH2	16.495	100.000	True	False	True	False	False	False
ERR346596	ERR346596.237718	VHSM7.a3.93	JH4	11.340	100.000	True	False	True	False	False	False
ERR346596	ERR346596.237791	J558.5	JH4	94.898	81.250	False	True	False	True	False	False
ERR346596	ERR346596.237761	3:3.9,7183.7.10,VH7183.a7.10	JH2	77.320	93.333	True	False	True	False	False	False
ERR346596	ERR346596.237750	J558.h	JH4	84.694	92.857	True	False	True	False	False	False
ERR346596	ERR346596.237786	VHQ52.a27.79	JH1	44.330	100.000	True	False	True	False	False	False
ERR346596	ERR346596.237778	VH7183.a36psi.58	JH4	81.818	100.000	True	False	True	False	False	False
ERR346596	ERR346596.237838	VHQ52.a27.79,VOx-1	JH4	7.292	100.000	True	False	True	False	False	False
ERR346596	ERR346596.237836	VH7183.a4.6,VHD6.96	JH2	69.072	100.000	True	False	True	False	False	False
ERR346596	ERR346596.237783	J558.41pg.131		83.333		True	False	True	False	False	False
ERR346596	ERR346596.237879	J558.38pg.128	JH2	70.000	100.000	True	False	True	False	False	False
ERR346596	ERR346596.237957	VHSM7.a3.93	JH2	83.333	100.000	True	False	True	False	False	False
ERR346596	ERR346596.237934	VHX24.a1.84	JH3	71.111	100.000	True	False	True	False	False	False
ERR346596	ERR346596.237854	Vh10.2a	JH3	28.283	100.000	True	False	True	False	False	False
ERR346596	ERR346596.238019	J558.21pg.111,J558.25pg.115	JH3	24.742	100.000	True	False	True	False	False	False
ERR346596	ERR346596.238003	J558.44	JH2	35.417	100.000	True	False	True	False	False	False
ERR346596	ERR346596.238131	J558.79.184	JH4	82.474	87.500	True	False	True	False	False	False
ERR346596	ERR346596.238106	VHQ52.a27.79,VOx-1	JH4	5.263	100.000	True	False	True	False	False	False
ERR346596	ERR346596.238184	VHSM7.a3.93	JH2	7.292	100.000	True	False	True	False	False	False
ERR346596	ERR346596.238174	J558.50	JH3	81.633	100.000	True	False	True	False	False	False
ERR346596	ERR346596.238300	J558.21pg.111	JH3	83.505	92.308	True	False	True	False	False	False
ERR346596	ERR346596.238312	J558.61.157,V3	JH2	94.898	84.615	False	True	False	True	False	False
ERR346596	ERR346596.238384	SM7.1.44,SM7.2.49,VHSM7.a3.93	JH2	80.000	100.000	True	False	True	False	False	False
ERR346596	ERR346596.238323	J558.11pg.101,J558.47	JH2	25.275	93.333	True	False	True	False	False	False
ERR346596	ERR346596.238581	VH36-60.a1.85	JH2	18.750	100.000	True	False	True	False	False	False
ERR346596	ERR346596.238521	J558.35	JH2	9.474	100.000	True	False	True	False	False	False
ERR346596	ERR346596.238640	VHQ52.a27.79,VOx-1	JH4	84.375	100.000	True	False	True	False	False	False
ERR346596	ERR346596.238682	V11,VHS107.a3.106	JH1	48.515	100.000	True	False	True	False	False	False
ERR346596	ERR346596.238639	VHQ52.a27.79,VOx-1	JH4	94.737	35.714	False	True	False	True	False	False
ERR346596	ERR346596.238738	J558.5	JH4	94.898	81.250	False	True	False	True	False	False
ERR346596	ERR346596.238740	J558.33	JH4	61.224	87.500	True	False	True	False	False	False
ERR346596	ERR346596.238757	VHQ52.a23.68	JH2	69.231	100.000	True	False	True	False	False	False
ERR346596	ERR346596.238772	J558.12.102	JH4	15.464	100.000	True	False	True	False	False	False
ERR346596	ERR346596.238678	SM7.3.54	JH2	77.778	100.000	True	False	True	False	False	False
ERR346596	ERR346596.238786	J558.50	JH3	83.505	100.000	True	False	True	False	False	False
ERR346596	ERR346596.238832	J558.45	JH4	91.667	82.353	False	True	False	True	False	False
ERR346596	ERR346596.238956	V11,VHS107.a3.106	JH1	26.000	100.000	True	False	True	False	False	False
ERR346596	ERR346596.238964	J558.h	JH4	83.505	93.750	True	False	True	False	False	False
ERR346596	ERR346596.239083	VH7183.a35.57	JH2	98.980	35.714	False	True	False	True	False	False
ERR346596	ERR346596.239032	Q52.1pg.2,VHQ52.a1psi.2		62.500		True	False	True	False	False	False
ERR346596	ERR346596.239200	Q52.1pg.2,VHQ52.a1psi.2		62.500		True	False	True	False	False	False
ERR346596	ERR346596.239288	J558.21pg.111,J558.25pg.115	JH3	83.505	100.000	True	False	True	False	False	False
ERR346596	ERR346596.239315	J558.19	JH2	77.320	100.000	True	False	True	False	False	False
ERR346596	ERR346596.239372	3:3.9,7183.7.10,VH7183.7b	JH1	79.381	93.333	True	False	True	False	False	False
ERR346596	ERR346596.239352	VHX24.a1.84	JH3	23.711	92.857	True	False	True	False	False	False
ERR346596	ERR346596.239384	VHQ52.a15.42	JH3	80.412	100.000	True	False	True	False	False	False
ERR346596	ERR346596.239431	H13-3	JH3	91.753	73.333	False	True	False	True	False	False
ERR346596	ERR346596.239441	VH36-60.a6.114	JH4	57.292	100.000	True	False	True	False	False	False
ERR346596	ERR346596.239470	J558.64.162,J558.74.176	JH3	45.361	100.000	True	False	True	False	False	False
ERR346596	ERR346596.239434	VHSM7.a1.83	JH2	54.167	100.000	True	False	True	False	False	False
ERR346596	ERR346596.239474	Q52.1pg.2,VHQ52.a1psi.2		62.500		True	False	True	False	False	False
ERR346596	ERR346596.239602	J558.h	JH4	83.505	93.333	True	False	True	False	False	False
ERR346596	ERR346596.239462	J558.h	JH4	83.673	92.857	True	False	True	False	False	False
ERR346596	ERR346596.239675	J558.54.148	JH3	94.898	83.333	False	True	False	True	False	False
ERR346596	ERR346596.239717	VHX24.a1.84	JH3	74.227	100.000	True	False	True	False	False	False
ERR346596	ERR346596.239648	J558.f,VH104B		80.000		True	False	True	False	False	False
ERR346596	ERR346596.239793	J558.50	JH3	83.673	100.000	True	False	True	False	False	False
ERR346596	ERR346596.239854	VHQ52.a27.79,VOx-1	JH4	80.000	100.000	True	False	True	False	False	False
ERR346596	ERR346596.239906	J558.17	JH3	37.500	100.000	True	False	True	False	False	False
ERR346596	ERR346596.239901	J558.8	JH3	84.694	100.000	True	False	True	False	False	False
ERR346596	ERR346596.239967	MAI1,MBK2,PWK2		66.667		True	False	True	False	False	False
ERR346596	ERR346596.240041	SM7.1.44,SM7.2.49,VHSM7.a3.93	JH2	70.000	100.000	True	False	True	False	False	False
ERR346596	ERR346596.240082	VHQ52.a27.79	JH3	78.125	92.857	True	False	True	False	False	False
ERR346596	ERR346596.240098	J558.48,J558.k	JH4	77.778	100.000	True	False	True	False	False	False
ERR346596	ERR346596.240127	J558.h	JH4	79.381	100.000	True	False	True	False	False	False
ERR346596	ERR346596.240184	VHA1	JH2	97.959	80.000	False	True	False	True	False	False
ERR346596	ERR346596.240300	J558.41pg.131		83.333		True	False	True	False	False	False
ERR346596	ERR346596.240366	VH7183.a4.6,VHD6.96	JH4	47.423	92.857	True	False	True	False	False	False
ERR346596	ERR346596.240420	VH7183.a7.10	JH4	6.122	100.000	True	False	True	False	False	False
ERR346596	ERR346596.240596	VHQ52.a23.68	JH2	69.231	100.000	True	False	True	False	False	False
ERR346596	ERR346596.240690	J558.h	JH4	83.505	92.857	True	False	True	False	False	False
ERR346596	ERR346596.240817	VH7183.a28.48	JH4	21.429	100.000	True	False	True	False	False	False
ERR346596	ERR346596.240850	J558.12	JH2	70.526	92.308	True	False	True	False	False	False
ERR346596	ERR346596.240899	VHSM7.a3.93	JH3	54.167	100.000	True	False	True	False	False	False
ERR346596	ERR346596.240898	J558.50	JH3	51.546	100.000	True	False	True	False	False	False
ERR346596	ERR346596.240922	J558.19	JH2	95.918	83.333	False	True	False	True	False	False
ERR346596	ERR346596.240882	J558.38pg.128	JH4	82.292	100.000	True	False	True	False	False	False
ERR346596	ERR346596.240946	J558.h	JH4	84.536	92.857	True	False	True	False	False	False
ERR346596	ERR346596.240941	V11,VHS107.a3.106	JH1	49.000	100.000	True	False	True	False	False	False
ERR346596	ERR346596.240963	J558.h	JH4	84.536	100.000	True	False	True	False	False	False
ERR346596	ERR346596.241101	VHSM7.a3.93	JH4	47.423	100.000	True	False	True	False	False	False
ERR346596	ERR346596.241163	V11,VHS107.a3.106	JH1	49.505	100.000	True	False	True	False	False	False
ERR346596	ERR346596.241164	J558.8	JH4	73.196	100.000	True	False	True	False	False	False
ERR346596	ERR346596.241265	V11,VHS107.a3.106	JH2	48.515	100.000	True	False	True	False	False	False
ERR346596	ERR346596.241341	VHQ52.a8.22	JH2	18.750	100.000	True	False	True	False	False	False
ERR346596	ERR346596.241375	VH16.1.55		70.000		True	False	True	False	False	False
ERR346596	ERR346596.241397	J558.19	JH2	66.667	100.000	True	False	True	False	False	False
ERR346596	ERR346596.241412	VH36-60.a1.85	JH2	95.918	84.615	False	True	False	True	False	False
ERR346596	ERR346596.241452	VH7183.a7.10	JH4	80.612	92.857	True	False	True	False	False	False
ERR346596	ERR346596.241472	VH7183.a35.57	JH2	7.143	100.000	True	False	True	False	False	False
ERR346596	ERR346596.241539	VH7183.a4.6,VHD6.96	JH4	75.510	100.000	True	False	True	False	False	False
ERR346596	ERR346596.241608	J558.83.189	JH2	84.536	45.455	True	True	True	True	False	False
ERR346596	ERR346596.241672	J558.5	JH4	93.617	81.250	False	True	False	True	False	False
ERR346596	ERR346596.241738	J558.h	JH4	84.536	92.857	True	False	True	False	False	False
ERR346596	ERR346596.241761	V11,VHS107.a3.106	JH1	51.000	100.000	True	False	True	False	False	False
ERR346596	ERR346596.241747	VHS107.a3.106	JH1	41.584	100.000	True	False	True	False	False	False
ERR346596	ERR346596.241842	J558.50	JH3	82.653	100.000	True	False	True	False	False	False
ERR346596	ERR346596.241904	J558.54.148	JH3	38.144	100.000	True	False	True	False	False	False
ERR346596	ERR346596.241996	VHS107.a3.106	JH1	74.257	93.750	True	False	True	False	False	False
ERR346596	ERR346596.242103	J558.35	JH4	42.708	100.000	True	False	True	False	False	False
ERR346596	ERR346596.242261	J558.5	JH4	91.837	75.000	False	True	False	True	False	False
ERR346596	ERR346596.242301	J558.70pg.171,J558.n	JH4	7.216	93.750	True	False	True	False	False	False
ERR346596	ERR346596.242414	VHSM7.a3.93	JH3	6.250	100.000	True	False	True	False	False	False
ERR346596	ERR346596.242447	J558.83.189	JH2	19.588	100.000	True	False	True	False	False	False
ERR346596	ERR346596.242498	VHX24.a1.84	JH3	90.722	80.000	False	True	False	True	False	False
ERR346596	ERR346596.242539	J558.45	JH4	5.319	100.000	True	False	True	False	False	False
ERR346596	ERR346596.242563	VH36-60.a1.85	JH4	5.208	100.000	True	False	True	False	False	False
ERR346596	ERR346596.242524	J558.50	JH3	83.673	100.000	True	False	True	False	False	False
ERR346596	ERR346596.242714	J558.50	JH3	38.542	100.000	True	False	True	False	False	False
ERR346596	ERR346596.242737	MAI1,MBK2,PWK2		66.667		True	False	True	False	False	False
ERR346596	ERR346596.242842	J606.4.82		50.000		True	False	True	False	False	False
ERR346596	ERR346596.242845	VH36-60.a1.85	JH3	42.268	100.000	True	False	True	False	False	False
ERR346596	ERR346596.242959	VH36-60.a6.114	JH4	42.268	100.000	True	False	True	False	False	False
ERR346596	ERR346596.242899	J558.15	JH4	95.789	81.250	False	True	False	True	False	False
ERR346596	ERR346596.242936	VHQ52.a27.79,VOx-1	JH4	76.042	100.000	True	False	True	False	False	False
ERR346596	ERR346596.242979	SM7.1.44,SM7.2.49,VHSM7.a3.93	JH2	77.778	100.000	True	False	True	False	False	False
ERR346596	ERR346596.242968	VHSM7.a3.93	JH3	37.113	100.000	True	False	True	False	False	False
ERR346596	ERR346596.242972	VH7183.a19.31	JH4	71.875	100.000	True	False	True	False	False	False
ERR346596	ERR346596.243121	J558.8	JH3	84.536	100.000	True	False	True	False	False	False
ERR346596	ERR346596.243239	VH7183.a4.6,VHD6.96	JH4	41.237	92.857	True	False	True	False	False	False
ERR346596	ERR346596.243432	J558.21pg.111,J558.25pg.115	JH3	82.474	92.308	True	False	True	False	False	False
ERR346596	ERR346596.243448	J558.21pg.111,J558.25pg.115	JH3	14.433	100.000	True	False	True	False	False	False
ERR346596	ERR346596.243521	J558.1	JH2	5.155	100.000	True	False	True	False	False	False
ERR346596	ERR346596.243681	J558.5	JH3	16.495	100.000	True	False	True	False	False	False
ERR346596	ERR346596.243702	J558.21pg.111,J558.25pg.115	JH3	83.505	100.000	True	False	True	False	False	False
ERR346596	ERR346596.243783	J558.41pg.131		83.333		True	False	True	False	False	False
ERR346596	ERR346596.243784	VH7183.a4.6,VHD6.96	JH4	30.928	100.000	True	False	True	False	False	False
ERR346596	ERR346596.243892	J558.f	JH2	4.167	100.000	True	False	True	False	False	False
ERR346596	ERR346596.244014	J558.5	JH4	91.837	81.250	False	True	False	True	False	False
ERR346596	ERR346596.244284	J558.55.149	JH2	15.464	100.000	True	False	True	False	False	False
ERR346596	ERR346596.244307	J558.50	JH3	80.208	100.000	True	False	True	False	False	False
ERR346596	ERR346596.244362	VH50.1,VH7183.a13.20	JH3	58.163	100.000	True	False	True	False	False	False
ERR346596	ERR346596.244460	VHA1	JH2	96.907	80.000	False	True	False	True	False	False
ERR346596	ERR346596.244527	VH7183.a7.10	JH4	95.918	38.462	False	True	False	True	False	False
ERR346596	ERR346596.244549	J606.4.82	JH3	51.000	93.333	True	False	True	False	False	False
ERR346596	ERR346596.244885	VHS107.a3.106	JH2	97.030	84.615	False	True	False	True	False	False
ERR346596	ERR346596.244900	VHSM7.a3.93	JH2	28.125	100.000	True	False	True	False	False	False
ERR346596	ERR346596.244928	J558.37.127	JH4	29.897	100.000	True	False	True	False	False	False
ERR346596	ERR346596.245051	J558.38pg.128	JH2	70.000	100.000	True	False	True	False	False	False
ERR346596	ERR346596.245047	J558.26.116,J558.5,J558.8	JH1	4.124	100.000	True	False	True	False	False	False
ERR346596	ERR346596.245151	VHSM7.a3.93	JH2	57.732	100.000	True	False	True	False	False	False
ERR346596	ERR346596.245257	J558.20	JH3	12.371	93.333	True	False	True	False	False	False
ERR346596	ERR346596.245321	VH36-60.a1.85	JH4	26.042	100.000	True	False	True	False	False	False
ERR346596	ERR346596.245414	J558.2	JH3	41.667	91.667	True	False	True	False	False	False
ERR346596	ERR346596.245470	cx9	JK3	50.000	100.000	True	False	True	False	False	False
ERR346596	ERR346596.245495	J558.46	JH2	90.722	30.769	False	True	False	True	False	False
ERR346596	ERR346596.245490	J558.12.102	JH2	24.742	91.667	True	False	True	False	False	False
ERR346596	ERR346596.245465	36-60.4.66,36-60.6.70,36-60.8.74	JH2,JH3	71.429	100.000	True	False	True	False	False	False
ERR346596	ERR346596.245601	VHJ606.a6.127#	JH4	64.948	100.000	True	False	True	False	False	False
ERR346596	ERR346596.245603	VH36-60.a2.90	JH4	94.845	82.353	False	True	False	True	False	False
ERR346596	ERR346596.245597	J558.54.148	JH2	12.500	93.333	True	False	True	False	False	False
ERR346596	ERR346596.245682	VHSM7.a3.93	JH3	98.958	38.462	False	True	False	True	False	False
ERR346596	ERR346596.245711	J558.19.109,J558.37.127	JH2	15.625	100.000	True	False	True	False	False	False
ERR346596	ERR346596.245680	H13-3	JH4	6.186	100.000	True	False	True	False	False	False
ERR346596	ERR346596.245673	VH36-60.a6.114	JH3	65.979	100.000	True	False	True	False	False	False
ERR346596	ERR346596.245740	J558.50	JH3	82.653	100.000	True	False	True	False	False	False
ERR346596	ERR346596.245820	gu33		66.667		True	False	True	False	False	False
ERR346596	ERR346596.245869	VHSM7.a3.93	JH3	80.208	100.000	True	False	True	False	False	False
ERR346596	ERR346596.245849	VHQ52.a27.79,VOx-1	JH4	78.947	100.000	True	False	True	False	False	False
ERR346596	ERR346596.245891	VHQ52.a27.79,VOx-1	JH2	79.167	92.308	True	False	True	False	False	False
ERR346596	ERR346596.245918	J558.12	JH2	89.691	84.615	False	True	False	True	False	False
ERR346596	ERR346596.246089	VH61-1P,VH7183.a47.76	JH4	9.375	100.000	True	False	True	False	False	False
ERR346596	ERR346596.246151	J558.17	JH2	20.833	100.000	True	False	True	False	False	False
ERR346596	ERR346596.246210	J558.50	JH3	83.673	100.000	True	False	True	False	False	False
ERR346596	ERR346596.246343	VH36-60.a2.90	JH4	96.875	82.353	False	True	False	True	False	False
ERR346596	ERR346596.246411	VH7183.a7.10	JH4	15.464	100.000	True	False	True	False	False	False
ERR346596	ERR346596.246496	J558.17	JH3	47.917	100.000	True	False	True	False	False	False
ERR346596	ERR346596.246504	J558.5	JH4	94.845	81.250	False	True	False	True	False	False
ERR346596	ERR346596.246542	J558.19	JH3	39.175	100.000	True	False	True	False	False	False
ERR346596	ERR346596.246562	J558.f,VH104B	JH2	80.000	100.000	True	False	True	False	False	False
ERR346596	ERR346596.246625	VHQ52.a27.79,VOx-1	JH4	55.789	100.000	True	False	True	False	False	False
ERR346596	ERR346596.246711	J558.70pg.171,J558.n	JH4	12.371	100.000	True	False	True	False	False	False
ERR346596	ERR346596.246698	VHA1	JH2	98.980	80.000	False	True	False	True	False	False
ERR346596	ERR346596.246730	J558.37.127	JH4	29.897	100.000	True	False	True	False	False	False
ERR346596	ERR346596.246806	SM7.1.44,SM7.2.49,VHSM7.a3.93		77.778		True	False	True	False	False	False
ERR346596	ERR346596.246961	VHSM7.a4.108	JH3	63.158	100.000	True	False	True	False	False	False
ERR346596	ERR346596.246884	VHSM7.a3.93	JH4	93.878	80.000	False	True	False	True	False	False
ERR346596	ERR346596.246953	Q52.3.8,VHQ52.a3.8	JH4	81.250	100.000	True	False	True	False	False	False
ERR346596	ERR346596.247016	VHS107.a3.106	JH1	82.178	100.000	True	False	True	False	False	False
ERR346596	ERR346596.247225	J558.38pg.128	JH3	14.433	85.714	True	False	True	False	False	False
ERR346596	ERR346596.247164	J558.h	JH4	84.536	93.750	True	False	True	False	False	False
ERR346596	ERR346596.247275	J558.20	JH1	6.186	93.333	True	False	True	False	False	False
ERR346596	ERR346596.247325	VHQ52.a27.79,VOx-1	JH4	78.947	92.857	True	False	True	False	False	False
ERR346596	ERR346596.247368	VHSM7.a3.93	JH2	34.375	100.000	True	False	True	False	False	False
ERR346596	ERR346596.247457	J558.2	JH3	67.708	71.429	True	True	True	True	False	False
ERR346596	ERR346596.247519	J558.46	JH4	96.875	81.250	False	True	False	True	False	False
ERR346596	ERR346596.247638	J558.50	JH3	7.216	100.000	True	False	True	False	False	False
ERR346596	ERR346596.247630	VHS107.a3.106	JH2	98.000	84.615	False	True	False	True	False	False
ERR346596	ERR346596.247686	VHSM7.a3.93	JH1	75.556	94.118	True	False	True	False	False	False
ERR346596	ERR346596.247750	VHQ52.a27.79	JH1	76.042	100.000	True	False	True	False	False	False
ERR346596	ERR346596.247766	J558.k	JH4	97.959	43.750	False	True	False	True	False	False
ERR346596	ERR346596.247841	J558.30		84.615		True	False	True	False	False	False
ERR346596	ERR346596.247959	VHSM7.a3.93	JH2	83.505	100.000	True	False	True	False	False	False
ERR346596	ERR346596.247979	J558.64.162,J558.74.176	JH3	32.292	100.000	True	False	True	False	False	False
ERR346596	ERR346596.247984	J558.46	JH4	9.278	87.500	True	False	True	False	False	False
ERR346596	ERR346596.248022	VHSM7.a3.93	JH3	10.417	100.000	True	False	True	False	False	False
ERR346596	ERR346596.248053	J558.4	JH4	6.250	100.000	True	False	True	False	False	False
ERR346596	ERR346596.248096	J558.50	JH3	79.167	92.857	True	False	True	False	False	False
ERR346596	ERR346596.248148	J558.i	JH4	44.211	100.000	True	False	True	False	False	False
ERR346596	ERR346596.248184	J558.21pg.111,J558.25pg.115	JH3	83.505	100.000	True	False	True	False	False	False
ERR346596	ERR346596.248165	J558.h	JH4	82.292	93.750	True	False	True	False	False	False
ERR346596	ERR346596.248290	J558.h	JH4	39.583	100.000	True	False	True	False	False	False
ERR346596	ERR346596.248311	VHSM7.a3.93	JH3	8.333	100.000	True	False	True	False	False	False
ERR346596	ERR346596.248323	VHQ52.a27.79,VOx-1	JH2	15.789	100.000	True	False	True	False	False	False
ERR346596	ERR346596.248402	3:3.9,7183.7.10,VH7183.a7.10	JH2	77.320	93.333	True	False	True	False	False	False
ERR346596	ERR346596.248496	VH7183.a4.6,VHD6.96	JH4	21.649	100.000	True	False	True	False	False	False
ERR346596	ERR346596.248542	VH7183.a2.3	JH3	92.857	84.615	False	True	False	True	False	False
ERR346596	ERR346596.248557	VHQ52.a27.79	JH4	40.625	94.118	True	False	True	False	False	False
ERR346596	ERR346596.248584	J558.h	JH4	83.505	92.857	True	False	True	False	False	False
ERR346596	ERR346596.248701	J558.40	JH2	3.093	100.000	True	False	True	False	False	False
ERR346596	ERR346596.248706	J558.21pg.111,J558.25pg.115	JH3	83.505	100.000	True	False	True	False	False	False
ERR346596	ERR346596.248839	J558.3.90,J558.50		80.000		True	False	True	False	False	False
ERR346596	ERR346596.249005	J558.h	JH4	83.505	87.500	True	False	True	False	False	False
ERR346596	ERR346596.249132	VHQ52.a27.79,VOx-1	JH4	53.125	100.000	True	False	True	False	False	False
ERR346596	ERR346596.249147	J558.44	JH3	76.289	100.000	True	False	True	False	False	False
ERR346596	ERR346596.249198	J558.17	JH2	5.263	100.000	True	False	True	False	False	False
ERR346596	ERR346596.249199	VHSM7.a3.93	JH4	29.897	100.000	True	False	True	False	False	False
ERR346596	ERR346596.249209	J558.18	JH3	8.421	100.000	True	False	True	False	False	False
ERR346596	ERR346596.249226	J558.20	JH1	65.625	93.333	True	False	True	False	False	False
ERR346596	ERR346596.249240	J558.1	JH1	82.474	100.000	True	False	True	False	False	False
ERR346596	ERR346596.249263	VH7183.a4.6,VHD6.96	JH4	41.237	92.857	True	False	True	False	False	False
ERR346596	ERR346596.249376	VHQ52.a27.79,VOx-1	JH4	77.895	100.000	True	False	True	False	False	False
ERR346596	ERR346596.249359	VH7183.7b,VH7183.a7.10	JH3	92.857	69.231	False	True	False	True	False	False
ERR346596	ERR346596.249268	J558.47	JH2	8.333	100.000	True	False	True	False	False	False
ERR346596	ERR346596.249395	VHQ52.a27.79	JH3	29.787	92.857	True	False	True	False	False	False
ERR346596	ERR346596.249396	J558.19	JH2	81.250	100.000	True	False	True	False	False	False
ERR346596	ERR346596.249556	J558.64.162,J558.74.176	JH4	37.500	100.000	True	False	True	False	False	False
ERR346596	ERR346596.249487	VHSM7.a3.93	JH2	95.876	69.231	False	True	False	True	False	False
ERR346596	ERR346596.249547	J606.1.79,J606.4.82,VH22.1	JH2	71.429	100.000	True	False	True	False	False	False
ERR346596	ERR346596.249637	J558.21pg.111,J558.25pg.115	JH3	83.505	100.000	True	False	True	False	False	False
ERR346596	ERR346596.249664	J558.5	JH4	94.898	81.250	False	True	False	True	False	False
ERR346596	ERR346596.249690	VHSM7.a3.93	JH2	84.536	100.000	True	False	True	False	False	False
ERR346596	ERR346596.249679	J558.8	JH3	84.694	100.000	True	False	True	False	False	False
ERR346596	ERR346596.249781	VHA1	JH4	70.103	100.000	True	False	True	False	False	False
ERR346596	ERR346596.249858	J558.79.184	JH4	83.505	92.857	True	False	True	False	False	False
ERR346596	ERR346596.249875	VHA1	JH2	98.969	80.000	False	True	False	True	False	False
ERR346596	ERR346596.250033	VHQ52.a27.79,VOx-1	JH2	80.208	100.000	True	False	True	False	False	False
ERR346596	ERR346596.250021	VH61-1P,VH7183.a47.76	JH4	45.361	100.000	True	False	True	False	False	False
ERR346596	ERR346596.250079	J558.47	JH2	72.165	100.000	True	False	True	False	False	False
ERR346596	ERR346596.250186	J558.35	JH4	49.485	93.333	True	False	True	False	False	False
ERR346596	ERR346596.250367	Q52.1pg.2,VHQ52.a1psi.2		62.500		True	False	True	False	False	False
ERR346596	ERR346596.250368	V11,VHS107.a3.106	JH1	48.515	93.750	True	False	True	False	False	False
ERR346596	ERR346596.250460	J558.4	JH4	36.458	100.000	True	False	True	False	False	False
ERR346596	ERR346596.250526	VH36-60.a6.114	JH4	44.330	100.000	True	False	True	False	False	False
ERR346596	ERR346596.250466	VHSM7.a3.93	JH4	55.208	100.000	True	False	True	False	False	False
ERR346596	ERR346596.250897	J558.33	JH2	60.000	100.000	True	False	True	False	False	False
ERR346596	ERR346596.250918	J558.45	JH4	35.052	100.000	True	False	True	False	False	False
ERR346596	ERR346596.251016	V11,VHS107.a3.106	JH2	45.545	100.000	True	False	True	False	False	False
ERR346596	ERR346596.251043	J558.37.127	JH3	39.583	100.000	True	False	True	False	False	False
ERR346596	ERR346596.251114	J558.8	JH4	40.206	100.000	True	False	True	False	False	False
ERR346596	ERR346596.251136	J558.12	JH2	95.876	35.714	False	True	False	True	False	False
ERR346596	ERR346596.251227	VH36-60.a8.117,VH36-60.a9.121#	JH2	92.708	71.429	False	True	False	True	False	False
ERR346596	ERR346596.251310	VH7183.a46.75	JH4	8.163	100.000	True	False	True	False	False	False
ERR346596	ERR346596.251329	J558.8	JH3	84.694	100.000	True	False	True	False	False	False
ERR346596	ERR346596.251400	J558.50	JH3	84.536	100.000	True	False	True	False	False	False
ERR346596	ERR346596.251404	J558.70pg.171,J558.n	JH3	84.694	92.857	True	False	True	False	False	False
ERR346596	ERR346596.251436	VHSM7.a3.93	JH2	84.536	100.000	True	False	True	False	False	False
ERR346596	ERR346596.251703	VH7183.a7.10	JH4	59.184	100.000	True	False	True	False	False	False
ERR346596	ERR346596.251753	J558.37	JH3	12.500	100.000	True	False	True	False	False	False
ERR346596	ERR346596.251707	J558.h	JH4	32.990	100.000	True	False	True	False	False	False
ERR346596	ERR346596.251765	J558.h	JH4	81.443	87.500	True	False	True	False	False	False
ERR346596	ERR346596.251909	J558.70pg.171,J558.n	JH3	84.536	92.857	True	False	True	False	False	False
ERR346596	ERR346596.251859	7183.3pg.5,VH7183.a3psi.5		62.500		True	False	True	False	False	False
ERR346596	ERR346596.252048	J558.h	JH4	84.694	92.857	True	False	True	False	False	False
ERR346596	ERR346596.251983	J558.27pg.117,J558.38pg.128	JH3	10.417	100.000	True	False	True	False	False	False
ERR346596	ERR346596.252084	V11,VHS107.a3.106	JH2	48.000	92.857	True	False	True	False	False	False
ERR346596	ERR346596.252093	J558.h	JH4	82.292	87.500	True	False	True	False	False	False
ERR346596	ERR346596.252157	J558.50	JH3	82.653	100.000	True	False	True	False	False	False
ERR346596	ERR346596.252198	VHQ52.a23.68	JH2	69.231	100.000	True	False	True	False	False	False
ERR346596	ERR346596.252202	J558.20	JH1	5.155	93.333	True	False	True	False	False	False
ERR346596	ERR346596.252216	J558.79.184,J558.h	JH4	83.158	92.857	True	False	True	False	False	False
ERR346596	ERR346596.252254	J558.5	JH4	92.784	81.250	False	True	False	True	False	False
ERR346596	ERR346596.252484	J558.48	JH2	39.362	100.000	True	False	True	False	False	False
ERR346596	ERR346596.252536	J558.i	JH3	46.392	100.000	True	False	True	False	False	False
ERR346596	ERR346596.252503	J558.33	JH2	37.500	100.000	True	False	True	False	False	False
ERR346596	ERR346596.252656	VHQ52.a27.79,VOx-1	JH4	14.583	100.000	True	False	True	False	False	False
ERR346596	ERR346596.252666	J558.21pg.111,J558.25pg.115	JH3	70.103	100.000	True	False	True	False	False	False
ERR346596	ERR346596.252681	SM7.1.44,SM7.2.49,VHSM7.a3.93	JH2	80.000	100.000	True	False	True	False	False	False
ERR346596	ERR346596.252807	VHA1	JH2	97.959	80.000	False	True	False	True	False	False
ERR346596	ERR346596.252833	VH7183.a3psi.5		62.500		True	False	True	False	False	False
ERR346596	ERR346596.252839	J558.50	JH3	82.653	100.000	True	False	True	False	False	False
ERR346596	ERR346596.252855	Q52.3.8,VHQ52.a3.8		50.000		True	False	True	False	False	False
ERR346596	ERR346596.252851	VHQ52.a27.79	JH2	81.250	100.000	True	False	True	False	False	False
ERR346596	ERR346596.252856	VHX24.a1.84	JH3	90.909	80.000	False	True	False	True	False	False
ERR346596	ERR346596.252853	SM7.3.54	JH1,JH2,JH3	81.818	100.000	True	False	True	False	False	False
ERR346596	ERR346596.252866	VHS107.a3.106	JH1	73.267	100.000	True	False	True	False	False	False
ERR346596	ERR346596.252880	J558.20	JH3	13.402	100.000	True	False	True	False	False	False
ERR346596	ERR346596.252924	VH7183.a4.6,VHD6.96	JH4	94.845	80.000	False	True	False	True	False	False
ERR346596	ERR346596.252933	J558.50	JH3	83.505	100.000	True	False	True	False	False	False
ERR346596	ERR346596.252972	J558.1	JH4	84.536	100.000	True	False	True	False	False	False
ERR346596	ERR346596.252985	J558.24,J558.80.186		66.667		True	False	True	False	False	False
ERR346596	ERR346596.253013	J558.50	JH3	43.750	100.000	True	False	True	False	False	False
ERR346596	ERR346596.253099	MAI1,MBK2,PWK2		66.667		True	False	True	False	False	False
ERR346596	ERR346596.253030	J558.17	JH3	42.708	100.000	True	False	True	False	False	False
ERR346596	ERR346596.253202	VHQ52.a27.79	JH2	97.938	80.000	False	True	False	True	False	False
ERR346596	ERR346596.253102	VH7183.a19.31	JH2	19.588	100.000	True	False	True	False	False	False
ERR346596	ERR346596.253293	J558.21pg.111,J558.25pg.115	JH3	83.505	100.000	True	False	True	False	False	False
ERR346596	ERR346596.253182	J558.21pg.111,J558.25pg.115	JH3	83.505	100.000	True	False	True	False	False	False
ERR346596	ERR346596.253361	VHSM7.a3.93	JH3	76.042	100.000	True	False	True	False	False	False
ERR346596	ERR346596.253403	J558.54.148	JH2	24.742	93.333	True	False	True	False	False	False
ERR346596	ERR346596.253452	SM7.1.44,SM7.2.49,VHSM7.a3.93	JH2	77.778	100.000	True	False	True	False	False	False
ERR346596	ERR346596.253636	VHQ52.a17.46	JH3	8.333	100.000	True	False	True	False	False	False
ERR346596	ERR346596.253701	VHSM7.a3.93	JH4	61.458	100.000	True	False	True	False	False	False
ERR346596	ERR346596.253728	J558.50	JH3	83.673	100.000	True	False	True	False	False	False
ERR346596	ERR346596.253778	VHQ52.a22.67	JH4	6.250	100.000	True	False	True	False	False	False
ERR346596	ERR346596.253740	VHS107.a3.106	JH1	7.921	100.000	True	False	True	False	False	False
ERR346596	ERR346596.253843	VHQ52.a27.79	JH1	82.292	100.000	True	False	True	False	False	False
ERR346596	ERR346596.253811	3:3.9,7183.7.10,VH7183.7b	JH2	98.969	80.000	False	True	False	True	False	False
ERR346596	ERR346596.253933	VH36-60.a1.85	JH2	10.309	100.000	True	False	True	False	False	False
ERR346596	ERR346596.253929	J558.5	JH4	93.814	81.250	False	True	False	True	False	False
ERR346596	ERR346596.253973	J558.79.184,J558.h	JH4	83.673	100.000	True	False	True	False	False	False
ERR346596	ERR346596.254052	J558.f,VH104B	JH2	80.000	100.000	True	False	True	False	False	False
ERR346596	ERR346596.254271	VH61-1P,VH7183.a47.76	JH4	31.633	100.000	True	False	True	False	False	False
ERR346596	ERR346596.254297	Vh10.2a	JH4	92.929	82.353	False	True	False	True	False	False
ERR346596	ERR346596.254357	J558.50	JH3	84.694	100.000	True	False	True	False	False	False
ERR346596	ERR346596.254464	J558.37	JH3	42.708	100.000	True	False	True	False	False	False
ERR346596	ERR346596.254471	3:3.9,7183.7.10,VH7183.a7.10	JH2	100.000	80.000	False	True	False	True	False	False
ERR346596	ERR346596.254586	J558.35	JH4	34.021	88.235	True	False	True	False	False	False
ERR346596	ERR346596.254622	J558.83.189	JH2	93.878	69.231	False	True	False	True	False	False
ERR346596	ERR346596.254665	J558.18	JH4	60.204	100.000	True	False	True	False	False	False
ERR346596	ERR346596.254905	J558.20	JH3	30.928	100.000	True	False	True	False	False	False
ERR346596	ERR346596.254966	J558.70pg.171,J558.n	JH4	92.857	35.714	False	True	False	True	False	False
ERR346596	ERR346596.254978	J558.1	JH4	84.375	100.000	True	False	True	False	False	False
ERR346596	ERR346596.255024	VHSM7.a3.93	JH3	25.773	92.308	True	False	True	False	False	False
ERR346596	ERR346596.255037	36-60.8.74,VH36-60,VH36-60.a8.117	JH1	100.000	75.000	False	True	False	True	False	False
ERR346596	ERR346596.255165	J558.h	JH4	84.694	92.857	True	False	True	False	False	False
ERR346596	ERR346596.255182	J558.29	JH4	52.577	100.000	True	False	True	False	False	False
ERR346596	ERR346596.255333	VHSM7.a3.93	JH3	98.969	78.571	False	True	False	True	False	False
ERR346596	ERR346596.255332	VH61-1P,VH7183.a47.76	JH4	43.750	100.000	True	False	True	False	False	False
ERR346596	ERR346596.255312	J558.4	JH2	46.392	100.000	True	False	True	False	False	False
ERR346596	ERR346596.255468	J558.17	JH2	6.250	100.000	True	False	True	False	False	False
ERR346596	ERR346596.255406	J558.39	JH3	41.237	92.308	True	False	True	False	False	False
ERR346596	ERR346596.255519	J558.44	JH3	42.708	100.000	True	False	True	False	False	False
ERR346596	ERR346596.255573	VHSM7.a3.93	JH2	57.292	100.000	True	False	True	False	False	False
ERR346596	ERR346596.255697	J558.45	JH3	6.250	83.333	True	True	True	True	False	False
ERR346596	ERR346596.255666	VHQ52.a27.79	JH1	25.263	100.000	True	False	True	False	False	False
ERR346596	ERR346596.255748	VHSM7.a3.93	JH4	97.917	80.000	False	True	False	True	False	False
ERR346596	ERR346596.255725	J558.45	JH2	62.500	100.000	True	False	True	False	False	False
ERR346596	ERR346596.255777	VHSM7.a3.93	JH2	82.474	100.000	True	False	True	False	False	False
ERR346596	ERR346596.255792	VHSM7.a3.93	JH2	7.292	100.000	True	False	True	False	False	False
ERR346596	ERR346596.255857	V11,VHS107.a3.106	JH1	19.000	94.118	True	False	True	False	False	False
ERR346596	ERR346596.255939	VHQ52.a27.79	JH3	81.250	92.857	True	False	True	False	False	False
ERR346596	ERR346596.255873	V11,VHS107.a3.106	JH2	71.000	93.333	True	False	True	False	False	False
ERR346596	ERR346596.256110	VHSM7.a3.93	JH2	83.505	100.000	True	False	True	False	False	False
ERR346596	ERR346596.256233	H13-3	JH2	86.735	54.545	False	True	False	True	False	False
ERR346596	ERR346596.256464	VHSM7.a3.93	JH3	41.667	100.000	True	False	True	False	False	False
ERR346596	ERR346596.256525	J558.70pg.171,J558.n	JH4	5.208	100.000	True	False	True	False	False	False
ERR346596	ERR346596.256587	J558.44	JH1	100.000	46.667	False	True	False	True	False	False
ERR346596	ERR346596.256639	Q52.10.33,Q52.13.40,Q52.3.8		69.231		True	False	True	False	False	False
ERR346596	ERR346596.256664	VHSM7.a3.93	JH3	22.680	100.000	True	False	True	False	False	False
ERR346596	ERR346596.256685	36-60.6.70,VH36-60.a6.114	JH2	63.636	100.000	True	False	True	False	False	False
ERR346596	ERR346596.256667	J558.h	JH4	82.474	92.857	True	False	True	False	False	False
ERR346596	ERR346596.256902	VHQ52.a27.79,VOx-1	JH4	78.947	100.000	True	False	True	False	False	False
ERR346596	ERR346596.256954	VHX24.a1.84	JH3	7.216	100.000	True	False	True	False	False	False
ERR346596	ERR346596.257091	VHS107.a3.106	JH2	49.505	100.000	True	False	True	False	False	False
ERR346596	ERR346596.257063	J558.37.127	JH3	6.186	100.000	True	False	True	False	False	False
ERR346596	ERR346596.257072	VHA1	JH2	95.918	78.571	False	True	False	True	False	False
ERR346596	ERR346596.257467	J558.19	JH3	98.980	28.571	False	True	False	True	False	False
ERR346596	ERR346596.257564	S107.3.62,V11,VHS107.a2psi.82	JH1	77.778	100.000	True	False	True	False	False	False
ERR346596	ERR346596.257547	J558.19	JH4	97.959	38.462	False	True	False	True	False	False
ERR346596	ERR346596.257683	J558.50	JH3	84.536	100.000	True	False	True	False	False	False
ERR346596	ERR346596.257730	J558.54.148	JH3	12.371	91.667	True	False	True	False	False	False
ERR346596	ERR346596.257742	J558.39	JH3	14.433	100.000	True	False	True	False	False	False
ERR346596	ERR346596.257902	VH36-60.a8.117,VH36-60.a9.121#	JH2	7.216	100.000	True	False	True	False	False	False
ERR346596	ERR346596.258126	7183.3pg.5,VH7183.a3psi.5		62.500		True	False	True	False	False	False
ERR346596	ERR346596.258223	MAI1,MBK2,PWK2		66.667		True	False	True	False	False	False
ERR346596	ERR346596.258268	J558.50	JH3	51.020	100.000	True	False	True	False	False	False
ERR346596	ERR346596.258390	J558.h	JH4	84.536	100.000	True	False	True	False	False	False
ERR346596	ERR346596.258411	VHQ52.a27.79,VOx-1	JH4	54.737	100.000	True	False	True	False	False	False
ERR346596	ERR346596.258585	J558.h	JH4	82.474	100.000	True	False	True	False	False	False
ERR346596	ERR346596.258778	J558.61.157,V3	JH2	92.784	84.615	False	True	False	True	False	False
ERR346596	ERR346596.258901	VH7183.a19.31	JH2	8.247	100.000	True	False	True	False	False	False
ERR346596	ERR346596.259047	VHQ52.a27.79	JH1	80.208	100.000	True	False	True	False	False	False
ERR346596	ERR346596.259084	J558.83.189	JH2	63.542	100.000	True	False	True	False	False	False
ERR346596	ERR346596.259295	J558.64.162,J558.74.176	JH3	65.979	100.000	True	False	True	False	False	False
ERR346596	ERR346596.259405	J558.45	JH1	15.306	100.000	True	False	True	False	False	False
ERR346596	ERR346596.259476	V11,VHS107.a3.106	JH2	89.109	15.385	False	True	False	True	False	False
ERR346596	ERR346596.259464	J558.50	JH3	10.309	100.000	True	False	True	False	False	False
ERR346596	ERR346596.259636	J558.17	JH4	7.368	100.000	True	False	True	False	False	False
ERR346596	ERR346596.259664	VHSM7.a3.93	JH3	9.375	100.000	True	False	True	False	False	False
ERR346596	ERR346596.259697	VHSM7.a3.93	JH2	7.216	100.000	True	False	True	False	False	False
ERR346596	ERR346596.259841	J558.50	JH3	84.694	100.000	True	False	True	False	False	False
ERR346596	ERR346596.259878	2C8,VH11.1.48,VH11.2.53		60.000		True	False	True	False	False	False
ERR346596	ERR346596.259899	VHQ52.a27.79,VOx-1	JH4	78.947	92.857	True	False	True	False	False	False
ERR346596	ERR346596.259859	J558.49		80.000		True	False	True	False	False	False
ERR346596	ERR346596.259929	VH36-60.a1.85	JH2	44.565	100.000	True	False	True	False	False	False
ERR346596	ERR346596.259904	VH108A	JH3	38.542	100.000	True	False	True	False	False	False
ERR346596	ERR346596.259920	J558.40	JH2	90.722	83.333	False	True	False	True	False	False
ERR346596	ERR346596.260002	J558.h	JH4	35.417	100.000	True	False	True	False	False	False
ERR346596	ERR346596.260039	Q52.3.8,VHQ52.a3.8		50.000		True	False	True	False	False	False
ERR346596	ERR346596.260073	J558.5	JH4	93.878	81.250	False	True	False	True	False	False
ERR346596	ERR346596.260090	J558.45	JH1	15.306	100.000	True	False	True	False	False	False
ERR346596	ERR346596.260036	Q52.1pg.2,VHQ52.a1psi.2		62.500		True	False	True	False	False	False
ERR346596	ERR346596.260077	J558.13	JH3	70.833	100.000	True	False	True	False	False	False
ERR346596	ERR346596.260359	7183.2.3,7183.20.37,7183.8pg.14	JH2,JH3	80.000	100.000	True	False	True	False	False	False
ERR346596	ERR346596.260393	VH7183.9,VH7183.a15.24	JH1	92.857	73.333	False	True	False	True	False	False
ERR346596	ERR346596.260367	J558.h	JH4	84.536	93.750	True	False	True	False	False	False
ERR346596	ERR346596.260392	J558.70pg.171,J558.n	JH4	60.825	100.000	True	False	True	False	False	False
ERR346596	ERR346596.260295	VHS107.a3.106	JH2	26.733	100.000	True	False	True	False	False	False
ERR346596	ERR346596.260646	J558.39	JH3	49.485	100.000	True	False	True	False	False	False
ERR346596	ERR346596.260595	VH108A	JH1	14.286	100.000	True	False	True	False	False	False
ERR346596	ERR346596.260827	J558.1	JH4	84.536	100.000	True	False	True	False	False	False
ERR346596	ERR346596.260833	VHSM7.a3.93	JH2	6.186	100.000	True	False	True	False	False	False
ERR346596	ERR346596.260828	J558.1	JH4	84.375	100.000	True	False	True	False	False	False
ERR346596	ERR346596.260880	VH61-1P,VH7183.a47.76	JH4	96.939	43.750	False	True	False	True	False	False
ERR346596	ERR346596.260908	VH36-60.a2.90	JH4	94.845	82.353	False	True	False	True	False	False
ERR346596	ERR346596.261079	J558.h	JH4	83.505	92.857	True	False	True	False	False	False
ERR346596	ERR346596.261012	J558.70pg.171,J558.n	JH4	74.227	100.000	True	False	True	False	False	False
ERR346596	ERR346596.261286	J558.15	JH3	40.625	91.667	True	False	True	False	False	False
ERR346596	ERR346596.261503	J558.17	JH3	98.958	69.231	False	True	False	True	False	False
ERR346596	ERR346596.261540	VHSM7.a3.93	JH3	81.633	92.857	True	False	True	False	False	False
ERR346596	ERR346596.261523	J558.5	JH2	91.753	78.571	False	True	False	True	False	False
ERR346596	ERR346596.261551	VH36-60.a2.90	JH4	93.814	82.353	False	True	False	True	False	False
ERR346596	ERR346596.261590	VHSM7.a3.93	JH2	83.505	100.000	True	False	True	False	False	False
ERR346596	ERR346596.261776	VHQ52.a27.79	JH1	54.167	100.000	True	False	True	False	False	False
ERR346596	ERR346596.261819	J558.13	JH3	84.536	100.000	True	False	True	False	False	False
ERR346596	ERR346596.261893	VHSM7.a3.93	JH4	46.392	92.857	True	False	True	False	False	False
ERR346596	ERR346596.262007	J558.2	JH3	13.402	71.429	True	True	True	True	False	False
ERR346596	ERR346596.261978	VH36-60.a2.90	JH4	4.124	100.000	True	False	True	False	False	False
ERR346596	ERR346596.262030	J558.45	JH2	83.505	92.857	True	False	True	False	False	False
ERR346596	ERR346596.262042	V11,VHS107.a3.106	JH1	40.000	100.000	True	False	True	False	False	False
ERR346596	ERR346596.262141	VH7183.a7.10	JH4	6.186	92.308	True	False	True	False	False	False
ERR346596	ERR346596.262218	J558.h	JH4	82.474	100.000	True	False	True	False	False	False
ERR346596	ERR346596.262231	J558.33	JH3	14.583	92.857	True	False	True	False	False	False
ERR346596	ERR346596.262311	VH7183.a4.6,VHD6.96	JH4	96.939	40.000	False	True	False	True	False	False
ERR346596	ERR346596.262350	J558.50	JH3	82.474	100.000	True	False	True	False	False	False
ERR346596	ERR346596.262373	J558.38pg.128	JH3	12.371	85.714	True	False	True	False	False	False
ERR346596	ERR346596.262402	VH7183.7b	JH4	15.306	100.000	True	False	True	False	False	False
ERR346596	ERR346596.262444	Q52.12pg.39,VHQ52.a26psi.78		66.667		True	False	True	False	False	False
ERR346596	ERR346596.262422	J558.h	JH2	98.980	50.000	False	True	False	True	False	False
ERR346596	ERR346596.262469	J558.70pg.171,J558.n	JH4	91.837	43.750	False	True	False	True	False	False
ERR346596	ERR346596.262484	VH36-60.a7psi.116		50.000		True	False	True	False	False	False
ERR346596	ERR346596.262467	VHS107.a3.106	JH1	52.475	100.000	True	False	True	False	False	False
ERR346596	ERR346596.262520	J558.h	JH4	83.505	93.750	True	False	True	False	False	False
ERR346596	ERR346596.262598	J558.17	JH2	52.632	92.308	True	False	True	False	False	False
ERR346596	ERR346596.262619	VHSM7.a3.93	JH3	98.958	57.143	False	True	False	True	False	False
ERR346596	ERR346596.262802	J558.5	JH4	94.898	81.250	False	True	False	True	False	False
ERR346596	ERR346596.262780	Q52.3.8,VHQ52.a3.8		50.000		True	False	True	False	False	False
ERR346596	ERR346596.262847	J558.50	JH3	84.536	100.000	True	False	True	False	False	False
ERR346596	ERR346596.262919	J558.5	JH4	92.857	81.250	False	True	False	True	False	False
ERR346596	ERR346596.262857	VHSM7.a3.93	JH3	57.732	100.000	True	False	True	False	False	False
ERR346596	ERR346596.262956	VHSM7.a4.108	JH2	19.792	100.000	True	False	True	False	False	False
ERR346596	ERR346596.262931	Q52.1pg.2,VHQ52.a1psi.2		62.500		True	False	True	False	False	False
ERR346596	ERR346596.263120	VH7183.a4.6,VHD6.96	JH4	62.500	100.000	True	False	True	False	False	False
ERR346596	ERR346596.263383	J558.h	JH4	84.375	87.500	True	False	True	False	False	False
ERR346596	ERR346596.263425	J606.4.82		50.000		True	False	True	False	False	False
ERR346596	ERR346596.263526	8-21		50.000		True	False	True	False	False	False
ERR346596	ERR346596.263605	J558.h	JH4	83.505	100.000	True	False	True	False	False	False
ERR346596	ERR346596.263606	J558.8	JH3	82.653	100.000	True	False	True	False	False	False
ERR346596	ERR346596.263642	VHA1	JH4	53.608	100.000	True	False	True	False	False	False
ERR346596	ERR346596.263816	VHSM7.a3.93	JH3	27.083	100.000	True	False	True	False	False	False
ERR346596	ERR346596.263903	VH7183.a4.6,VHD6.96	JH3	73.469	84.615	True	True	True	True	False	False
ERR346596	ERR346596.263953	J558.39	JH3	55.670	100.000	True	False	True	False	False	False
ERR346596	ERR346596.264036	VHQ52.a22.67	JH1	80.208	100.000	True	False	True	False	False	False
ERR346596	ERR346596.264136	Q52.3.8,VHQ52.a3.8	JH4	81.250	100.000	True	False	True	False	False	False
ERR346596	ERR346596.264205	J558.2	JH3	89.583	84.615	False	True	False	True	False	False
ERR346596	ERR346596.264273	VHSM7.a3.93	JH2	7.216	100.000	True	False	True	False	False	False
ERR346596	ERR346596.264383	J558.21pg.111,J558.25pg.115	JH3	83.505	100.000	True	False	True	False	False	False
ERR346596	ERR346596.264440	VHSM7.a3.93	JH3	7.216	100.000	True	False	True	False	False	False
ERR346596	ERR346596.264393	VHSM7.a3.93	JH3	59.794	100.000	True	False	True	False	False	False
ERR346596	ERR346596.264502	J558.5	JH4	94.898	81.250	False	True	False	True	False	False
ERR346596	ERR346596.264525	VHS107.a3.106	JH1	31.683	100.000	True	False	True	False	False	False
ERR346596	ERR346596.264445	J558.29	JH4	68.041	100.000	True	False	True	False	False	False
ERR346596	ERR346596.264486	J558.h	JH4	83.505	92.857	True	False	True	False	False	False
ERR346596	ERR346596.264647	VH7183.a19.31	JH4	16.495	94.118	True	False	True	False	False	False
ERR346596	ERR346596.264605	J558.8	JH3	84.694	100.000	True	False	True	False	False	False
ERR346596	ERR346596.264702	J558.h	JH4	4.211	100.000	True	False	True	False	False	False
ERR346596	ERR346596.264808	J558.32	JH2	83.333	92.857	True	False	True	False	False	False
ERR346596	ERR346596.264852	J558.h	JH4	82.979	81.250	True	True	True	True	False	False
ERR346596	ERR346596.264860	VHQ52.a27.79,VOx-1	JH4	79.167	92.857	True	False	True	False	False	False
ERR346596	ERR346596.264883	J558.17	JH3	95.789	33.333	False	True	False	True	False	False
ERR346596	ERR346596.264932	J558.45	JH4	92.708	82.353	False	True	False	True	False	False
ERR346596	ERR346596.265134	VHSM7.a3.93	JH3	22.680	100.000	True	False	True	False	False	False
ERR346596	ERR346596.265135	VHQ52.a27.79	JH2	53.125	100.000	True	False	True	False	False	False
ERR346596	ERR346596.265116	VHSM7.a3.93	JH3	100.000	30.769	False	True	False	True	False	False
ERR346596	ERR346596.265308	VH36-60.a2.90	JH2	60.417	100.000	True	False	True	False	False	False
ERR346596	ERR346596.265323	J558.39	JH3	32.979	100.000	True	False	True	False	False	False
ERR346596	ERR346596.265309	J558.f,VH104B	JH2	80.000	100.000	True	False	True	False	False	False
ERR346596	ERR346596.265403	J558.20	JH3	96.907	28.571	False	True	False	True	False	False
ERR346596	ERR346596.265432	J558.h	JH4	84.536	100.000	True	False	True	False	False	False
ERR346596	ERR346596.265453	VHSM7.a3.93	JH1	32.990	100.000	True	False	True	False	False	False
ERR346596	ERR346596.265580	Q52.1pg.2,VHQ52.a1psi.2		62.500		True	False	True	False	False	False
ERR346596	ERR346596.265624	J558.50	JH3	83.673	100.000	True	False	True	False	False	False
ERR346596	ERR346596.265646	J558.45	JH4	66.667	100.000	True	False	True	False	False	False
ERR346596	ERR346596.265812	VHX24.a1.84	JH3	18.367	93.333	True	False	True	False	False	False
ERR346596	ERR346596.265838	J558.89pg.195	JH3	60.825	100.000	True	False	True	False	False	False
ERR346596	ERR346596.265746	VHSM7.a3.93	JH2	16.495	100.000	True	False	True	False	False	False
ERR346596	ERR346596.265995	VHQ52.a27.79	JH2	56.701	100.000	True	False	True	False	False	False
ERR346596	ERR346596.266045	VHSM7.a3.93	JH4	93.814	66.667	False	True	False	True	False	False
ERR346596	ERR346596.266048	VHQ52.a27.79,VOx-1	JH4	10.417	100.000	True	False	True	False	False	False
ERR346596	ERR346596.266056	VH7183.a7.10	JH4	7.143	100.000	True	False	True	False	False	False
ERR346596	ERR346596.266088	VH7183.a7.10	JH4	27.551	100.000	True	False	True	False	False	False
ERR346596	ERR346596.266175	VHQ52.a27.79,VOx-1	JH4	9.375	100.000	True	False	True	False	False	False
ERR346596	ERR346596.266181	VHQ52.a27.79	JH1	72.917	100.000	True	False	True	False	False	False
ERR346596	ERR346596.266151	J558.17	JH3	26.042	100.000	True	False	True	False	False	False
ERR346596	ERR346596.266246	VH7183.a46.75	JH4	7.143	100.000	True	False	True	False	False	False
ERR346596	ERR346596.266169	J558.55.149	JH2	8.333	100.000	True	False	True	False	False	False
ERR346596	ERR346596.266185	J558.18A,J558.54,J558.83.189		50.000		True	False	True	False	False	False
ERR346596	ERR346596.266291	J558.83.189	JH4	57.447	100.000	True	False	True	False	False	False
ERR346596	ERR346596.266326	VHQ52.a27.79	JH1	81.250	100.000	True	False	True	False	False	False
ERR346596	ERR346596.266337	J558.54.148	JH3	92.857	83.333	False	True	False	True	False	False
ERR346596	ERR346596.266395	VHQ52.a27.79	JH2	89.583	57.143	False	True	False	True	False	False
ERR346596	ERR346596.266377	VHX24.a1.84	JH3	92.857	80.000	False	True	False	True	False	False
ERR346596	ERR346596.266483	Q52.3.8,VHQ52.a3.8	JH2	81.250	100.000	True	False	True	False	False	False
ERR346596	ERR346596.266376	J558.h	JH3	84.694	100.000	True	False	True	False	False	False
ERR346596	ERR346596.266671	J558.h	JH4	83.673	100.000	True	False	True	False	False	False
ERR346596	ERR346596.266665	J558.h	JH4	82.653	92.857	True	False	True	False	False	False
ERR346596	ERR346596.266681	J558.17	JH3	91.579	42.857	False	True	False	True	False	False
ERR346596	ERR346596.266640	VHSM7.a3.93	JH3	100.000	38.462	False	True	False	True	False	False
ERR346596	ERR346596.266724	J558.50	JH3	82.653	100.000	True	False	True	False	False	False
ERR346596	ERR346596.266717	J558.45	JH3	83.505	100.000	True	False	True	False	False	False
ERR346596	ERR346596.266787	SM7.1.44,SM7.2.49,SM7.3.54		81.818		True	False	True	False	False	False
ERR346596	ERR346596.267034	J558.h	JH4	82.105	100.000	True	False	True	False	False	False
ERR346596	ERR346596.267072	VHSM7.a3.93	JH4	94.845	80.000	False	True	False	True	False	False
ERR346596	ERR346596.267116	VHSM7.a3.93	JH2	7.292	100.000	True	False	True	False	False	False
ERR346596	ERR346596.267111	VHQ52.a27.79	JH1	31.250	100.000	True	False	True	False	False	False
ERR346596	ERR346596.267165	J558.77.180,V102,VH124	JH4	84.375	100.000	True	False	True	False	False	False
ERR346596	ERR346596.267140	V11,VHS107.a3.106	JH2	87.129	78.571	False	True	False	True	False	False
ERR346596	ERR346596.267299	J558.48	JH2	7.368	100.000	True	False	True	False	False	False
ERR346596	ERR346596.267357	J558.50	JH3	84.536	92.857	True	False	True	False	False	False
ERR346596	ERR346596.267429	J558.45	JH4	85.106	82.353	False	True	False	True	False	False
ERR346596	ERR346596.267727	J558.h	JH4	83.505	100.000	True	False	True	False	False	False
ERR346596	ERR346596.267767	J558.64.162,J558.74.176	JH3	56.701	100.000	True	False	True	False	False	False
ERR346596	ERR346596.267842	VH7183.a28.48	JH4	19.388	100.000	True	False	True	False	False	False
ERR346596	ERR346596.267844	V11,VHS107.a3.106	JH1	49.000	100.000	True	False	True	False	False	False
ERR346596	ERR346596.267955	VHQ52.a27.79,VOx-1	JH4	50.000	100.000	True	False	True	False	False	False
ERR346596	ERR346596.267993	VHQ52.a27.79,VOx-1	JH4	32.632	100.000	True	False	True	False	False	False
ERR346596	ERR346596.268001	J558.29	JH4	63.830	100.000	True	False	True	False	False	False
ERR346596	ERR346596.267990	VHS107.a3.106	JH1	48.515	100.000	True	False	True	False	False	False
ERR346596	ERR346596.267995	J558.4.93,J558.45	JH3	84.694	86.667	True	False	True	False	False	False
ERR346596	ERR346596.268057	J558.50	JH3	83.505	100.000	True	False	True	False	False	False
ERR346596	ERR346596.268047	Vh10.2a	JH4	42.424	94.118	True	False	True	False	False	False
ERR346596	ERR346596.268088	VHSM7.a4.108	JH3	63.158	100.000	True	False	True	False	False	False
ERR346596	ERR346596.268188	J558.50	JH3	84.536	100.000	True	False	True	False	False	False
ERR346596	ERR346596.268207	VHQ52.a27.79,VOx-1	JH4	92.632	57.143	False	True	False	True	False	False
ERR346596	ERR346596.268171	J558.19	JH2	32.653	100.000	True	False	True	False	False	False
ERR346596	ERR346596.268407	J558.50	JH3	83.505	100.000	True	False	True	False	False	False
ERR346596	ERR346596.268381	J558.5	JH4	94.898	81.250	False	True	False	True	False	False
ERR346596	ERR346596.268452	J558.1.85	JH2,JH3	75.000	100.000	True	False	True	False	False	False
ERR346596	ERR346596.268474	J558.8	JH3	84.694	100.000	True	False	True	False	False	False
ERR346596	ERR346596.268472	J558.5	JH2	91.753	78.571	False	True	False	True	False	False
ERR346596	ERR346596.268475	VHQ52.a27.79	JH1	82.474	100.000	True	False	True	False	False	False
ERR346596	ERR346596.268500	VHQ52.a27.79,VOx-1	JH4	81.250	100.000	True	False	True	False	False	False
ERR346596	ERR346596.268499	J558.h	JH4	83.505	100.000	True	False	True	False	False	False
ERR346596	ERR346596.268595	H13-3	JH2	27.083	100.000	True	False	True	False	False	False
ERR346596	ERR346596.268606	J558.50	JH3	83.505	100.000	True	False	True	False	False	False
ERR346596	ERR346596.268641	J558.50	JH3	84.536	100.000	True	False	True	False	False	False
ERR346596	ERR346596.268714	J558.47	JH1	97.938	50.000	False	True	False	True	False	False
ERR346596	ERR346596.268703	J558.k	JH3	80.000	100.000	True	False	True	False	False	False
ERR346596	ERR346596.268738	H13-3	JH3	90.816	80.000	False	True	False	True	False	False
ERR346596	ERR346596.268809	J558.k	JH4	83.673	100.000	True	False	True	False	False	False
ERR346596	ERR346596.268966	H13-3	JH3	76.596	92.308	True	False	True	False	False	False
ERR346596	ERR346596.268993	VH7183.a4.6,VHD6.96	JH4	52.041	93.333	True	False	True	False	False	False
ERR346596	ERR346596.269075	J558.18A,J558.54,J558.83.189	JH1	50.000	100.000	True	False	True	False	False	False
ERR346596	ERR346596.269262	J558.45	JH4	89.583	82.353	False	True	False	True	False	False
ERR346596	ERR346596.269316	J558.47	JH2	25.773	100.000	True	False	True	False	False	False
ERR346596	ERR346596.269417	J558.70pg.171,J558.n	JH3	83.505	100.000	True	False	True	False	False	False
ERR346596	ERR346596.269448	VHS107.a3.106	JH2	50.000	100.000	True	False	True	False	False	False
ERR346596	ERR346596.269546	J558.5	JH4	93.878	81.250	False	True	False	True	False	False
ERR346596	ERR346596.269556	VHS107.a3.106	JH1	49.505	100.000	True	False	True	False	False	False
ERR346596	ERR346596.269703	VHA1	JH2	42.708	100.000	True	False	True	False	False	False
ERR346596	ERR346596.269719	VH7183.a4.6,VHD6.96	JH4	7.143	100.000	True	False	True	False	False	False
ERR346596	ERR346596.269855	VHQ52.a27.79	JH1	96.875	46.667	False	True	False	True	False	False
ERR346596	ERR346596.269877	VHQ52.a27.79,VOx-1	JH4	83.333	100.000	True	False	True	False	False	False
ERR346596	ERR346596.269888	VHSM7.a3.93	JH2	52.083	100.000	True	False	True	False	False	False
ERR346596	ERR346596.269854	J558.33	JH3	8.333	100.000	True	False	True	False	False	False
ERR346596	ERR346596.269898	J558.48,J558.k	JH2,JH3	70.000	100.000	True	False	True	False	False	False
ERR346596	ERR346596.270019	VHQ52.a27.79,VOx-1	JH4	27.368	100.000	True	False	True	False	False	False
ERR346596	ERR346596.270142	VHQ52.a27.79	JH1	45.833	100.000	True	False	True	False	False	False
ERR346596	ERR346596.270185	J558.19	JH2	7.216	100.000	True	False	True	False	False	False
ERR346596	ERR346596.270238	VH7183.a4.6,VHD6.96	JH4	9.278	100.000	True	False	True	False	False	False
ERR346596	ERR346596.270429	VHA1	JH2	98.980	66.667	False	True	False	True	False	False
ERR346596	ERR346596.270400	VHSM7.a3.93	JH2	67.010	100.000	True	False	True	False	False	False
ERR346596	ERR346596.270455	J558.54.148	JH3	64.286	91.667	True	False	True	False	False	False
ERR346596	ERR346596.270587	J558.64.162,J558.74.176	JH3	70.103	100.000	True	False	True	False	False	False
ERR346596	ERR346596.270592	J558.33	JH4	92.857	81.250	False	True	False	True	False	False
ERR346596	ERR346596.270631	J558.29	JH4	31.959	100.000	True	False	True	False	False	False
ERR346596	ERR346596.270630	J558.5	JH4	59.375	81.250	True	True	True	True	False	False
ERR346596	ERR346596.270727	J558.50	JH3	84.536	100.000	True	False	True	False	False	False
ERR346596	ERR346596.270738	J558.41pg.131	JH2,JH3	83.333	100.000	True	False	True	False	False	False
ERR346596	ERR346596.270776	J558.1	JH1	83.333	100.000	True	False	True	False	False	False
ERR346596	ERR346596.270818	VHQ52.a22.67	JH1	31.250	100.000	True	False	True	False	False	False
ERR346596	ERR346596.270791	J558.h	JH2	84.536	100.000	True	False	True	False	False	False
ERR346596	ERR346596.270870	J558.f	JH1	8.247	100.000	True	False	True	False	False	False
ERR346596	ERR346596.270932	J558.39	JH3	83.505	92.857	True	False	True	False	False	False
ERR346596	ERR346596.271026	J558.13	JH3	37.500	100.000	True	False	True	False	False	False
ERR346596	ERR346596.270968	VHA1	JH2	98.980	80.000	False	True	False	True	False	False
ERR346596	ERR346596.271036	VH36-60.a1.85	JH2	5.155	100.000	True	False	True	False	False	False
ERR346596	ERR346596.271061	VHSM7.a3.93	JH2	11.340	100.000	True	False	True	False	False	False
ERR346596	ERR346596.271069	J558.k	JH3,JH4	75.000	100.000	True	False	True	False	False	False
ERR346596	ERR346596.271014	VH36-60.a6.114	JH4	95.876	66.667	False	True	False	True	False	False
ERR346596	ERR346596.271163	VHQ52.a27.79	JH4	55.208	100.000	True	False	True	False	False	False
ERR346596	ERR346596.271279	J558.h	JH4	82.474	92.857	True	False	True	False	False	False
ERR346596	ERR346596.271266	VHQ52.a27.79	JH1	90.625	62.500	False	True	False	True	False	False
ERR346596	ERR346596.271312	J558.46	JH4	42.268	93.750	True	False	True	False	False	False
ERR346596	ERR346596.271449	VHQ52.a27.79,VOx-1	JH2	11.340	100.000	True	False	True	False	False	False
ERR346596	ERR346596.271416	J558.50	JH3	83.505	92.857	True	False	True	False	False	False
ERR346596	ERR346596.271527	J558.19	JH4	10.309	100.000	True	False	True	False	False	False
ERR346596	ERR346596.271628	VHSM7.a3.93	JH2	84.536	100.000	True	False	True	False	False	False
ERR346596	ERR346596.271650	J558.83.189	JH4	52.041	100.000	True	False	True	False	False	False
ERR346596	ERR346596.271843	J558.8	JH3	6.250	100.000	True	False	True	False	False	False
ERR346596	ERR346596.272141	J558.55.149	JH2	64.948	100.000	True	False	True	False	False	False
ERR346596	ERR346596.272210	J558.8	JH3	84.536	100.000	True	False	True	False	False	False
ERR346596	ERR346596.272287	J558.h	JH4	84.694	100.000	True	False	True	False	False	False
ERR346596	ERR346596.272314	J558.h	JH4	82.653	100.000	True	False	True	False	False	False
ERR346596	ERR346596.272399	gu33		66.667		True	False	True	False	False	False
ERR346596	ERR346596.272478	J558.h	JH4	82.474	92.857	True	False	True	False	False	False
ERR346596	ERR346596.272526	VHQ52.a27.79,VOx-1	JH4	52.632	100.000	True	False	True	False	False	False
ERR346596	ERR346596.272593	VHQ52.a27.79,VOx-1	JH4	72.917	100.000	True	False	True	False	False	False
ERR346596	ERR346596.272605	V102	JH2	82.292	100.000	True	False	True	False	False	False
ERR346596	ERR346596.272632	VHA1	JH4	100.000	40.000	False	True	False	True	False	False
ERR346596	ERR346596.272579	VHQ52.a27.79	JH2	81.250	100.000	True	False	True	False	False	False
ERR346596	ERR346596.272771	VHQ52.a27.79,VOx-1	JH4	30.208	100.000	True	False	True	False	False	False
ERR346596	ERR346596.272779	VH36-60.a8.117,VH36-60.a9.121#	JH2	93.684	42.857	False	True	False	True	False	False
ERR346596	ERR346596.272994	J558.h	JH4	47.423	100.000	True	False	True	False	False	False
ERR346596	ERR346596.272884	VHX24.a1.84	JH3	72.414	100.000	True	False	True	False	False	False
ERR346596	ERR346596.273104	J606.4.82		50.000		True	False	True	False	False	False
ERR346596	ERR346596.273154	J558.h	JH4	84.536	93.750	True	False	True	False	False	False
ERR346596	ERR346596.273169	J558.17	JH2	77.895	92.857	True	False	True	False	False	False
ERR346596	ERR346596.273293	Q52.3.8,VHQ52.a3.8	JH3	79.570	93.333	True	False	True	False	False	False
ERR346596	ERR346596.273333	VHQ52.a27.79,VOx-1	JH2	79.381	100.000	True	False	True	False	False	False
ERR346596	ERR346596.273315	VHA1	JH2	98.980	80.000	False	True	False	True	False	False
ERR346596	ERR346596.273468	H13-3	JH2	68.041	100.000	True	False	True	False	False	False
ERR346596	ERR346596.273539	SM7.1.44,SM7.2.49,VHSM7.a3.93	JH2	80.000	100.000	True	False	True	False	False	False
ERR346596	ERR346596.273653	VHQ52.a12.33	JH3	31.959	100.000	True	False	True	False	False	False
ERR346596	ERR346596.273597	VHQ52.a27.79,VOx-1	JH4	7.368	100.000	True	False	True	False	False	False
ERR346596	ERR346596.273678	J558.47	JH2	89.583	84.615	False	True	False	True	False	False
ERR346596	ERR346596.273855	VH7183.a4.6,VHD6.96	JH4	64.948	92.857	True	False	True	False	False	False
ERR346596	ERR346596.274012	VHQ52.a22.67	JH2	78.125	100.000	True	False	True	False	False	False
ERR346596	ERR346596.274100	J558.5	JH2	90.722	78.571	False	True	False	True	False	False
ERR346596	ERR346596.274114	VHQ52.a27.79	JH1	8.333	100.000	True	False	True	False	False	False
ERR346596	ERR346596.274157	J558.50	JH3	83.333	100.000	True	False	True	False	False	False
ERR346596	ERR346596.274152	VHQ52.a27.79	JH1	7.292	100.000	True	False	True	False	False	False
ERR346596	ERR346596.274138	J558.64.162,J558.74.176	JH3	10.417	100.000	True	False	True	False	False	False
ERR346596	ERR346596.274243	VHQ52.a27.79	JH1	81.250	100.000	True	False	True	False	False	False
ERR346596	ERR346596.274372	VHSM7.a3.93	JH2	7.216	100.000	True	False	True	False	False	False
ERR346596	ERR346596.274505	J558.50	JH3	82.653	100.000	True	False	True	False	False	False
ERR346596	ERR346596.274513	VH15B	JH4	91.919	60.000	False	True	False	True	False	False
ERR346596	ERR346596.274573	J558.50	JH4	82.292	100.000	True	False	True	False	False	False
ERR346596	ERR346596.274585	VHX24.a1.84	JH3	71.134	100.000	True	False	True	False	False	False
ERR346596	ERR346596.274672	J558.19	JH2	23.958	100.000	True	False	True	False	False	False
ERR346596	ERR346596.274696	J558.64.162,J558.74.176	JH3	44.792	100.000	True	False	True	False	False	False
ERR346596	ERR346596.274706	J558.29	JH2	36.458	100.000	True	False	True	False	False	False
ERR346596	ERR346596.274708	J558.20	JH2	26.804	100.000	True	False	True	False	False	False
ERR346596	ERR346596.274780	VHS107.a3.106	JH1	49.505	100.000	True	False	True	False	False	False
ERR346596	ERR346596.274831	J558.f	JH1	10.309	100.000	True	False	True	False	False	False
ERR346596	ERR346596.274849	J558.20	JH1	28.866	93.333	True	False	True	False	False	False
ERR346596	ERR346596.274880	V11,VHS107.a3.106	JH1	47.000	100.000	True	False	True	False	False	False
ERR346596	ERR346596.274893	J558.1.85	JH3	15.686	93.333	True	False	True	False	False	False
ERR346596	ERR346596.274916	VHQ52.a27.79	JH1	40.625	100.000	True	False	True	False	False	False
ERR346596	ERR346596.274924	SM7.1.44,SM7.2.49,SM7.3.54		77.778		True	False	True	False	False	False
ERR346596	ERR346596.275058	J558.50	JH3	84.536	100.000	True	False	True	False	False	False
ERR346596	ERR346596.275125	J558.h	JH3	84.536	100.000	True	False	True	False	False	False
ERR346596	ERR346596.275308	VHSM7.a3.93	JH4	58.763	100.000	True	False	True	False	False	False
ERR346596	ERR346596.275262	VHA1	JH2	96.939	80.000	False	True	False	True	False	False
ERR346596	ERR346596.275365	J558.37		84.706		True	False	True	False	False	False
ERR346596	ERR346596.275487	VHX24.a1.84	JH3	49.485	100.000	True	False	True	False	False	False
ERR346596	ERR346596.275518	VHSM7.a3.93	JH2	84.375	100.000	True	False	True	False	False	False
ERR346596	ERR346596.275576	J558.11	JH1	4.211	100.000	True	False	True	False	False	False
ERR346596	ERR346596.275562	J558.64.162,J558.74.176	JH3	53.061	100.000	True	False	True	False	False	False
ERR346596	ERR346596.275611	J558.50	JH3	82.653	100.000	True	False	True	False	False	False
ERR346596	ERR346596.275771	J558.l	JH4	54.167	93.750	True	False	True	False	False	False
ERR346596	ERR346596.275856	VHSM7.a3.93	JH2	8.333	100.000	True	False	True	False	False	False
ERR346596	ERR346596.275842	J558.37,J558.38,J558.39		80.000		True	False	True	False	False	False
ERR346596	ERR346596.275864	H13-3	JH2	50.000	100.000	True	False	True	False	False	False
ERR346596	ERR346596.276106	J558.h	JH4	81.443	92.857	True	False	True	False	False	False
ERR346596	ERR346596.276078	VHQ52.a27.79	JH4	29.167	100.000	True	False	True	False	False	False
ERR346596	ERR346596.276072	VHX24.a1.84	JH3	80.208	92.857	True	False	True	False	False	False
ERR346596	ERR346596.276159	VHSM7.a3.93		82.292		True	False	True	False	False	False
ERR346596	ERR346596.276200	J558.1.85,J558.19,J558.45		77.778		True	False	True	False	False	False
ERR346596	ERR346596.276208	J558.8	JH2	51.546	100.000	True	False	True	False	False	False
ERR346596	ERR346596.276243	VHSM7.a3.93	JH2	83.505	100.000	True	False	True	False	False	False
ERR346596	ERR346596.276342	VHQ52.a24.72	JH3	5.208	93.333	True	False	True	False	False	False
ERR346596	ERR346596.276420	J558.h	JH4	39.583	92.857	True	False	True	False	False	False
ERR346596	ERR346596.276429	J558.35	JH4	40.625	100.000	True	False	True	False	False	False
ERR346596	ERR346596.276475	J558.54.148	JH2	16.495	93.333	True	False	True	False	False	False
ERR346596	ERR346596.276555	J558.17	JH3	15.789	100.000	True	False	True	False	False	False
ERR346596	ERR346596.276572	VH36-60.a2.90	JH4	96.875	82.353	False	True	False	True	False	False
ERR346596	ERR346596.276590	VH36-60.a2.90	JH2	42.268	100.000	True	False	True	False	False	False
ERR346596	ERR346596.276607	VHSM7.a4.108	JH4	83.158	100.000	True	False	True	False	False	False
ERR346596	ERR346596.276702	J558.17	JH3	4.494	100.000	True	False	True	False	False	False
ERR346596	ERR346596.276778	VHSM7.a3.93	JH3	18.557	100.000	True	False	True	False	False	False
ERR346596	ERR346596.276824	VHS107.a3.106	JH2	99.010	84.615	False	True	False	True	False	False
ERR346596	ERR346596.276878	VHSM7.a3.93	JH3	8.333	100.000	True	False	True	False	False	False
ERR346596	ERR346596.276955	J558.50	JH3	84.783	92.857	True	False	True	False	False	False
ERR346596	ERR346596.277030	SM7.3.54	JH1,JH2,JH3	81.818	100.000	True	False	True	False	False	False
ERR346596	ERR346596.277040	VHA1	JH4	62.887	100.000	True	False	True	False	False	False
ERR346596	ERR346596.277101	J558.h	JH4	82.653	92.857	True	False	True	False	False	False
ERR346596	ERR346596.276995	J558.34.124	JH1	8.333	93.750	True	False	True	False	False	False
ERR346596	ERR346596.277085	VHX24.a1.84	JH3	90.816	72.727	False	True	False	True	False	False
ERR346596	ERR346596.277133	VH61-1P,VH7183.a47.76	JH4	35.417	100.000	True	False	True	False	False	False
ERR346596	ERR346596.277279	J558.h	JH4	85.567	73.333	False	True	False	True	False	False
ERR346596	ERR346596.277376	VHQ52.a27.79,VOx-1	JH4	69.474	100.000	True	False	True	False	False	False
ERR346596	ERR346596.277323	J558.17	JH3	68.750	100.000	True	False	True	False	False	False
ERR346596	ERR346596.277449	J558.5	JH4	94.898	75.000	False	True	False	True	False	False
ERR346596	ERR346596.277454	J558.h	JH4	83.505	100.000	True	False	True	False	False	False
ERR346596	ERR346596.277511	J558.50	JH3	7.216	100.000	True	False	True	False	False	False
ERR346596	ERR346596.277607	VH36-60.a2.90	JH3	5.208	100.000	True	False	True	False	False	False
ERR346596	ERR346596.277615	J558.24,J558.80.186		66.667		True	False	True	False	False	False
ERR346596	ERR346596.277653	J558.64.162,J558.74.176	JH3	9.278	93.333	True	False	True	False	False	False
ERR346596	ERR346596.277651	VHX24.a1.84	JH3	75.258	100.000	True	False	True	False	False	False
ERR346596	ERR346596.277678	J558.h	JH4	81.443	100.000	True	False	True	False	False	False
ERR346596	ERR346596.277806	VHSM7.a3.93	JH3	11.340	100.000	True	False	True	False	False	False
ERR346596	ERR346596.277857	VHSM7.a3.93	JH2	30.612	100.000	True	False	True	False	False	False
ERR346596	ERR346596.278077	V11,VHS107.a3.106	JH1	64.000	93.750	True	False	True	False	False	False
ERR346596	ERR346596.278152	J558.h	JH4	84.536	93.750	True	False	True	False	False	False
ERR346596	ERR346596.278263	SM7.1.44,SM7.2.49,VHSM7.a3.93	JH2	77.778	100.000	True	False	True	False	False	False
ERR346596	ERR346596.278283	VHS107.a3.106	JH1	43.564	100.000	True	False	True	False	False	False
ERR346596	ERR346596.278255	J558.24,J558.80.186		66.667		True	False	True	False	False	False
ERR346596	ERR346596.278345	VH7183.a4.6,VHD6.96	JH4	93.814	57.143	False	True	False	True	False	False
ERR346596	ERR346596.278405	VHQ52.a27.79,VOx-1	JH4	77.895	100.000	True	False	True	False	False	False
ERR346596	ERR346596.278378	VHSM7.a3.93	JH3	7.292	100.000	True	False	True	False	False	False
ERR346596	ERR346596.278330	J558.83.189	JH2	84.375	100.000	True	False	True	False	False	False
ERR346596	ERR346596.278407	VH36-60.a2.90	JH2	64.516	100.000	True	False	True	False	False	False
ERR346596	ERR346596.278477	J558.50	JH3	83.333	100.000	True	False	True	False	False	False
ERR346596	ERR346596.278510	VHQ52.a27.79	JH4	27.083	100.000	True	False	True	False	False	False
ERR346596	ERR346596.278677	J558.h	JH4	83.505	100.000	True	False	True	False	False	False
ERR346596	ERR346596.278751	V11,VHS107.a3.106	JH1	49.505	100.000	True	False	True	False	False	False
ERR346596	ERR346596.278781	VHSM7.a3.93	JH3	72.917	92.308	True	False	True	False	False	False
ERR346596	ERR346596.278846	J558.45	JH4	45.833	100.000	True	False	True	False	False	False
ERR346596	ERR346596.278847	J558.50	JH3	84.694	100.000	True	False	True	False	False	False
ERR346596	ERR346596.278888	J558.83.189	JH4	67.010	100.000	True	False	True	False	False	False
ERR346596	ERR346596.279008	V11,VHS107.a3.106	JH1	57.000	100.000	True	False	True	False	False	False
ERR346596	ERR346596.279003	J558.83.189	JH2	84.536	64.286	True	True	True	True	False	False
ERR346596	ERR346596.279154	J558.h	JH4	32.292	92.857	True	False	True	False	False	False
ERR346596	ERR346596.279242	J558.15pg.105,J558.19.109,J558.25pg.115	JH2	100.000	75.000	False	True	False	True	False	False
ERR346596	ERR346596.279222	J558.25pg.115	JH3	84.536	100.000	True	False	True	False	False	False
ERR346596	ERR346596.279432	VHSM7.a3.93	JH1	94.792	50.000	False	True	False	True	False	False
ERR346596	ERR346596.279444	VHQ52.a27.79,VOx-1	JH4	78.947	100.000	True	False	True	False	False	False
ERR346596	ERR346596.279520	J558.20	JH1	43.750	100.000	True	False	True	False	False	False
ERR346596	ERR346596.279592	VHA1	JH4	41.667	100.000	True	False	True	False	False	False
ERR346596	ERR346596.279602	SM7.1.44,SM7.2.49,VHSM7.a3.93	JH2	80.000	100.000	True	False	True	False	False	False
ERR346596	ERR346596.279705	VH7183.a4.6,VHD6.96	JH4	50.000	93.333	True	False	True	False	False	False
ERR346596	ERR346596.279798	J558.24,J558.80.186		66.667		True	False	True	False	False	False
ERR346596	ERR346596.279790	VHSM7.a3.93	JH3	58.333	100.000	True	False	True	False	False	False
ERR346596	ERR346596.279763	VHSM7.a3.93	JH3	98.958	66.667	False	True	False	True	False	False
ERR346596	ERR346596.279889	J558.45	JH3	84.536	100.000	True	False	True	False	False	False
ERR346596	ERR346596.279909	VHQ52.a27.79,VOx-1	JH4	79.167	100.000	True	False	True	False	False	False
ERR346596	ERR346596.279953	J558.19	JH3	22.680	100.000	True	False	True	False	False	False
ERR346596	ERR346596.279945	J558.5	JH4	24.742	81.250	True	True	True	True	False	False
ERR346596	ERR346596.279993	J558.26.116,J558.5,J558.8	JH1	12.371	100.000	True	False	True	False	False	False
ERR346596	ERR346596.280059	VHSM7.a3.93	JH3	56.701	100.000	True	False	True	False	False	False
ERR346596	ERR346596.280063	J558.26	JH2,JH3	50.000	100.000	True	False	True	False	False	False
ERR346596	ERR346596.280191	VH7183.a4.6,VHD6.96	JH4	44.330	100.000	True	False	True	False	False	False
ERR346596	ERR346596.280236	J558.50	JH3	83.505	100.000	True	False	True	False	False	False
ERR346596	ERR346596.280246	VHS107.a3.106	JH1	52.475	100.000	True	False	True	False	False	False
ERR346596	ERR346596.280241	VHQ52.a27.79	JH1	44.792	100.000	True	False	True	False	False	False
ERR346596	ERR346596.280251	Q52.3.8,VHQ52.a3.8	JH2	25.263	100.000	True	False	True	False	False	False
ERR346596	ERR346596.280281	VH36-60.a2.90	JH2	64.948	100.000	True	False	True	False	False	False
ERR346596	ERR346596.280333	VHSM7.a1.83	JH3	24.742	92.857	True	False	True	False	False	False
ERR346596	ERR346596.280341	VHSM7.a3.93	JH2	59.184	100.000	True	False	True	False	False	False
ERR346596	ERR346596.280339	H13-3	JH2	89.796	84.615	False	True	False	True	False	False
ERR346596	ERR346596.280420	J558.47	JH3	36.458	93.333	True	False	True	False	False	False
ERR346596	ERR346596.280455	J558.47	JH2	95.918	80.000	False	True	False	True	False	False
ERR346596	ERR346596.280493	J558.47	JH4	5.208	100.000	True	False	True	False	False	False
ERR346596	ERR346596.280503	VH36-60.a1.85	JH4	72.165	93.333	True	False	True	False	False	False
ERR346596	ERR346596.280485	VHX24.a1.84	JH3	33.673	93.333	True	False	True	False	False	False
ERR346596	ERR346596.280555	7183.14.25,VH7183.a33.55	JH4	100.000	75.000	False	True	False	True	False	False
ERR346596	ERR346596.280569	J558.h	JH4	84.375	93.750	True	False	True	False	False	False
ERR346596	ERR346596.280676	VHX24.a1.84	JH3	96.939	80.000	False	True	False	True	False	False
ERR346596	ERR346596.280702	VHSM7.a3.93	JH4	25.000	100.000	True	False	True	False	False	False
ERR346596	ERR346596.281107	VHSM7.a3.93	JH3	80.412	92.857	True	False	True	False	False	False
ERR346596	ERR346596.281152	VHQ52.a27.79,VOx-1	JH4	64.211	100.000	True	False	True	False	False	False
ERR346596	ERR346596.281183	J558.54.148	JH3	90.722	83.333	False	True	False	True	False	False
ERR346596	ERR346596.281165	VHQ52.a27.79	JH1	22.917	100.000	True	False	True	False	False	False
ERR346596	ERR346596.281184	J558.24,J558.80.186		66.667		True	False	True	False	False	False
ERR346596	ERR346596.281216	VHSM7.a3.93	JH3	80.208	92.308	True	False	True	False	False	False
ERR346596	ERR346596.281231	VHQ52.a17.46	JH2	80.412	92.308	True	False	True	False	False	False
ERR346596	ERR346596.281258	VHA1	JH2	14.583	86.667	True	False	True	False	False	False
ERR346596	ERR346596.281313	J558.50	JH3	84.536	100.000	True	False	True	False	False	False
ERR346596	ERR346596.281360	VHQ52.a27.79,VOx-1	JH4	31.579	100.000	True	False	True	False	False	False
ERR346596	ERR346596.281334	VHSM7.a3.93	JH2	56.701	100.000	True	False	True	False	False	False
ERR346596	ERR346596.281379	VHSM7.a3.93	JH2	78.351	100.000	True	False	True	False	False	False
ERR346596	ERR346596.281396	J558.20	JH3	54.639	100.000	True	False	True	False	False	False
ERR346596	ERR346596.281439	J558.f	JH1	15.464	100.000	True	False	True	False	False	False
ERR346596	ERR346596.281440	VHQ52.a27.79	JH2	79.381	92.857	True	False	True	False	False	False
ERR346596	ERR346596.281686	J558.50	JH3	83.505	100.000	True	False	True	False	False	False
ERR346596	ERR346596.281739	VHQ52.a27.79,VOx-1	JH4	31.250	100.000	True	False	True	False	False	False
ERR346596	ERR346596.281760	VHQ52.a27.79	JH1	81.250	100.000	True	False	True	False	False	False
ERR346596	ERR346596.281784	J558.50	JH3	81.633	100.000	True	False	True	False	False	False
ERR346596	ERR346596.281778	J558.50	JH3	84.536	92.857	True	False	True	False	False	False
ERR346596	ERR346596.281805	VHQ52.a27.79	JH1	59.794	100.000	True	False	True	False	False	False
ERR346596	ERR346596.281856	VH7183.a30.50	JH2	38.144	86.667	True	False	True	False	False	False
ERR346596	ERR346596.281868	J558.55.149	JH2	11.340	92.308	True	False	True	False	False	False
ERR346596	ERR346596.281940	J558.5	JH4	94.898	81.250	False	True	False	True	False	False
ERR346596	ERR346596.281966	VH108A	JH3	67.708	100.000	True	False	True	False	False	False
ERR346596	ERR346596.281988	SM7.1.44,SM7.2.49,VHSM7.a3.93	JH2	80.000	100.000	True	False	True	False	False	False
ERR346596	ERR346596.281973	VH12.a3.101		40.000		True	False	True	False	False	False
ERR346596	ERR346596.282131	VHSM7.a3.93	JH2	84.536	100.000	True	False	True	False	False	False
ERR346596	ERR346596.282153	J558.47	JH2	91.667	84.615	False	True	False	True	False	False
ERR346596	ERR346596.282085	VHQ52.a27.79	JH1	31.250	100.000	True	False	True	False	False	False
ERR346596	ERR346596.282232	VH36-60.a1.85	JH3	17.526	100.000	True	False	True	False	False	False
ERR346596	ERR346596.282241	J558.50	JH3	83.505	100.000	True	False	True	False	False	False
ERR346596	ERR346596.282247	J558.50	JH3	84.536	100.000	True	False	True	False	False	False
ERR346596	ERR346596.282194	J558.8	JH3	83.673	100.000	True	False	True	False	False	False
ERR346596	ERR346596.282282	Q52.1pg.2,VHQ52.a1psi.2		71.429		True	False	True	False	False	False
ERR346596	ERR346596.282294	J558.47	JH2	38.542	100.000	True	False	True	False	False	False
ERR346596	ERR346596.282283	J558.29	JH4	62.500	100.000	True	False	True	False	False	False
ERR346596	ERR346596.282343	J558.37	JH2	69.792	91.667	True	False	True	False	False	False
ERR346596	ERR346596.282334	J558.8	JH4	37.113	100.000	True	False	True	False	False	False
ERR346596	ERR346596.282371	J558.54.148	JH3	38.144	91.667	True	False	True	False	False	False
ERR346596	ERR346596.282339	J558.i	JH2	96.939	42.857	False	True	False	True	False	False
ERR346596	ERR346596.282394	J558.h	JH4	83.505	93.750	True	False	True	False	False	False
ERR346596	ERR346596.282509	VHSM7.a3.93	JH2	7.216	100.000	True	False	True	False	False	False
ERR346596	ERR346596.282568	VHSM7.a3.93	JH2	6.250	100.000	True	False	True	False	False	False
ERR346596	ERR346596.282593	VH7183.a4.6,VHD6.96	JH4	6.186	92.857	True	False	True	False	False	False
ERR346596	ERR346596.282662	J558.h	JH4	82.653	92.857	True	False	True	False	False	False
ERR346596	ERR346596.282776	V13,VHS107.a4.110	JH4	100.000	75.000	False	True	False	True	False	False
ERR346596	ERR346596.282794	VHQ52.a27.79,VOx-1	JH4	94.737	80.000	False	True	False	True	False	False
ERR346596	ERR346596.282804	J558.41pg.131	JH1	83.333	100.000	True	False	True	False	False	False
ERR346596	ERR346596.282840	J558.37	JH3	91.837	42.857	False	True	False	True	False	False
ERR346596	ERR346596.282985	VHQ52.a27.79	JH1	81.443	100.000	True	False	True	False	False	False
ERR346596	ERR346596.282966	J558.5	JH4	94.845	81.250	False	True	False	True	False	False
ERR346596	ERR346596.283067	J558.12	JH4	58.763	93.333	True	False	True	False	False	False
ERR346596	ERR346596.283130	J558.5	JH4	92.857	81.250	False	True	False	True	False	False
ERR346596	ERR346596.283151	J558.2	JH3	93.814	84.615	False	True	False	True	False	False
ERR346596	ERR346596.282996	SM7.1.44,SM7.2.49,VHSM7.a3.93	JH2	77.778	100.000	True	False	True	False	False	False
ERR346596	ERR346596.283293	J558.38pg.128	JH2	70.000	100.000	True	False	True	False	False	False
ERR346596	ERR346596.283510	J558.2	JH3	93.814	84.615	False	True	False	True	False	False
ERR346596	ERR346596.283582	V11,VHS107.a3.106	JH1	51.000	100.000	True	False	True	False	False	False
ERR346596	ERR346596.283715	VHSM7.a3.93	JH3	7.292	100.000	True	False	True	False	False	False
ERR346596	ERR346596.283859	VHSM7.a3.93	JH3	10.417	100.000	True	False	True	False	False	False
ERR346596	ERR346596.283894	J558.h	JH4	82.474	92.857	True	False	True	False	False	False
ERR346596	ERR346596.283938	VHSM7.a4.108	JH2	57.143	100.000	True	False	True	False	False	False
ERR346596	ERR346596.283981	VHQ52.a27.79	JH1	7.292	100.000	True	False	True	False	False	False
ERR346596	ERR346596.284127	J558.15	JH3	90.625	58.333	False	True	False	True	False	False
ERR346596	ERR346596.284148	VHSM7.a3.93	JH2	83.505	100.000	True	False	True	False	False	False
ERR346596	ERR346596.284163	J558.1	JH2	9.278	100.000	True	False	True	False	False	False
ERR346596	ERR346596.284239	J558.h	JH4	81.443	92.857	True	False	True	False	False	False
ERR346596	ERR346596.284238	VH7183.a4.6,VHD6.96	JH4	93.814	76.923	False	True	False	True	False	False
ERR346596	ERR346596.284295	VHQ52.a27.79	JH1	36.458	100.000	True	False	True	False	False	False
ERR346596	ERR346596.284324	J558.39	JH3	88.776	38.462	False	True	False	True	False	False
ERR346596	ERR346596.284393	VHA1	JH4	7.143	100.000	True	False	True	False	False	False
ERR346596	ERR346596.284528	J558.l	JH4	25.000	93.333	True	False	True	False	False	False
ERR346596	ERR346596.284389	J558.29	JH4	98.969	35.714	False	True	False	True	False	False
ERR346596	ERR346596.284559	VHA1	JH2	8.333	86.667	True	False	True	False	False	False
ERR346596	ERR346596.284595	J558.5	JH4	92.784	81.250	False	True	False	True	False	False
ERR346596	ERR346596.284616	J558.h	JH4	83.505	100.000	True	False	True	False	False	False
ERR346596	ERR346596.284891	J558.50	JH3	84.694	100.000	True	False	True	False	False	False
ERR346596	ERR346596.284883	J558.64.162,J558.74.176	JH3	63.918	100.000	True	False	True	False	False	False
ERR346596	ERR346596.284923	VHX24.a1.84	JH3	96.907	35.714	False	True	False	True	False	False
ERR346596	ERR346596.284960	J558.50	JH3	83.673	100.000	True	False	True	False	False	False
ERR346596	ERR346596.285014	J558.50	JH3	83.505	100.000	True	False	True	False	False	False
ERR346596	ERR346596.285063	J558.64.162,J558.74.176	JH3	51.042	100.000	True	False	True	False	False	False
ERR346596	ERR346596.285149	J558.34.124	JH1	81.250	93.750	True	False	True	False	False	False
ERR346596	ERR346596.285222	J558.37.127	JH3	5.208	100.000	True	False	True	False	False	False
ERR346596	ERR346596.285227	J558.83.189	JH2	8.163	100.000	True	False	True	False	False	False
ERR346596	ERR346596.285256	VH7183.a4.6,VHD6.96	JH4	94.898	68.750	False	True	False	True	False	False
ERR346596	ERR346596.285270	J558.13,J558.54.148	JH4	5.208	100.000	True	False	True	False	False	False
ERR346596	ERR346596.285332	J558.5	JH2	5.208	85.714	True	False	True	False	False	False
ERR346596	ERR346596.285350	H13-3	JH3	92.708	80.000	False	True	False	True	False	False
ERR346596	ERR346596.285331	J558.5	JH4	92.784	81.250	False	True	False	True	False	False
ERR346596	ERR346596.285470	V11,VHS107.a3.106	JH1	70.297	100.000	True	False	True	False	False	False
ERR346596	ERR346596.285566	SM7.1.44,SM7.2.49,SM7.3.54		75.000		True	False	True	False	False	False
ERR346596	ERR346596.285562	J558.50	JH3	82.653	100.000	True	False	True	False	False	False
ERR346596	ERR346596.285594	VHQ52.a22.67	JH2	54.167	100.000	True	False	True	False	False	False
ERR346596	ERR346596.285637	J558.70pg.171,J558.n	JH4	52.577	100.000	True	False	True	False	False	False
ERR346596	ERR346596.285677	VHA1	JH2	97.959	80.000	False	True	False	True	False	False
ERR346596	ERR346596.285696	J558.55.149	JH2	12.245	93.333	True	False	True	False	False	False
ERR346596	ERR346596.285713	VHQ52.a27.79,VOx-1	JH4	30.208	100.000	True	False	True	False	False	False
ERR346596	ERR346596.285776	VHSM7.a3.93	JH3	7.292	100.000	True	False	True	False	False	False
ERR346596	ERR346596.285743	J558.21pg.111,J558.25pg.115	JH3	81.443	100.000	True	False	True	False	False	False
ERR346596	ERR346596.285867	VHQ52.a22.67	JH1	77.083	100.000	True	False	True	False	False	False
ERR346596	ERR346596.286108	VHQ52.a27.79,VOx-1	JH4	42.105	100.000	True	False	True	False	False	False
ERR346596	ERR346596.286110	J558.50	JH3	82.653	100.000	True	False	True	False	False	False
ERR346596	ERR346596.286198	J558.h	JH4	82.292	93.750	True	False	True	False	False	False
ERR346596	ERR346596.286262	S107.3.62,V11,VH7183.a31psi.53	JH1	77.778	100.000	True	False	True	False	False	False
ERR346596	ERR346596.286336	J558.12	JH3	41.667	92.857	True	False	True	False	False	False
ERR346596	ERR346596.286416	J558.5	JH4	94.845	81.250	False	True	False	True	False	False
ERR346596	ERR346596.286439	VH61-1P,VH7183.a47.76	JH2	9.278	100.000	True	False	True	False	False	False
ERR346596	ERR346596.286422	J558.8	JH3	83.673	100.000	True	False	True	False	False	False
ERR346596	ERR346596.286684	VH7183.9,VH7183.a15.24	JH4	54.639	100.000	True	False	True	False	False	False
ERR346596	ERR346596.286772	J558.5	JH4	91.837	81.250	False	True	False	True	False	False
ERR346596	ERR346596.286789	J558.41pg.131	JH2,JH3	83.333	100.000	True	False	True	False	False	False
ERR346596	ERR346596.286844	VH7183.7b	JH4	54.082	100.000	True	False	True	False	False	False
ERR346596	ERR346596.286968	J558.k	JH4	37.113	100.000	True	False	True	False	False	False
ERR346596	ERR346596.286861	J558.48,J558.k	JH4	77.778	100.000	True	False	True	False	False	False
ERR346596	ERR346596.287135	VHQ52.a27.79	JH1	80.208	100.000	True	False	True	False	False	False
ERR346596	ERR346596.287251	V11,VHS107.a3.106	JH2	98.000	58.333	False	True	False	True	False	False
ERR346596	ERR346596.287340	J558.h	JH4	83.673	92.857	True	False	True	False	False	False
ERR346596	ERR346596.287376	VHQ52.a27.79	JH1	31.250	100.000	True	False	True	False	False	False
ERR346596	ERR346596.287448	VHX24.a1.84	JH1	8.163	100.000	True	False	True	False	False	False
ERR346596	ERR346596.287437	VH36-60.a1.85	JH2	75.258	100.000	True	False	True	False	False	False
ERR346596	ERR346596.287546	VHQ52.a19.61	JH4	75.789	93.333	True	False	True	False	False	False
ERR346596	ERR346596.287548	J558.24,J558.80.186		66.667		True	False	True	False	False	False
ERR346596	ERR346596.287665	VHQ52.a2.4	JH1	19.588	100.000	True	False	True	False	False	False
ERR346596	ERR346596.287685	J558.l	JH4	35.417	93.333	True	False	True	False	False	False
ERR346596	ERR346596.287603	J558.k	JH4	51.546	100.000	True	False	True	False	False	False
ERR346596	ERR346596.287738	J558.70pg.171,J558.n	JH3	58.333	92.308	True	False	True	False	False	False
ERR346596	ERR346596.287793	J558.50	JH3	83.505	100.000	True	False	True	False	False	False
ERR346596	ERR346596.287842	J558.47	JH2	8.247	100.000	True	False	True	False	False	False
ERR346596	ERR346596.287958	VHQ52.a27.79	JH1	81.443	100.000	True	False	True	False	False	False
ERR346596	ERR346596.288003	J558.29	JH4	37.500	100.000	True	False	True	False	False	False
ERR346596	ERR346596.288088	VHSM7.a3.93	JH2	56.701	100.000	True	False	True	False	False	False
ERR346596	ERR346596.288084	J558.13,J558.54.148,J558.i	JH4	5.155	100.000	True	False	True	False	False	False
ERR346596	ERR346596.288198	J558.21pg.111,J558.25pg.115	JH3	82.474	100.000	True	False	True	False	False	False
ERR346596	ERR346596.288221	J558.h	JH2	8.163	86.667	True	False	True	False	False	False
ERR346596	ERR346596.288214	J558.8	JH3	83.673	100.000	True	False	True	False	False	False
ERR346596	ERR346596.288251	VH12.a3.101		40.000		True	False	True	False	False	False
ERR346596	ERR346596.288288	J558.h	JH4	83.505	92.857	True	False	True	False	False	False
ERR346596	ERR346596.288317	Q52.3.8,VHQ52.a3.8	JH3	47.368	100.000	True	False	True	False	False	False
ERR346596	ERR346596.288365	J558.37	JH2	8.247	100.000	True	False	True	False	False	False
ERR346596	ERR346596.288415	VHQ52.a27.79,VOx-1	JH4	59.375	92.857	True	False	True	False	False	False
ERR346596	ERR346596.288615	J558.47	JH2	60.825	100.000	True	False	True	False	False	False
ERR346596	ERR346596.288750	VHQ52.a2.4	JH2	78.351	100.000	True	False	True	False	False	False
ERR346596	ERR346596.288793	J558.h	JH4	83.505	100.000	True	False	True	False	False	False
ERR346596	ERR346596.288848	J558.47	JH1	32.653	100.000	True	False	True	False	False	False
ERR346596	ERR346596.288896	J558.50	JH3	81.633	100.000	True	False	True	False	False	False
ERR346596	ERR346596.288850	VHS107.a3.106	JH1	49.505	100.000	True	False	True	False	False	False
ERR346596	ERR346596.289006	J558.5	JH4	97.938	82.353	False	True	False	True	False	False
ERR346596	ERR346596.289027	J558.29	JH4	12.371	100.000	True	False	True	False	False	False
ERR346596	ERR346596.289104	VHQ52.a27.79,VOx-1	JH4	95.789	35.714	False	True	False	True	False	False
ERR346596	ERR346596.289118	J558.h	JH4	82.474	92.857	True	False	True	False	False	False
ERR346596	ERR346596.289267	J558.47	JH1	9.375	94.118	True	False	True	False	False	False
ERR346596	ERR346596.289328	J558.50	JH3	81.443	100.000	True	False	True	False	False	False
ERR346596	ERR346596.289261	VHSM7.a3.93	JH2	21.875	100.000	True	False	True	False	False	False
ERR346596	ERR346596.289405	VHQ52.a27.79	JH3	25.773	100.000	True	False	True	False	False	False
ERR346596	ERR346596.289281	VH36-60.a1.85	JH2	44.792	100.000	True	False	True	False	False	False
ERR346596	ERR346596.289498	J558.12	JH4	11.340	100.000	True	False	True	False	False	False
ERR346596	ERR346596.289603	V11,VHS107.a3.106	JH1	50.000	100.000	True	False	True	False	False	False
ERR346596	ERR346596.289587	J558.83.189	JH4	8.247	100.000	True	False	True	False	False	False
ERR346596	ERR346596.289577	J558.16.106	JH3	6.250	100.000	True	False	True	False	False	False
ERR346596	ERR346596.289744	VHSM7.a3.93	JH2	9.278	100.000	True	False	True	False	False	False
ERR346596	ERR346596.289771	J558.21pg.111	JH3	83.505	100.000	True	False	True	False	False	False
ERR346596	ERR346596.289812	J558.5	JH2	90.722	78.571	False	True	False	True	False	False
ERR346596	ERR346596.289880	J558.70pg.171,J558.n	JH3	84.536	92.857	True	False	True	False	False	False
ERR346596	ERR346596.289925	J558.h	JH4	83.158	100.000	True	False	True	False	False	False
ERR346596	ERR346596.289939	J558.h	JH4	82.653	92.857	True	False	True	False	False	False
ERR346596	ERR346596.290101	VHJ606.a6.127#	JH3	9.184	100.000	True	False	True	False	False	False
ERR346596	ERR346596.290141	J558.h	JH4	82.474	87.500	True	False	True	False	False	False
ERR346596	ERR346596.290161	VHSM7.a3.93	JH3	100.000	76.923	False	True	False	True	False	False
ERR346596	ERR346596.290167	J558.46	JH4	15.625	93.750	True	False	True	False	False	False
ERR346596	ERR346596.290140	VHQ52.a27.79,VOx-1	JH4	30.208	100.000	True	False	True	False	False	False
ERR346596	ERR346596.290215	J558.15	JH4	37.113	86.667	True	False	True	False	False	False
ERR346596	ERR346596.290253	J558.19	JH2	71.134	100.000	True	False	True	False	False	False
ERR346596	ERR346596.290304	J558.39	JH3	50.000	100.000	True	False	True	False	False	False
ERR346596	ERR346596.290345	J558.17	JH3	34.737	93.333	True	False	True	False	False	False
ERR346596	ERR346596.290349	J558.h	JH4	83.505	93.750	True	False	True	False	False	False
ERR346596	ERR346596.290378	VHSM7.a3.93	JH3	36.082	100.000	True	False	True	False	False	False
ERR346596	ERR346596.290409	J558.18	JH3	62.500	100.000	True	False	True	False	False	False
ERR346596	ERR346596.290547	J558.50	JH3	84.536	100.000	True	False	True	False	False	False
ERR346596	ERR346596.290554	J558.19	JH3	96.809	26.667	False	True	False	True	False	False
ERR346596	ERR346596.290789	VHQ52.a27.79	JH1	7.216	100.000	True	False	True	False	False	False
ERR346596	ERR346596.290989	J558.f	JH1	90.722	66.667	False	True	False	True	False	False
ERR346596	ERR346596.290997	J558.70pg.171,J558.n	JH4	22.917	100.000	True	False	True	False	False	False
ERR346596	ERR346596.291150	VH7183.a4.6,VHD6.96	JH4	29.592	100.000	True	False	True	False	False	False
ERR346596	ERR346596.291247	J558.h	JH4	83.505	100.000	True	False	True	False	False	False
ERR346596	ERR346596.291259	J558.h	JH4	84.536	92.857	True	False	True	False	False	False
ERR346596	ERR346596.291182	J558.47	JH2	97.938	78.571	False	True	False	True	False	False
ERR346596	ERR346596.291295	J558.50	JH3	84.694	100.000	True	False	True	False	False	False
ERR346596	ERR346596.291286	J558.h	JH4	82.979	93.750	True	False	True	False	False	False
ERR346596	ERR346596.291320	Q52.1pg.2,VHQ52.a1psi.2		62.500		True	False	True	False	False	False
ERR346596	ERR346596.291380	J558.39	JH3	9.278	100.000	True	False	True	False	False	False
ERR346596	ERR346596.291428	J558.8	JH3	5.102	100.000	True	False	True	False	False	False
ERR346596	ERR346596.291466	J558.45	JH4	17.708	93.750	True	False	True	False	False	False
ERR346596	ERR346596.291497	J558.h	JH4	82.474	92.857	True	False	True	False	False	False
ERR346596	ERR346596.291471	J558.33	JH4	70.103	100.000	True	False	True	False	False	False
ERR346596	ERR346596.291627	J558.70pg.171		77.778		True	False	True	False	False	False
ERR346596	ERR346596.291706	J558.64.162,J558.74.176	JH3	38.542	100.000	True	False	True	False	False	False
ERR346596	ERR346596.291729	H13-3	JH3	53.125	100.000	True	False	True	False	False	False
ERR346596	ERR346596.291770	VHQ52.a27.79,VOx-1	JH4	79.167	100.000	True	False	True	False	False	False
ERR346596	ERR346596.291843	J558.64.162,J558.74.176	JH1	25.000	100.000	True	False	True	False	False	False
ERR346596	ERR346596.291867	J558.h	JH4	84.694	92.857	True	False	True	False	False	False
ERR346596	ERR346596.292180	J558.47	JH4	36.264	100.000	True	False	True	False	False	False
ERR346596	ERR346596.292207	VHQ52.a27.79,VOx-1	JH4	27.368	100.000	True	False	True	False	False	False
ERR346596	ERR346596.292257	VHQ52.a27.79,VOx-1	JH4	30.526	100.000	True	False	True	False	False	False
ERR346596	ERR346596.292307	J558.33	JH2	53.684	100.000	True	False	True	False	False	False
ERR346596	ERR346596.292289	VH7183.7b	JH4	10.204	100.000	True	False	True	False	False	False
ERR346596	ERR346596.292452	VHQ52.a27.79	JH3	82.474	100.000	True	False	True	False	False	False
ERR346596	ERR346596.292695	J558.5	JH4	94.898	81.250	False	True	False	True	False	False
ERR346596	ERR346596.292720	V11,VHS107.a3.106	JH2	50.505	100.000	True	False	True	False	False	False
ERR346596	ERR346596.292787	VHQ52.a27.79,VOx-1	JH4	78.947	100.000	True	False	True	False	False	False
ERR346596	ERR346596.292889	VH7183.a7.10	JH4	19.388	100.000	True	False	True	False	False	False
ERR346596	ERR346596.292892	J558.21pg.111,J558.25pg.115	JH3	83.505	100.000	True	False	True	False	False	False
ERR346596	ERR346596.292928	36-60.8.74,VH108A,VH36-60	JH2	77.778	100.000	True	False	True	False	False	False
ERR346596	ERR346596.292977	J558.18	JH2	72.165	100.000	True	False	True	False	False	False
ERR346596	ERR346596.293124	J558.h	JH4	83.673	92.857	True	False	True	False	False	False
ERR346596	ERR346596.293351	VHX24.a1.84	JH3	31.959	100.000	True	False	True	False	False	False
ERR346596	ERR346596.293403	J558.18A,J558.54,J558.83.189	JH1	50.000	100.000	True	False	True	False	False	False
ERR346596	ERR346596.293433	VH36-60.a8.117,VH36-60.a9.121#	JH3	47.423	100.000	True	False	True	False	False	False
ERR346596	ERR346596.293612	VH7183.a19.31	JH3	47.959	85.714	True	False	True	False	False	False
ERR346596	ERR346596.293778	J558.64.162,J558.74.176	JH1	16.495	100.000	True	False	True	False	False	False
ERR346596	ERR346596.293760	VHSM7.a3.93	JH3	56.701	100.000	True	False	True	False	False	False
ERR346596	ERR346596.293859	VH7183.7b,VH7183.a7.10	JH3	82.653	100.000	True	False	True	False	False	False
ERR346596	ERR346596.293923	J558.35	JH2	9.474	100.000	True	False	True	False	False	False
ERR346596	ERR346596.293999	J558.h	JH4	83.158	100.000	True	False	True	False	False	False
ERR346596	ERR346596.294061	VHSM7.a3.93	JH4	8.247	92.857	True	False	True	False	False	False
ERR346596	ERR346596.294000	J558.29	JH4	59.375	100.000	True	False	True	False	False	False
ERR346596	ERR346596.294050	VHSM7.a3.93	JH2	82.474	100.000	True	False	True	False	False	False
ERR346596	ERR346596.294084	J558.h	JH4	82.796	92.857	True	False	True	False	False	False
ERR346596	ERR346596.294094	J558.h	JH4	84.536	100.000	True	False	True	False	False	False
ERR346596	ERR346596.294101	VHSM7.a3.93	JH2	64.583	100.000	True	False	True	False	False	False
ERR346596	ERR346596.294228	J558.h	JH1	28.866	100.000	True	False	True	False	False	False
ERR346596	ERR346596.294289	J558.50	JH3	84.536	100.000	True	False	True	False	False	False
ERR346596	ERR346596.294335	J558.50	JH3	84.536	100.000	True	False	True	False	False	False
ERR346596	ERR346596.294440	J558.46	JH3	6.250	100.000	True	False	True	False	False	False
ERR346596	ERR346596.294456	VH7183.7b	JH4	30.612	100.000	True	False	True	False	False	False
ERR346596	ERR346596.294439	J558.h	JH4	84.536	92.857	True	False	True	False	False	False
ERR346596	ERR346596.294824	J558.50	JH3	82.653	100.000	True	False	True	False	False	False
ERR346596	ERR346596.294975	VHQ52.a24.72	JH3	64.211	93.333	True	False	True	False	False	False
ERR346596	ERR346596.294949	J558.64.162,J558.74.176	JH3	96.907	50.000	False	True	False	True	False	False
ERR346596	ERR346596.294966	VHQ52.a27.79	JH1	81.250	93.750	True	False	True	False	False	False
ERR346596	ERR346596.294996	VHSM7.a3.93	JH2	17.526	100.000	True	False	True	False	False	False
ERR346596	ERR346596.295152	VHSM7.a3.93	JH4	70.833	100.000	True	False	True	False	False	False
ERR346596	ERR346596.295183	J558.39	JH3	57.732	100.000	True	False	True	False	False	False
ERR346596	ERR346596.295241	VHSM7.a3.93	JH2	83.505	100.000	True	False	True	False	False	False
ERR346596	ERR346596.295294	J558.48,J558.k	JH2,JH3	70.000	100.000	True	False	True	False	False	False
ERR346596	ERR346596.295312	J558.h	JH4	83.673	92.857	True	False	True	False	False	False
ERR346596	ERR346596.295333	Q52.1pg.2,VHQ52.a1psi.2		62.500		True	False	True	False	False	False
ERR346596	ERR346596.295417	VHQ52.a27.79	JH1	82.474	100.000	True	False	True	False	False	False
ERR346596	ERR346596.295491	VHSM7.a3.93	JH2	26.804	100.000	True	False	True	False	False	False
ERR346596	ERR346596.295448	J558.h	JH4	100.000	80.000	False	True	False	True	False	False
ERR346596	ERR346596.295508	J558.14pg.104		71.429		True	False	True	False	False	False
ERR346596	ERR346596.295540	J558.29	JH4	46.875	100.000	True	False	True	False	False	False
ERR346596	ERR346596.295530	J558.1	JH4	84.375	100.000	True	False	True	False	False	False
ERR346596	ERR346596.295476	VH7183.9,VH7183.a15.24	JH4	6.186	100.000	True	False	True	False	False	False
ERR346596	ERR346596.295603	VH36-60.a1.85	JH2	51.042	100.000	True	False	True	False	False	False
ERR346596	ERR346596.295606	VH7183.a7.10	JH4	35.714	92.308	True	False	True	False	False	False
ERR346596	ERR346596.295630	J558.29	JH4	72.917	100.000	True	False	True	False	False	False
ERR346596	ERR346596.295612	V11,VHS107.a3.106	JH2	91.089	21.429	False	True	False	True	False	False
ERR346596	ERR346596.295632	J558.17	JH2	94.792	84.615	False	True	False	True	False	False
ERR346596	ERR346596.295882	VHQ52.a27.79	JH1	80.208	100.000	True	False	True	False	False	False
ERR346596	ERR346596.296043	VH50.1,VH7183.a13.20	JH4	65.306	100.000	True	False	True	False	False	False
ERR346596	ERR346596.296039	VH7183.a4.6,VHD6.96	JH3	16.495	91.667	True	False	True	False	False	False
ERR346596	ERR346596.296023	J558.45	JH4	3.125	100.000	True	False	True	False	False	False
ERR346596	ERR346596.296089	VHSM7.a3.93	JH4	65.625	100.000	True	False	True	False	False	False
ERR346596	ERR346596.296176	J558.61.157,V3	JH2	5.208	100.000	True	False	True	False	False	False
ERR346596	ERR346596.296227	J558.h	JH3	83.505	100.000	True	False	True	False	False	False
ERR346596	ERR346596.296288	VHQ52.a8.22	JH4	50.000	100.000	True	False	True	False	False	False
ERR346596	ERR346596.296331	J558.46	JH4	7.216	100.000	True	False	True	False	False	False
ERR346596	ERR346596.296462	J558.50	JH3	84.694	100.000	True	False	True	False	False	False
ERR346596	ERR346596.296461	VH36-60.a1.85	JH3	67.010	100.000	True	False	True	False	False	False
ERR346596	ERR346596.296568	VHSM7.a3.93	JH2	57.292	100.000	True	False	True	False	False	False
ERR346596	ERR346596.296534	J558.45	JH4	51.546	93.750	True	False	True	False	False	False
ERR346596	ERR346596.296583	VHX24.a1.84	JH3	74.490	100.000	True	False	True	False	False	False
ERR346596	ERR346596.296706	VHS107.a3.106	JH1	49.505	100.000	True	False	True	False	False	False
ERR346596	ERR346596.296668	J558.50	JH3	83.505	100.000	True	False	True	False	False	False
ERR346596	ERR346596.296822	J558.17	JH4	15.789	100.000	True	False	True	False	False	False
ERR346596	ERR346596.296851	VHQ52.a27.79	JH1	35.052	100.000	True	False	True	False	False	False
ERR346596	ERR346596.296889	J558.19	JH2	63.918	100.000	True	False	True	False	False	False
ERR346596	ERR346596.296945	J558.50	JH3	83.673	100.000	True	False	True	False	False	False
ERR346596	ERR346596.296916	J558.h	JH4	84.694	92.857	True	False	True	False	False	False
ERR346596	ERR346596.296977	VH61-1P,VH7183.a47.76	JH4	91.837	43.750	False	True	False	True	False	False
ERR346596	ERR346596.297049	VHSM7.a3.93	JH4	41.667	100.000	True	False	True	False	False	False
ERR346596	ERR346596.297017	J558.8	JH1	5.155	100.000	True	False	True	False	False	False
ERR346596	ERR346596.297084	J558.h	JH4	83.673	100.000	True	False	True	False	False	False
ERR346596	ERR346596.297083	VHSM7.a3.93	JH2	26.804	84.615	True	True	True	True	False	False
ERR346596	ERR346596.297163	VHQ52.a2.4	JH1	13.542	100.000	True	False	True	False	False	False
ERR346596	ERR346596.297173	J558.h	JH4	82.474	87.500	True	False	True	False	False	False
ERR346596	ERR346596.297229	J558.2	JH3	93.750	84.615	False	True	False	True	False	False
ERR346596	ERR346596.297263	J558.54.148	JH2	55.670	100.000	True	False	True	False	False	False
ERR346596	ERR346596.297333	J558.50	JH3	82.653	100.000	True	False	True	False	False	False
ERR346596	ERR346596.297368	V11,VHS107.a3.106	JH1	49.000	100.000	True	False	True	False	False	False
ERR346596	ERR346596.297362	J558.19	JH2	9.375	100.000	True	False	True	False	False	False
ERR346596	ERR346596.297320	VHS107.a3.106	JH2	9.901	100.000	True	False	True	False	False	False
ERR346596	ERR346596.297422	VHQ52.a27.79,VOx-1	JH4	94.737	80.000	False	True	False	True	False	False
ERR346596	ERR346596.297593	J558.26.116,J558.5,J558.8	JH1	10.417	100.000	True	False	True	False	False	False
ERR346596	ERR346596.297588	J558.47	JH2	18.557	100.000	True	False	True	False	False	False
ERR346596	ERR346596.297637	VH7183.1b	JH4	95.918	81.250	False	True	False	True	False	False
ERR346596	ERR346596.297729	J558.50	JH3	83.505	100.000	True	False	True	False	False	False
ERR346596	ERR346596.297825	VH7183.a4.6,VHD6.96	JH4	76.289	100.000	True	False	True	False	False	False
ERR346596	ERR346596.297826	J558.50	JH3	83.505	100.000	True	False	True	False	False	False
ERR346596	ERR346596.297892	VHQ52.a27.79,VOx-1	JH4	69.792	100.000	True	False	True	False	False	False
ERR346596	ERR346596.297977	J558.50	JH3	83.505	100.000	True	False	True	False	False	False
ERR346596	ERR346596.298046	J558.37	JH2	62.887	100.000	True	False	True	False	False	False
ERR346596	ERR346596.298097	J558.44	JH3	100.000	78.571	False	True	False	True	False	False
ERR346596	ERR346596.298098	J558.37	JH4	21.875	100.000	True	False	True	False	False	False
ERR346596	ERR346596.298172	3:3.9,7183.2.3,7183.20.37	JH4	66.667	100.000	True	False	True	False	False	False
ERR346596	ERR346596.298313	VHS107.a3.106	JH2	14.000	100.000	True	False	True	False	False	False
ERR346596	ERR346596.298389	J558.48,J558.k	JH2,JH3	70.000	100.000	True	False	True	False	False	False
ERR346596	ERR346596.298401	J558.h	JH4	83.505	100.000	True	False	True	False	False	False
ERR346596	ERR346596.298438	J558.h	JH4	82.292	93.750	True	False	True	False	False	False
ERR346596	ERR346596.298423	VHSM7.a3.93	JH4	6.250	100.000	True	False	True	False	False	False
ERR346596	ERR346596.298370	J558.64.162,J558.74.176	JH2	38.144	100.000	True	False	True	False	False	False
ERR346596	ERR346596.298675	VHSM7.a3.93	JH3	15.625	100.000	True	False	True	False	False	False
ERR346596	ERR346596.298659	J558.45	JH3	84.694	100.000	True	False	True	False	False	False
ERR346596	ERR346596.298701	J558.70pg.171,J558.n	JH4	84.536	88.235	True	False	True	False	False	False
ERR346596	ERR346596.298661	J558.h	JH3	84.536	100.000	True	False	True	False	False	False
ERR346596	ERR346596.298703	J558.50	JH3	81.633	100.000	True	False	True	False	False	False
ERR346596	ERR346596.298877	J558.70pg.171,J558.n	JH4	63.918	100.000	True	False	True	False	False	False
ERR346596	ERR346596.298926	J558.52	JH2	8.247	100.000	True	False	True	False	False	False
ERR346596	ERR346596.298945	J558.13	JH3	68.750	100.000	True	False	True	False	False	False
ERR346596	ERR346596.298977	J558.27,J558.29,J558.69.170	JH3	83.333	100.000	True	False	True	False	False	False
ERR346596	ERR346596.299110	VHSM7.a3.93	JH4	93.814	80.000	False	True	False	True	False	False
ERR346596	ERR346596.299264	J558.50	JH3	82.653	100.000	True	False	True	False	False	False
ERR346596	ERR346596.299238	J558.h	JH4	84.375	93.750	True	False	True	False	False	False
ERR346596	ERR346596.299261	VH7183.7b	JH3	91.837	80.000	False	True	False	True	False	False
ERR346596	ERR346596.299287	J558.29	JH4	21.277	92.857	True	False	True	False	False	False
ERR346596	ERR346596.299335	J558.50	JH3	84.536	100.000	True	False	True	False	False	False
ERR346596	ERR346596.299334	J558.h	JH4	83.505	100.000	True	False	True	False	False	False
ERR346596	ERR346596.299471	VHSM7.a3.93	JH2	100.000	71.429	False	True	False	True	False	False
ERR346596	ERR346596.299449	VHA1	JH4	8.333	100.000	True	False	True	False	False	False
ERR346596	ERR346596.299574	J558.50	JH3	83.505	100.000	True	False	True	False	False	False
ERR346596	ERR346596.299609	VHQ52.a27.79,VOx-1	JH4	77.895	92.857	True	False	True	False	False	False
ERR346596	ERR346596.299510	VH7183.a33.55	JH4	80.645	100.000	True	False	True	False	False	False
ERR346596	ERR346596.299642	VHQ52.a2.4	JH2	97.938	80.000	False	True	False	True	False	False
ERR346596	ERR346596.299542	J558.50	JH3	84.536	100.000	True	False	True	False	False	False
ERR346596	ERR346596.299667	VH7183.a7.10	JH4	28.571	100.000	True	False	True	False	False	False
ERR346596	ERR346596.299626	J558.29	JH2	15.464	100.000	True	False	True	False	False	False
ERR346596	ERR346596.299734	J558.k	JH4	32.990	100.000	True	False	True	False	False	False
ERR346596	ERR346596.299896	J558.8	JH3	51.546	100.000	True	False	True	False	False	False
ERR346596	ERR346596.299891	VHSM7.a3.93	JH2	52.083	100.000	True	False	True	False	False	False
ERR346596	ERR346596.299952	Q52.3.8,VHQ52.a3.8	JH4	79.381	87.500	True	False	True	False	False	False
ERR346596	ERR346596.299977	VHSM7.a3.93	JH2	97.959	64.286	False	True	False	True	False	False
ERR346596	ERR346596.300034	J558.37	JH4	18.750	87.500	True	False	True	False	False	False
ERR346596	ERR346596.300046	H13-3	JH3	35.052	100.000	True	False	True	False	False	False
ERR346596	ERR346596.300112	VHS107.a3.106	JH4	15.842	100.000	True	False	True	False	False	False
ERR346596	ERR346596.300127	J558.h	JH3	83.505	100.000	True	False	True	False	False	False
ERR346596	ERR346596.300175	VH36-60.a1.85	JH1	17.708	100.000	True	False	True	False	False	False
ERR346596	ERR346596.300312	J558.55.149	JH2	38.776	100.000	True	False	True	False	False	False
ERR346596	ERR346596.300290	VHQ52.a27.79,VOx-1	JH4	6.316	100.000	True	False	True	False	False	False
ERR346596	ERR346596.300408	V11,VHS107.a3.106	JH1	47.475	100.000	True	False	True	False	False	False
ERR346596	ERR346596.300604	J558.h	JH4	84.694	100.000	True	False	True	False	False	False
ERR346596	ERR346596.300507	VH7183.a4.6,VHD6.96	JH4	40.206	100.000	True	False	True	False	False	False
ERR346596	ERR346596.300724	VHSM7.a3.93	JH4	64.583	100.000	True	False	True	False	False	False
ERR346596	ERR346596.300730	J558.h	JH4	84.375	93.750	True	False	True	False	False	False
ERR346596	ERR346596.301010	VHSM7.a3.93	JH2	28.866	100.000	True	False	True	False	False	False
ERR346596	ERR346596.301099	VHQ52.a27.79	JH1	83.505	100.000	True	False	True	False	False	False
ERR346596	ERR346596.301109	J558.h	JH4	83.505	100.000	True	False	True	False	False	False
ERR346596	ERR346596.301322	J558.38pg.128	JH2	70.000	100.000	True	False	True	False	False	False
ERR346596	ERR346596.301361	J558.47	JH2	40.206	100.000	True	False	True	False	False	False
ERR346596	ERR346596.301348	J558.38pg.128	JH2	70.000	100.000	True	False	True	False	False	False
ERR346596	ERR346596.301435	J558.64.162,J558.74.176	JH3	10.309	100.000	True	False	True	False	False	False
ERR346596	ERR346596.301439	VHQ52.a27.79	JH1	82.292	100.000	True	False	True	False	False	False
ERR346596	ERR346596.301458	J558.h	JH4	82.292	93.750	True	False	True	False	False	False
ERR346596	ERR346596.301496	J558.h	JH4	82.979	93.750	True	False	True	False	False	False
ERR346596	ERR346596.301441	J558.50	JH3	84.694	100.000	True	False	True	False	False	False
ERR346596	ERR346596.301595	J558.8	JH3	84.536	100.000	True	False	True	False	False	False
ERR346596	ERR346596.301698	J558.54.148	JH2	97.959	71.429	False	True	False	True	False	False
ERR346596	ERR346596.301757	VH7183.a7.10	JH4	6.122	92.308	True	False	True	False	False	False
ERR346596	ERR346596.301811	VHS107.a3.106	JH1	36.634	100.000	True	False	True	False	False	False
ERR346596	ERR346596.301847	VH7183.a4.6,VHD6.96	JH4	7.216	100.000	True	False	True	False	False	False
ERR346596	ERR346596.301874	VH7183.a4.6,VHD6.96	JH4	9.278	100.000	True	False	True	False	False	False
ERR346596	ERR346596.301961	J558.70pg.171,J558.n	JH4	5.155	100.000	True	False	True	False	False	False
ERR346596	ERR346596.301964	J558.79.184,J558.h	JH4	83.505	92.857	True	False	True	False	False	False
ERR346596	ERR346596.302047	V11,VHS107.a3.106	JH1	17.822	100.000	True	False	True	False	False	False
ERR346596	ERR346596.302146	36-60.4.66,36-60.6.70,36-60.8.74	JH2	75.000	100.000	True	False	True	False	False	False
ERR346596	ERR346596.302094	J558.12.102,J558.23.113,J558.51	JH2	100.000	75.000	False	True	False	True	False	False
ERR346596	ERR346596.302173	J558.2	JH4	7.216	92.308	True	False	True	False	False	False
ERR346596	ERR346596.302292	J558.33	JH3	14.583	100.000	True	False	True	False	False	False
ERR346596	ERR346596.302314	J558.29	JH4	45.361	100.000	True	False	True	False	False	False
ERR346596	ERR346596.302407	J558.21pg.111,J558.25pg.115	JH3	83.673	100.000	True	False	True	False	False	False
ERR346596	ERR346596.302428	J558.2	JH3	84.536	85.714	True	False	True	False	False	False
ERR346596	ERR346596.302517	J558.45	JH4	89.583	82.353	False	True	False	True	False	False
ERR346596	ERR346596.302534	VHSM7.a3.93	JH3	11.340	100.000	True	False	True	False	False	False
ERR346596	ERR346596.302547	VHSM7.a3.93	JH2	82.474	100.000	True	False	True	False	False	False
ERR346596	ERR346596.302566	VHSM7.a4.108	JH3	56.701	100.000	True	False	True	False	False	False
ERR346596	ERR346596.302668	J558.47	JH4	27.083	100.000	True	False	True	False	False	False
ERR346596	ERR346596.302731	VHSM7.a3.93	JH3	31.959	93.333	True	False	True	False	False	False
ERR346596	ERR346596.302888	VHSM7.a4.108	JH2	75.000	100.000	True	False	True	False	False	False
ERR346596	ERR346596.302887	H13-3	JH3	30.928	100.000	True	False	True	False	False	False
ERR346596	ERR346596.303037	J558.47	JH2	9.278	100.000	True	False	True	False	False	False
ERR346596	ERR346596.303066	J558.50	JH3	82.474	100.000	True	False	True	False	False	False
ERR346596	ERR346596.303039	J558.50	JH3	83.673	100.000	True	False	True	False	False	False
ERR346596	ERR346596.303072	J558.12	JH4	4.124	100.000	True	False	True	False	False	False
ERR346596	ERR346596.303096	J558.5	JH4	82.474	100.000	True	False	True	False	False	False
ERR346596	ERR346596.303199	VHQ52.a22.67	JH2	9.375	91.667	True	False	True	False	False	False
ERR346596	ERR346596.303202	J558.50	JH3	84.694	100.000	True	False	True	False	False	False
ERR346596	ERR346596.303297	J558.50	JH3	84.536	100.000	True	False	True	False	False	False
ERR346596	ERR346596.303534	VH7183.7b	JH4	87.879	73.333	False	True	False	True	False	False
ERR346596	ERR346596.303572	J558.l	JH4	15.464	93.333	True	False	True	False	False	False
ERR346596	ERR346596.303603	J558.21pg.111,J558.25pg.115	JH3	8.333	100.000	True	False	True	False	False	False
ERR346596	ERR346596.303549	Q52.1pg.2,VHQ52.a1psi.2		62.500		True	False	True	False	False	False
ERR346596	ERR346596.303639	J558.50	JH3	84.375	100.000	True	False	True	False	False	False
ERR346596	ERR346596.303718	VHSM7.a3.93	JH4	8.247	100.000	True	False	True	False	False	False
ERR346596	ERR346596.303799	J558.50	JH3	84.694	100.000	True	False	True	False	False	False
ERR346596	ERR346596.303803	J558.83.189	JH2	82.474	100.000	True	False	True	False	False	False
ERR346596	ERR346596.303893	VHQ52.a27.79	JH1	80.412	100.000	True	False	True	False	False	False
ERR346596	ERR346596.303888	VHQ52.a5.13	JH3	78.125	100.000	True	False	True	False	False	False
ERR346596	ERR346596.303885	cx9		62.500		True	False	True	False	False	False
ERR346596	ERR346596.303939	J606.4.82	JH2	49.495	100.000	True	False	True	False	False	False
ERR346596	ERR346596.304005	J558.50	JH3	82.653	100.000	True	False	True	False	False	False
ERR346596	ERR346596.303981	VHSM7.a4.108	JH2	61.458	100.000	True	False	True	False	False	False
ERR346596	ERR346596.304036	V11,VHS107.a3.106	JH1	74.000	100.000	True	False	True	False	False	False
ERR346596	ERR346596.304042	J558.h	JH4	84.536	92.857	True	False	True	False	False	False
ERR346596	ERR346596.304197	VHSM7.a3.93	JH3	15.625	100.000	True	False	True	False	False	False
ERR346596	ERR346596.304144	VH7183.a4.6,VHD6.96	JH4	24.742	92.857	True	False	True	False	False	False
ERR346596	ERR346596.304285	VHX24.a1.84	JH3	18.367	100.000	True	False	True	False	False	False
ERR346596	ERR346596.304312	J558.55.149	JH2	94.845	61.538	False	True	False	True	False	False
ERR346596	ERR346596.304333	J558.5	JH4	64.583	88.235	True	False	True	False	False	False
ERR346596	ERR346596.304342	J558.h	JH4	83.505	92.857	True	False	True	False	False	False
ERR346596	ERR346596.304587	VHSM7.a3.93	JH2	18.750	100.000	True	False	True	False	False	False
ERR346596	ERR346596.304740	J558.35	JH4	12.500	100.000	True	False	True	False	False	False
ERR346596	ERR346596.304828	J558.h	JH1	59.375	100.000	True	False	True	False	False	False
ERR346596	ERR346596.304895	J558.h	JH4	83.673	92.857	True	False	True	False	False	False
ERR346596	ERR346596.304894	J558.54.148	JH3	94.898	83.333	False	True	False	True	False	False
ERR346596	ERR346596.304945	VHSM7.a3.93	JH2	84.375	100.000	True	False	True	False	False	False
ERR346596	ERR346596.304917	J558.50	JH3	84.536	100.000	True	False	True	False	False	False
ERR346596	ERR346596.305026	J558.33	JH4	13.542	93.333	True	False	True	False	False	False
ERR346596	ERR346596.305126	J558.24,J558.80.186		66.667		True	False	True	False	False	False
ERR346596	ERR346596.305156	VHSM7.a3.93	JH2	83.505	100.000	True	False	True	False	False	False
ERR346596	ERR346596.305182	VHSM7.a3.93	JH2	8.247	100.000	True	False	True	False	False	False
ERR346596	ERR346596.305211	J558.h	JH4	82.474	93.750	True	False	True	False	False	False
ERR346596	ERR346596.305259	VHSM7.a3.93		83.750		True	False	True	False	False	False
ERR346596	ERR346596.305320	VH12.a2psi.99		57.143		True	False	True	False	False	False
ERR346596	ERR346596.305369	VHA1	JH2	46.875	93.333	True	False	True	False	False	False
ERR346596	ERR346596.305504	J558.79.184	JH4	82.653	100.000	True	False	True	False	False	False
ERR346596	ERR346596.305651	VH7183.a4.6,VHD6.96	JH4	6.186	100.000	True	False	True	False	False	False
ERR346596	ERR346596.305714	J558.11	JH4	33.333	93.333	True	False	True	False	False	False
ERR346596	ERR346596.305797	VHQ52.a27.79	JH4	94.792	68.750	False	True	False	True	False	False
ERR346596	ERR346596.305824	J558.39	JH3	50.515	100.000	True	False	True	False	False	False
ERR346596	ERR346596.305817	J558.18	JH3	59.375	100.000	True	False	True	False	False	False
ERR346596	ERR346596.306014	J558.50	JH3	83.505	100.000	True	False	True	False	False	False
ERR346596	ERR346596.305999	VHQ52.a27.79	JH1	56.250	100.000	True	False	True	False	False	False
ERR346596	ERR346596.305995	J558.17	JH3	51.613	100.000	True	False	True	False	False	False
ERR346596	ERR346596.306065	VHQ52.a27.79	JH1	83.505	100.000	True	False	True	False	False	False
ERR346596	ERR346596.306080	J558.h	JH4	81.250	87.500	True	False	True	False	False	False
ERR346596	ERR346596.306257	J606.1.79,J606.4.82,VH22.1	JH2	71.429	100.000	True	False	True	False	False	False
ERR346596	ERR346596.306417	VH7183.a36psi.58	JH4	81.818	100.000	True	False	True	False	False	False
ERR346596	ERR346596.306491	J558.50	JH3	81.250	100.000	True	False	True	False	False	False
ERR346596	ERR346596.306416	J558.20	JH3	7.216	100.000	True	False	True	False	False	False
ERR346596	ERR346596.306555	J558.32	JH2	84.536	92.857	True	False	True	False	False	False
ERR346596	ERR346596.306503	Q52.3.8,VHQ52.a3.8	JH4	76.042	93.750	True	False	True	False	False	False
ERR346596	ERR346596.306545	J558.h	JH4	83.673	92.857	True	False	True	False	False	False
ERR346596	ERR346596.306487	VH7183.a4.6,VHD6.96	JH4	39.583	92.857	True	False	True	False	False	False
ERR346596	ERR346596.306667	J558.50	JH3	82.653	100.000	True	False	True	False	False	False
ERR346596	ERR346596.306745	J558.8	JH3	84.694	100.000	True	False	True	False	False	False
ERR346596	ERR346596.306885	VHSM7.a3.93	JH4	91.837	80.000	False	True	False	True	False	False
ERR346596	ERR346596.306897	V11,VHS107.a3.106	JH2	83.000	93.333	True	False	True	False	False	False
ERR346596	ERR346596.306908	J558.50	JH3	82.292	100.000	True	False	True	False	False	False
ERR346596	ERR346596.306944	J558.h	JH4	83.505	92.857	True	False	True	False	False	False
ERR346596	ERR346596.307008	VHSM7.a3.93	JH2	12.500	100.000	True	False	True	False	False	False
ERR346596	ERR346596.307143	J558.49,J558.f,VH104B	JH2	77.778	100.000	True	False	True	False	False	False
ERR346596	ERR346596.307219	VH36-60.a1.85	JH2	4.167	100.000	True	False	True	False	False	False
ERR346596	ERR346596.307152	VH36-60.a1.85	JH2	82.418	100.000	True	False	True	False	False	False
ERR346596	ERR346596.307150	J606.4.82	JH2	49.495	100.000	True	False	True	False	False	False
ERR346596	ERR346596.307286	J558.64.162,J558.74.176	JH1	9.375	100.000	True	False	True	False	False	False
ERR346596	ERR346596.307352	VH7183.a4.6,VHD6.96	JH4	11.340	100.000	True	False	True	False	False	False
ERR346596	ERR346596.307411	VHQ52.a19.61	JH2	5.263	100.000	True	False	True	False	False	False
ERR346596	ERR346596.307377	VH7183.a30.50	JH2	92.784	80.000	False	True	False	True	False	False
ERR346596	ERR346596.307432	7183.11pg.19,VH7183.a12psi.19,VH7183.a27psi.47	JH1,JH3	77.778	100.000	True	False	True	False	False	False
ERR346596	ERR346596.307516	J558.12.102	JH4	50.515	100.000	True	False	True	False	False	False
ERR346596	ERR346596.307737	VH7183.a7.10	JH4	97.959	43.750	False	True	False	True	False	False
ERR346596	ERR346596.307741	J558.50	JH4	52.083	100.000	True	False	True	False	False	False
ERR346596	ERR346596.307679	J606.1.79,VH22.1,VHJ606.a3.124#	JH3	84.848	100.000	True	False	True	False	False	False
ERR346596	ERR346596.307778	V11,VHS107.a3.106	JH1	49.505	100.000	True	False	True	False	False	False
ERR346596	ERR346596.307902	J606.4.82	JH2	9.091	100.000	True	False	True	False	False	False
ERR346596	ERR346596.307850	J558.50	JH3	84.783	100.000	True	False	True	False	False	False
ERR346596	ERR346596.307925	36-60.8.74,VH36-60,VH36-60.a8.117	JH2,JH3,JH4	75.000	100.000	True	False	True	False	False	False
ERR346596	ERR346596.307898	SM7.1.44,SM7.2.49,SM7.3.54		77.778		True	False	True	False	False	False
ERR346596	ERR346596.308222	VHSM7.a3.93	JH2	6.250	100.000	True	False	True	False	False	False
ERR346596	ERR346596.308734	J558.12	JH2	63.918	50.000	True	True	True	True	False	False
ERR346596	ERR346596.308779	J558.37.127	JH3	16.495	100.000	True	False	True	False	False	False
ERR346596	ERR346596.308853	VHSM7.a3.93	JH3	97.938	64.286	False	True	False	True	False	False
ERR346596	ERR346596.308887	J558.46	JH4	77.320	100.000	True	False	True	False	False	False
ERR346596	ERR346596.309065	J558.32	JH4	38.542	100.000	True	False	True	False	False	False
ERR346596	ERR346596.309093	J558.h	JH4	82.292	93.750	True	False	True	False	False	False
ERR346596	ERR346596.309209	VHQ52.a27.79,VOx-1	JH2	80.208	100.000	True	False	True	False	False	False
ERR346596	ERR346596.309237	VH36-60.a2.90	JH4	93.814	82.353	False	True	False	True	False	False
ERR346596	ERR346596.309519	VH124	JH4	68.041	100.000	True	False	True	False	False	False
ERR346596	ERR346596.309560	VH36-60.a2.90	JH1	19.588	100.000	True	False	True	False	False	False
ERR346596	ERR346596.309553	J558.h	JH4	84.375	87.500	True	False	True	False	False	False
ERR346596	ERR346596.309698	VHS107.a3.106	JH1	35.644	100.000	True	False	True	False	False	False
ERR346596	ERR346596.309814	J558.17,J558.22,J558.23	JH2	100.000	75.000	False	True	False	True	False	False
ERR346596	ERR346596.309996	J558.f	JH1	45.918	100.000	True	False	True	False	False	False
ERR346596	ERR346596.310075	J558.50	JH3	83.673	100.000	True	False	True	False	False	False
ERR346596	ERR346596.310175	J558.29	JH4	12.500	100.000	True	False	True	False	False	False
ERR346596	ERR346596.310210	3:3.9,7183.7.10,VH7183.7b	JH1	6.186	100.000	True	False	True	False	False	False
ERR346596	ERR346596.310310	VH7183.a19.31	JH2	77.320	100.000	True	False	True	False	False	False
ERR346596	ERR346596.310330	VH7183.a28.48	JH4	69.388	100.000	True	False	True	False	False	False
ERR346596	ERR346596.310481	J558.79.184,J558.h	JH4	83.505	92.857	True	False	True	False	False	False
ERR346596	ERR346596.310459	VHSM7.a3.93	JH1	57.292	100.000	True	False	True	False	False	False
ERR346596	ERR346596.310581	J558.50	JH3	84.536	100.000	True	False	True	False	False	False
ERR346596	ERR346596.310708	J558.12.102	JH4	7.216	100.000	True	False	True	False	False	False
ERR346596	ERR346596.310662	J558.19	JH2	43.299	100.000	True	False	True	False	False	False
ERR346596	ERR346596.311006	J558.4	JH3	79.381	100.000	True	False	True	False	False	False
ERR346596	ERR346596.311063	VHSM7.a3.93	JH2	82.292	100.000	True	False	True	False	False	False
ERR346596	ERR346596.311095	VHQ52.a27.79	JH1	80.208	100.000	True	False	True	False	False	False
ERR346596	ERR346596.311105	J558.k	JH3,JH4	75.000	100.000	True	False	True	False	False	False
ERR346596	ERR346596.311134	J558.h	JH3	84.536	100.000	True	False	True	False	False	False
ERR346596	ERR346596.311399	J558.45	JH4	13.402	100.000	True	False	True	False	False	False
ERR346596	ERR346596.311369	J558.45	JH4	91.667	82.353	False	True	False	True	False	False
ERR346596	ERR346596.311450	J558.17	JH2	94.792	78.571	False	True	False	True	False	False
ERR346596	ERR346596.311562	VHQ52.a27.79,VOx-1	JH4	73.958	100.000	True	False	True	False	False	False
ERR346596	ERR346596.311684	VHSM7.a3.93	JH3	53.608	100.000	True	False	True	False	False	False
ERR346596	ERR346596.311727	J558.l	JH4	25.773	93.333	True	False	True	False	False	False
ERR346596	ERR346596.311711	V11,VHS107.a3.106	JH1	46.465	93.750	True	False	True	False	False	False
ERR346596	ERR346596.311816	J558.21pg.111,J558.25pg.115	JH3	83.505	100.000	True	False	True	False	False	False
ERR346596	ERR346596.311891	J558.33	JH4	41.237	100.000	True	False	True	False	False	False
ERR346596	ERR346596.312116	J558.33	JH2	30.928	93.333	True	False	True	False	False	False
ERR346596	ERR346596.312212	J558.50	JH3	84.536	100.000	True	False	True	False	False	False
ERR346596	ERR346596.312188	MAI1,MBK2,PWK2		66.667		True	False	True	False	False	False
ERR346596	ERR346596.312285	J558.8	JH3	84.694	100.000	True	False	True	False	False	False
ERR346596	ERR346596.312462	VHSM7.a3.93	JH3	32.990	100.000	True	False	True	False	False	False
ERR346596	ERR346596.312547	J558.17	JH3	16.842	100.000	True	False	True	False	False	False
ERR346596	ERR346596.312627	VH7183.a7.10	JH4	83.673	100.000	True	False	True	False	False	False
ERR346596	ERR346596.312610	VHSM7.a1.83	JH2	63.542	100.000	True	False	True	False	False	False
ERR346596	ERR346596.312647	VHQ52.a22.67	JH2	73.958	100.000	True	False	True	False	False	False
ERR346596	ERR346596.312758	VH36-60.a2.90	JH2	94.845	80.000	False	True	False	True	False	False
ERR346596	ERR346596.312853	J606.4.82	JH2	7.071	100.000	True	False	True	False	False	False
ERR346596	ERR346596.312953	SM7.1.44,SM7.2.49,VHSM7.a3.93	JH2	80.000	100.000	True	False	True	False	False	False
ERR346596	ERR346596.313236	VHQ52.a27.79,VOx-1	JH4	94.737	75.000	False	True	False	True	False	False
ERR346596	ERR346596.313224	VHSM7.a4.108	JH3	8.333	100.000	True	False	True	False	False	False
ERR346596	ERR346596.313253	VHSM7.a3.93	JH3	23.958	100.000	True	False	True	False	False	False
ERR346596	ERR346596.313226	J558.h	JH4	83.673	100.000	True	False	True	False	False	False
ERR346596	ERR346596.313376	VHQ52.a27.79	JH1	81.250	100.000	True	False	True	False	False	False
ERR346596	ERR346596.313360	J558.h	JH4	82.105	92.857	True	False	True	False	False	False
ERR346596	ERR346596.313411	J558.19	JH3	30.208	100.000	True	False	True	False	False	False
ERR346596	ERR346596.313433	VHQ52.a27.79,VOx-1	JH2	96.907	84.615	False	True	False	True	False	False
ERR346596	ERR346596.313491	J558.h	JH4	83.505	93.750	True	False	True	False	False	False
ERR346596	ERR346596.313514	J558.h	JH4	82.979	93.750	True	False	True	False	False	False
ERR346596	ERR346596.313840	VHQ52.a23.68	JH2	76.923	100.000	True	False	True	False	False	False
ERR346596	ERR346596.313883	J558.79.184	JH4	82.292	93.750	True	False	True	False	False	False
ERR346596	ERR346596.313947	VHS107.a3.106	JH1	41.584	93.750	True	False	True	False	False	False
ERR346596	ERR346596.313954	J558.21pg.111,J558.25pg.115	JH3	83.673	100.000	True	False	True	False	False	False
ERR346596	ERR346596.313906	J558.5	JH3	84.536	100.000	True	False	True	False	False	False
ERR346596	ERR346596.313955	J558.48	JH2	47.368	100.000	True	False	True	False	False	False
ERR346596	ERR346596.314013	J558.50	JH3	82.653	100.000	True	False	True	False	False	False
ERR346596	ERR346596.314038	V11,VHS107.a3.106	JH1	33.663	100.000	True	False	True	False	False	False
ERR346596	ERR346596.314239	J558.12	JH3	8.247	92.857	True	False	True	False	False	False
ERR346596	ERR346596.314235	J558.16.106	JH3	69.072	100.000	True	False	True	False	False	False
ERR346596	ERR346596.314327	36-60.7pg.72		66.667		True	False	True	False	False	False
ERR346596	ERR346596.314342	J558.47	JH1	44.330	100.000	True	False	True	False	False	False
ERR346596	ERR346596.314412	J558.45	JH4	12.500	100.000	True	False	True	False	False	False
ERR346596	ERR346596.314423	J558.h	JH4	80.412	100.000	True	False	True	False	False	False
ERR346596	ERR346596.314382	VHSM7.a3.93	JH4	94.845	80.000	False	True	False	True	False	False
ERR346596	ERR346596.314495	V11,VHS107.a3.106	JH1	50.000	100.000	True	False	True	False	False	False
ERR346596	ERR346596.314497	J558.29	JH4	44.330	100.000	True	False	True	False	False	False
ERR346596	ERR346596.314669	J558.29	JH4	43.299	92.857	True	False	True	False	False	False
ERR346596	ERR346596.314685	VHQ52.a24.72	JH4	72.917	94.118	True	False	True	False	False	False
ERR346596	ERR346596.314690	VHQ52.a22.67	JH2	80.412	100.000	True	False	True	False	False	False
ERR346596	ERR346596.314667	J558.50	JH3	83.696	100.000	True	False	True	False	False	False
ERR346596	ERR346596.314759	J558.45	JH2	59.375	100.000	True	False	True	False	False	False
ERR346596	ERR346596.314750	J558.54.148	JH3	29.167	100.000	True	False	True	False	False	False
ERR346596	ERR346596.314815	VH7183.a4.6,VHD6.96	JH4	29.897	100.000	True	False	True	False	False	False
ERR346596	ERR346596.314896	V102	JH2	84.615	93.333	True	False	True	False	False	False
ERR346596	ERR346596.314926	VHSM7.a3.93	JH2	84.375	100.000	True	False	True	False	False	False
ERR346596	ERR346596.314945	J558.35	JH2	22.105	100.000	True	False	True	False	False	False
ERR346596	ERR346596.314976	VHQ52.a27.79,VOx-1	JH4	15.789	100.000	True	False	True	False	False	False
ERR346596	ERR346596.315003	J558.17	JH2	98.958	42.857	False	True	False	True	False	False
ERR346596	ERR346596.315254	J558.22	JH3	76.289	100.000	True	False	True	False	False	False
ERR346596	ERR346596.315204	J558.h	JH4	83.673	92.857	True	False	True	False	False	False
ERR346596	ERR346596.315316	J558.5	JH4	92.784	81.250	False	True	False	True	False	False
ERR346596	ERR346596.315372	J558.h	JH4	84.694	92.857	True	False	True	False	False	False
ERR346596	ERR346596.315369	J558.12	JH1	91.753	81.250	False	True	False	True	False	False
ERR346596	ERR346596.315379	VH7183.a4.6,VHD6.96	JH4	30.612	100.000	True	False	True	False	False	False
ERR346596	ERR346596.315485	VH7183.a46.75	JH4	33.673	100.000	True	False	True	False	False	False
ERR346596	ERR346596.315529	VHSM7.a3.93	JH4	29.897	85.714	True	False	True	False	False	False
ERR346596	ERR346596.315621	J558.33	JH3	98.969	28.571	False	True	False	True	False	False
ERR346596	ERR346596.315717	36-60.4.66,36-60.6.70,36-60.8.74	JH1	71.429	100.000	True	False	True	False	False	False
ERR346596	ERR346596.315848	VHSM7.a3.93	JH3	36.458	100.000	True	False	True	False	False	False
ERR346596	ERR346596.315908	VH7183.7b	JH4	11.111	100.000	True	False	True	False	False	False
ERR346596	ERR346596.315925	Q52.3.8,VHQ52.a3.8	JH2	25.263	100.000	True	False	True	False	False	False
ERR346596	ERR346596.315940	J558.17	JH2	22.917	100.000	True	False	True	False	False	False
ERR346596	ERR346596.315967	J558.h	JH2	32.292	100.000	True	False	True	False	False	False
ERR346596	ERR346596.316086	J558.45	JH4	91.753	82.353	False	True	False	True	False	False
ERR346596	ERR346596.316121	VHSM7.a1.83	JH4	100.000	47.059	False	True	False	True	False	False
ERR346596	ERR346596.316181	SM7.1.44,SM7.2.49,VHSM7.a3.93	JH2	77.778	100.000	True	False	True	False	False	False
ERR346596	ERR346596.316193	J558.5	JH4	93.814	81.250	False	True	False	True	False	False
ERR346596	ERR346596.316243	VHQ52.a27.79	JH1	79.167	93.333	True	False	True	False	False	False
ERR346596	ERR346596.316204	bb1,bb1.1,cr1	JK3	60.000	100.000	True	False	True	False	False	False
ERR346596	ERR346596.316262	VHQ52.a27.79	JH1	53.125	100.000	True	False	True	False	False	False
ERR346596	ERR346596.316209	VHQ52.a27.79	JH1	83.505	100.000	True	False	True	False	False	False
ERR346596	ERR346596.316270	VH7183.7b	JH4	6.122	100.000	True	False	True	False	False	False
ERR346596	ERR346596.316335	VH36-60.a2.90	JH4	43.299	94.118	True	False	True	False	False	False
ERR346596	ERR346596.316413	J558.50	JH3	81.633	100.000	True	False	True	False	False	False
ERR346596	ERR346596.316408	J558.39	JH3	61.224	100.000	True	False	True	False	False	False
ERR346596	ERR346596.316427	J558.70pg.171,J558.n	JH3	84.536	92.857	True	False	True	False	False	False
ERR346596	ERR346596.316415	J558.47	JH2	29.897	100.000	True	False	True	False	False	False
ERR346596	ERR346596.316512	VHSM7.a3.93	JH2	43.750	100.000	True	False	True	False	False	False
ERR346596	ERR346596.316715	SM7.1.44,SM7.2.49,VHSM7.a3.93	JH2	80.000	100.000	True	False	True	False	False	False
ERR346596	ERR346596.316790	J558.19	JH3	61.856	100.000	True	False	True	False	False	False
ERR346596	ERR346596.316815	J558.45	JH4	94.845	35.714	False	True	False	True	False	False
ERR346596	ERR346596.316780	J558.h	JH2	83.505	100.000	True	False	True	False	False	False
ERR346596	ERR346596.316931	J558.50	JH3	84.783	100.000	True	False	True	False	False	False
ERR346596	ERR346596.316989	VHSM7.a3.93	JH2	84.375	100.000	True	False	True	False	False	False
ERR346596	ERR346596.316919	VH7183.a37.59	JH3	36.458	100.000	True	False	True	False	False	False
ERR346596	ERR346596.317058	J558.64.162,J558.74.176	JH3	53.125	100.000	True	False	True	False	False	False
ERR346596	ERR346596.317137	VHQ52.a27.79,VOx-1	JH2	8.421	100.000	True	False	True	False	False	False
ERR346596	ERR346596.317194	VHS107.a3.106	JH1	42.574	100.000	True	False	True	False	False	False
ERR346596	ERR346596.317157	J558.37	JH4	53.608	93.750	True	False	True	False	False	False
ERR346596	ERR346596.317286	J558.50	JH3	84.536	100.000	True	False	True	False	False	False
ERR346596	ERR346596.317280	J558.64.162,J558.74.176	JH4	51.546	92.308	True	False	True	False	False	False
ERR346596	ERR346596.317267	VHSM7.a4.108	JH2	25.773	100.000	True	False	True	False	False	False
ERR346596	ERR346596.317274	J558.50	JH3	84.783	100.000	True	False	True	False	False	False
ERR346596	ERR346596.317302	J558.44	JH2	36.458	100.000	True	False	True	False	False	False
ERR346596	ERR346596.317311	Q52.1pg.2,VHQ52.a1psi.2		62.500		True	False	True	False	False	False
ERR346596	ERR346596.317435	J558.39	JH3	14.583	100.000	True	False	True	False	False	False
ERR346596	ERR346596.317484	J558.f	JH2	63.918	100.000	True	False	True	False	False	False
ERR346596	ERR346596.317545	J558.29	JH4	95.876	30.769	False	True	False	True	False	False
ERR346596	ERR346596.317641	VHQ52.a27.79	JH1	7.368	100.000	True	False	True	False	False	False
ERR346596	ERR346596.317680	J558.50	JH3	82.653	100.000	True	False	True	False	False	False
ERR346596	ERR346596.317764	J558.29	JH4	37.500	35.714	True	True	True	True	False	False
ERR346596	ERR346596.317791	J558.64.162,J558.74.176	JH3	17.526	100.000	True	False	True	False	False	False
ERR346596	ERR346596.317806	J558.33	JH4	92.784	81.250	False	True	False	True	False	False
ERR346596	ERR346596.317885	VHX24.a1.84	JH3	92.857	80.000	False	True	False	True	False	False
ERR346596	ERR346596.318029	VHSM7.a3.93	JH4	91.837	64.286	False	True	False	True	False	False
ERR346596	ERR346596.318039	J558.47	JH2	13.402	100.000	True	False	True	False	False	False
ERR346596	ERR346596.318135	J558.50	JH3	81.443	100.000	True	False	True	False	False	False
ERR346596	ERR346596.318202	VHSM7.a3.93	JH2	84.536	100.000	True	False	True	False	False	False
ERR346596	ERR346596.318195	J558.12.102	JH4	84.536	44.444	True	True	True	True	False	False
ERR346596	ERR346596.318282	J558.39	JH3	51.546	100.000	True	False	True	False	False	False
ERR346596	ERR346596.318219	J558.17	JH3	32.292	92.308	True	False	True	False	False	False
ERR346596	ERR346596.318312	VHSM7.a3.93	JH4	33.673	100.000	True	False	True	False	False	False
ERR346596	ERR346596.318408	VHSM7.a3.93	JH2	83.333	100.000	True	False	True	False	False	False
ERR346596	ERR346596.318367	VHQ52.a22.67	JH1	40.625	100.000	True	False	True	False	False	False
ERR346596	ERR346596.318439	VH7183.7b	JH1	50.515	100.000	True	False	True	False	False	False
ERR346596	ERR346596.318442	J558.h	JH4	83.673	100.000	True	False	True	False	False	False
ERR346596	ERR346596.318490	J558.55.149	JH2	9.278	100.000	True	False	True	False	False	False
ERR346596	ERR346596.318506	VHQ52.a27.79	JH1	66.667	100.000	True	False	True	False	False	False
ERR346596	ERR346596.318578	J558.16.106	JH3	91.837	84.615	False	True	False	True	False	False
ERR346596	ERR346596.318654	J558.45	JH4	39.175	100.000	True	False	True	False	False	False
ERR346596	ERR346596.318689	J558.50	JH3	84.694	100.000	True	False	True	False	False	False
ERR346596	ERR346596.318716	J558.h	JH4	82.474	92.857	True	False	True	False	False	False
ERR346596	ERR346596.318909	J558.24,J558.80.186	JH3	57.143	100.000	True	False	True	False	False	False
ERR346596	ERR346596.318952	VH7183.7b	JH4	9.184	92.857	True	False	True	False	False	False
ERR346596	ERR346596.319115	VHS107.a3.106	JH1	98.020	42.857	False	True	False	True	False	False
ERR346596	ERR346596.319185	J558.h	JH4	82.474	92.857	True	False	True	False	False	False
ERR346596	ERR346596.319149	SM7.1.44,SM7.2.49,VHSM7.a3.93	JH2	77.778	100.000	True	False	True	False	False	False
ERR346596	ERR346596.319344	VH7183.a36psi.58	JH4	72.727	100.000	True	False	True	False	False	False
ERR346596	ERR346596.319351	VHQ52.a27.79	JH1	81.443	100.000	True	False	True	False	False	False
ERR346596	ERR346596.319311	V11,VHS107.a3.106	JH1	6.000	100.000	True	False	True	False	False	False
ERR346596	ERR346596.319350	Vh10.2a	JH3	26.000	100.000	True	False	True	False	False	False
ERR346596	ERR346596.319497	J558.h	JH4	82.292	93.750	True	False	True	False	False	False
ERR346596	ERR346596.319559	J558.45	JH3	14.286	100.000	True	False	True	False	False	False
ERR346596	ERR346596.319752	VHQ52.a27.79	JH1	81.250	100.000	True	False	True	False	False	False
ERR346596	ERR346596.319771	J558.64.162,J558.74.176	JH3	47.917	100.000	True	False	True	False	False	False
ERR346596	ERR346596.319830	J558.5	JH4	93.878	81.250	False	True	False	True	False	False
ERR346596	ERR346596.319857	J558.50	JH4	35.052	100.000	True	False	True	False	False	False
ERR346596	ERR346596.320006	VH7183.a33.55	JH2	72.449	100.000	True	False	True	False	False	False
ERR346596	ERR346596.319984	J558.24,J558.80.186		66.667		True	False	True	False	False	False
ERR346596	ERR346596.319963	J558.18A,J558.54,J558.83.189	JH1	50.000	100.000	True	False	True	False	False	False
ERR346596	ERR346596.320002	Q52.3.8,VHQ52.a3.8	JH2	12.371	100.000	True	False	True	False	False	False
ERR346596	ERR346596.319997	Q52.3.8,VHQ52.a3.8	JH4	82.292	93.750	True	False	True	False	False	False
ERR346596	ERR346596.320124	J558.44	JH3	75.000	100.000	True	False	True	False	False	False
ERR346596	ERR346596.320101	J558.50	JH3	84.536	100.000	True	False	True	False	False	False
ERR346596	ERR346596.320120	VHQ52.a27.79,VOx-1	JH4	92.632	64.286	False	True	False	True	False	False
ERR346596	ERR346596.320130	J558.21pg.111,J558.25pg.115	JH3	83.505	100.000	True	False	True	False	False	False
ERR346596	ERR346596.320179	J558.40	JH2	39.583	100.000	True	False	True	False	False	False
ERR346596	ERR346596.320423	V11,VHS107.a3.106	JH2	84.158	100.000	True	False	True	False	False	False
ERR346596	ERR346596.320404	VHX24.a1.84	JH3	50.000	100.000	True	False	True	False	False	False
ERR346596	ERR346596.320447	J558.15	JH3	42.268	100.000	True	False	True	False	False	False
ERR346596	ERR346596.320534	J558.h	JH4	84.694	100.000	True	False	True	False	False	False
ERR346596	ERR346596.320568	J558.45	JH2	38.542	100.000	True	False	True	False	False	False
ERR346596	ERR346596.320617	VHSM7.a1.83	JH4	15.464	100.000	True	False	True	False	False	False
ERR346596	ERR346596.320698	VH108A	JH3	38.144	100.000	True	False	True	False	False	False
ERR346596	ERR346596.320772	VHSM7.a3.93	JH2	57.292	100.000	True	False	True	False	False	False
ERR346596	ERR346596.320900	J558.45	JH3	6.250	100.000	True	False	True	False	False	False
ERR346596	ERR346596.320958	J558.5	JH4	98.980	82.353	False	True	False	True	False	False
ERR346596	ERR346596.320997	VHQ52.a27.79	JH1	81.250	100.000	True	False	True	False	False	False
ERR346596	ERR346596.321012	VHQ52.a27.79	JH1	81.443	100.000	True	False	True	False	False	False
ERR346596	ERR346596.320996	VHSM7.a3.93	JH2	7.292	100.000	True	False	True	False	False	False
ERR346596	ERR346596.321077	VH36-60.a2.90	JH3	53.608	93.333	True	False	True	False	False	False
ERR346596	ERR346596.321063	J558.83.189	JH4	64.286	100.000	True	False	True	False	False	False
ERR346596	ERR346596.321194	J558.50	JH3	83.673	100.000	True	False	True	False	False	False
ERR346596	ERR346596.321413	VHA1	JH2	95.876	80.000	False	True	False	True	False	False
ERR346596	ERR346596.321386	J558.44	JH4	95.833	66.667	False	True	False	True	False	False
ERR346596	ERR346596.321490	gu33		66.667		True	False	True	False	False	False
ERR346596	ERR346596.321466	J558.50	JH3	83.673	100.000	True	False	True	False	False	False
ERR346596	ERR346596.321546	VHS107.a3.106	JH1	83.168	100.000	True	False	True	False	False	False
ERR346596	ERR346596.321661	H13-3	JH3	92.784	69.231	False	True	False	True	False	False
ERR346596	ERR346596.321691	VHSM7.a1.83	JH4	57.143	100.000	True	False	True	False	False	False
ERR346596	ERR346596.321706	J558.50	JH3	81.633	100.000	True	False	True	False	False	False
ERR346596	ERR346596.321780	VH50.1,VH7183.a13.20	JH4	64.286	100.000	True	False	True	False	False	False
ERR346596	ERR346596.321870	J558.33	JH2	7.292	100.000	True	False	True	False	False	False
ERR346596	ERR346596.321776	J558.h	JH4	82.979	93.750	True	False	True	False	False	False
ERR346596	ERR346596.321897	J558.52.145,J558.61.157,J558.a	JH2	50.515	86.667	True	False	True	False	False	False
ERR346596	ERR346596.321857	H13-3	JH2	90.816	84.615	False	True	False	True	False	False
ERR346596	ERR346596.322128	J558.h	JH4	84.536	92.857	True	False	True	False	False	False
ERR346596	ERR346596.322131	J558.5	JH4	94.898	81.250	False	True	False	True	False	False
ERR346596	ERR346596.322084	J606.4.82		50.000		True	False	True	False	False	False
ERR346596	ERR346596.322173	J558.33	JH3	39.175	100.000	True	False	True	False	False	False
ERR346596	ERR346596.322160	VH36-60.a6.114	JH2	42.708	86.667	True	False	True	False	False	False
ERR346596	ERR346596.322462	bb1,bb1.1,cr1	JK3	60.000	100.000	True	False	True	False	False	False
ERR346596	ERR346596.322487	J558.17	JH3	4.255	100.000	True	False	True	False	False	False
ERR346596	ERR346596.322582	J558.8	JH3	83.505	100.000	True	False	True	False	False	False
ERR346596	ERR346596.322585	J558.50	JH3	83.673	100.000	True	False	True	False	False	False
ERR346596	ERR346596.322810	VHSM7.a3.93	JH4	59.794	100.000	True	False	True	False	False	False
ERR346596	ERR346596.322845	J558.20	JH3	58.333	85.714	True	False	True	False	False	False
ERR346596	ERR346596.322913	J558.70pg.171,J558.n	JH4	60.204	100.000	True	False	True	False	False	False
ERR346596	ERR346596.322960	J558.h	JH4	84.536	100.000	True	False	True	False	False	False
ERR346596	ERR346596.322972	J558.23	JH4	5.155	100.000	True	False	True	False	False	False
ERR346596	ERR346596.323031	VH7183.a7.10	JH4	16.495	100.000	True	False	True	False	False	False
ERR346596	ERR346596.323207	J558.h	JH4	83.505	100.000	True	False	True	False	False	False
ERR346596	ERR346596.323212	J558.h	JH4	82.474	93.750	True	False	True	False	False	False
ERR346596	ERR346596.323272	VHQ52.a27.79,VOx-1	JH2	28.125	100.000	True	False	True	False	False	False
ERR346596	ERR346596.323257	VHQ52.a27.79	JH4	80.412	100.000	True	False	True	False	False	False
ERR346596	ERR346596.323341	J558.54.148	JH2	42.708	100.000	True	False	True	False	False	False
ERR346596	ERR346596.323275	J558.55.149	JH2	8.333	100.000	True	False	True	False	False	False
ERR346596	ERR346596.323304	J606.4.82		50.000		True	False	True	False	False	False
ERR346596	ERR346596.323323	J558.47	JH3	15.464	100.000	True	False	True	False	False	False
ERR346596	ERR346596.323425	J558.19	JH2	7.216	100.000	True	False	True	False	False	False
ERR346596	ERR346596.323485	VHQ52.a27.79,VOx-1	JH4	78.947	100.000	True	False	True	False	False	False
ERR346596	ERR346596.323488	V11,VHS107.a3.106	JH1	6.000	100.000	True	False	True	False	False	False
ERR346596	ERR346596.323552	J558.17	JH2	92.708	84.615	False	True	False	True	False	False
ERR346596	ERR346596.323666	VHSM7.a3.93	JH2	83.505	100.000	True	False	True	False	False	False
ERR346596	ERR346596.323633	VHQ52.a27.79	JH1	61.856	100.000	True	False	True	False	False	False
ERR346596	ERR346596.323760	J558.h	JH4	83.673	100.000	True	False	True	False	False	False
ERR346596	ERR346596.323819	VHQ52.a27.79	JH1	95.833	68.750	False	True	False	True	False	False
ERR346596	ERR346596.324001	J558.19.109,J558.37.127		16.495		True	False	True	False	False	False
ERR346596	ERR346596.323997	J558.4	JH2	40.625	100.000	True	False	True	False	False	False
ERR346596	ERR346596.324098	VHQ52.a27.79	JH1	59.375	100.000	True	False	True	False	False	False
ERR346596	ERR346596.324125	VHSM7.a3.93	JH1	75.824	94.118	True	False	True	False	False	False
ERR346596	ERR346596.324151	VHQ52.a27.79,VOx-1	JH4	78.947	100.000	True	False	True	False	False	False
ERR346596	ERR346596.324412	J558.37.127	JH3	6.250	92.857	True	False	True	False	False	False
ERR346596	ERR346596.324416	VH36-60.a6.114	JH4	76.289	100.000	True	False	True	False	False	False
ERR346596	ERR346596.324501	Q52.3.8,VHQ52.a3.8	JH4	81.250	100.000	True	False	True	False	False	False
ERR346596	ERR346596.324507	VHQ52.a27.79	JH2	93.814	84.615	False	True	False	True	False	False
ERR346596	ERR346596.324680	J558.19.109,J558.37.127		15.625		True	False	True	False	False	False
ERR346596	ERR346596.324745	J558.29	JH2	39.175	100.000	True	False	True	False	False	False
ERR346596	ERR346596.324793	J558.50	JH3	84.375	100.000	True	False	True	False	False	False
ERR346596	ERR346596.324947	VHSM7.a3.93	JH3	100.000	69.231	False	True	False	True	False	False
ERR346596	ERR346596.324988	J558.17	JH2	93.750	78.571	False	True	False	True	False	False
ERR346596	ERR346596.325041	V11,VHS107.a3.106	JH1	95.050	81.250	False	True	False	True	False	False
ERR346596	ERR346596.325085	J558.f	JH1	5.208	93.333	True	False	True	False	False	False
ERR346596	ERR346596.325107	J558.12.102	JH4	76.042	100.000	True	False	True	False	False	False
ERR346596	ERR346596.325122	VHQ52.a27.79,VOx-1	JH4	48.958	100.000	True	False	True	False	False	False
ERR346596	ERR346596.325203	VH36-60.a2.90	JH3	64.948	92.857	True	False	True	False	False	False
ERR346596	ERR346596.325339	VHQ52.a27.79	JH1	59.794	100.000	True	False	True	False	False	False
ERR346596	ERR346596.325515	VH7183.9,VH7183.a15.24	JH4	6.186	100.000	True	False	True	False	False	False
ERR346596	ERR346596.325551	J558.39	JH3	94.898	38.462	False	True	False	True	False	False
ERR346596	ERR346596.325536	V11,VHS107.a3.106	JH2	80.220	93.333	True	False	True	False	False	False
ERR346596	ERR346596.325576	J558.55.149	JH2	90.722	61.538	False	True	False	True	False	False
ERR346596	ERR346596.325618	J558.70pg.171,J558.n	JH4	60.417	100.000	True	False	True	False	False	False
ERR346596	ERR346596.325658	J558.39	JH3	54.639	100.000	True	False	True	False	False	False
ERR346596	ERR346596.325668	J558.50	JH3	82.474	100.000	True	False	True	False	False	False
ERR346596	ERR346596.325700	J558.54.148	JH3	95.876	83.333	False	True	False	True	False	False
ERR346596	ERR346596.325770	J558.23	JH4	96.842	64.286	False	True	False	True	False	False
ERR346596	ERR346596.325825	VH36-60.a6.114	JH4	8.247	100.000	True	False	True	False	False	False
ERR346596	ERR346596.325775	J558.22	JH3	47.423	100.000	True	False	True	False	False	False
ERR346596	ERR346596.325841	J558.52	JH2	20.000	100.000	True	False	True	False	False	False
ERR346596	ERR346596.325876	VHA1	JH4	4.124	100.000	True	False	True	False	False	False
ERR346596	ERR346596.325880	J558.47	JH3	15.464	100.000	True	False	True	False	False	False
ERR346596	ERR346596.326004	VH7183.a4.6,VHD6.96	JH4	16.495	92.857	True	False	True	False	False	False
ERR346596	ERR346596.325949	J558.54.148	JH2	59.375	93.333	True	False	True	False	False	False
ERR346596	ERR346596.326046	J558.50	JH3	83.505	100.000	True	False	True	False	False	False
ERR346596	ERR346596.326055	J558.h	JH4	83.158	100.000	True	False	True	False	False	False
ERR346596	ERR346596.326220	VH7183.a4.6,VHD6.96	JH4	41.237	100.000	True	False	True	False	False	False
ERR346596	ERR346596.326231	J558.5	JH4	94.898	81.250	False	True	False	True	False	False
ERR346596	ERR346596.326311	J558.2	JH2	36.458	100.000	True	False	True	False	False	False
ERR346596	ERR346596.326342	VHQ52.a13.37	JH2	40.625	100.000	True	False	True	False	False	False
ERR346596	ERR346596.326397	VHSM7.a3.93	JH2	24.742	100.000	True	False	True	False	False	False
ERR346596	ERR346596.326385	J558.h	JH4	84.694	100.000	True	False	True	False	False	False
ERR346596	ERR346596.326359	J558.46	JH4	69.072	93.750	True	False	True	False	False	False
ERR346596	ERR346596.326361	J558.h	JH4	82.653	100.000	True	False	True	False	False	False
ERR346596	ERR346596.326509	J558.8	JH3	83.673	100.000	True	False	True	False	False	False
ERR346596	ERR346596.326571	VHQ52.a27.79	JH2	32.292	100.000	True	False	True	False	False	False
ERR346596	ERR346596.326521	VH7183.a7.10	JH4	63.265	92.308	True	False	True	False	False	False
ERR346596	ERR346596.326794	VH7183.a4.6,VHD6.96	JH4	65.979	100.000	True	False	True	False	False	False
ERR346596	ERR346596.326746	VHQ52.a17.46	JH2	47.917	100.000	True	False	True	False	False	False
ERR346596	ERR346596.326826	cx9	JK3	50.000	100.000	True	False	True	False	False	False
ERR346596	ERR346596.326934	J558.h	JH4	82.653	92.857	True	False	True	False	False	False
ERR346596	ERR346596.326848	VH7183.a4.6,VHD6.96	JH4	69.072	92.857	True	False	True	False	False	False
ERR346596	ERR346596.326958	VH12.a3.101		40.000		True	False	True	False	False	False
ERR346596	ERR346596.326980	VHSM7.a3.93	JH2	57.292	100.000	True	False	True	False	False	False
ERR346596	ERR346596.327158	J558.h	JH4	82.474	92.857	True	False	True	False	False	False
ERR346596	ERR346596.327222	J558.79.184	JH4	80.208	87.500	True	False	True	False	False	False
ERR346596	ERR346596.327196	VH7183.7b	JH4	10.204	100.000	True	False	True	False	False	False
ERR346596	ERR346596.327279	VHSM7.a3.93	JH3	59.794	100.000	True	False	True	False	False	False
ERR346596	ERR346596.327261	J558.1	JH1	81.443	100.000	True	False	True	False	False	False
ERR346596	ERR346596.327494	J558.h	JH4	82.653	92.857	True	False	True	False	False	False
ERR346596	ERR346596.327448	J558.55.149	JH2	4.082	100.000	True	False	True	False	False	False
ERR346596	ERR346596.327553	J558.46	JH4	31.959	100.000	True	False	True	False	False	False
ERR346596	ERR346596.327732	VH7183.a46.75	JH4	62.887	100.000	True	False	True	False	False	False
ERR346596	ERR346596.327896	VHSM7.a4.108	JH3	7.368	100.000	True	False	True	False	False	False
ERR346596	ERR346596.327957	J558.50	JH3	81.443	100.000	True	False	True	False	False	False
ERR346596	ERR346596.327962	VHQ52.a27.79	JH1	24.211	100.000	True	False	True	False	False	False
ERR346596	ERR346596.328112	VHQ52.a27.79,VOx-1	JH4	47.368	92.857	True	False	True	False	False	False
ERR346596	ERR346596.328188	J558.5	JH4	93.878	81.250	False	True	False	True	False	False
ERR346596	ERR346596.328203	J558.18	JH4	57.292	100.000	True	False	True	False	False	False
ERR346596	ERR346596.328204	7183.6pg.9,7183.8pg.14,VH7183.a6psi.9	JH1,JH3	53.333	100.000	True	False	True	False	False	False
ERR346596	ERR346596.328195	J558.h	JH4	83.505	100.000	True	False	True	False	False	False
ERR346596	ERR346596.328153	J558.70pg.171,J558.n	JH3	81.443	92.308	True	False	True	False	False	False
ERR346596	ERR346596.328293	J558.50	JH4	6.250	100.000	True	False	True	False	False	False
ERR346596	ERR346596.328292	SM7.1.44,SM7.2.49,VHSM7.a3.93	JH2	80.000	100.000	True	False	True	False	False	False
ERR346596	ERR346596.328350	VHQ52.a27.79	JH1	59.794	100.000	True	False	True	False	False	False
ERR346596	ERR346596.328327	36-60.6.70,VH36-60.a6.114	JH2	72.727	100.000	True	False	True	False	False	False
ERR346596	ERR346596.328367	J558.13,J558.54.148	JH4	39.583	100.000	True	False	True	False	False	False
ERR346596	ERR346596.328456	VHSM7.a3.93	JH2	8.247	100.000	True	False	True	False	False	False
ERR346596	ERR346596.328450	J606.4.82	JH2	42.424	100.000	True	False	True	False	False	False
ERR346596	ERR346596.328503	J606.4.82		50.000		True	False	True	False	False	False
ERR346596	ERR346596.328519	VHQ52.a27.79	JH1	80.208	100.000	True	False	True	False	False	False
ERR346596	ERR346596.328556	J558.2	JH4	5.155	92.308	True	False	True	False	False	False
ERR346596	ERR346596.328553	J558.50	JH3	83.505	100.000	True	False	True	False	False	False
ERR346596	ERR346596.328590	J558.89pg.195	JH3	61.224	100.000	True	False	True	False	False	False
ERR346596	ERR346596.328642	J558.29	JH4	26.804	100.000	True	False	True	False	False	False
ERR346596	ERR346596.328679	VHSM7.a3.93	JH2	51.042	100.000	True	False	True	False	False	False
ERR346596	ERR346596.328820	VHSM7.a1.83,VHSM7.a3.93	JH4	73.958	100.000	True	False	True	False	False	False
ERR346596	ERR346596.328969	VHA1	JH2	98.969	80.000	False	True	False	True	False	False
ERR346596	ERR346596.328935	VHSM7.a3.93	JH2	26.042	100.000	True	False	True	False	False	False
ERR346596	ERR346596.328963	J558.55.149	JH2	55.208	100.000	True	False	True	False	False	False
ERR346596	ERR346596.329092	J558.8	JH3	83.673	100.000	True	False	True	False	False	False
ERR346596	ERR346596.329185	J558.83.189	JH2	63.918	100.000	True	False	True	False	False	False
ERR346596	ERR346596.329259	VHS107.a3.106	JH2	47.525	91.667	True	False	True	False	False	False
ERR346596	ERR346596.329498	VHQ52.a27.79	JH1	27.083	100.000	True	False	True	False	False	False
ERR346596	ERR346596.329427	J558.50	JH3	84.694	100.000	True	False	True	False	False	False
ERR346596	ERR346596.329543	J558.46	JH3	41.237	100.000	True	False	True	False	False	False
ERR346596	ERR346596.329549	J558.h	JH4	83.673	100.000	True	False	True	False	False	False
ERR346596	ERR346596.329566	Q52.3.8,VHQ52.a3.8	JH2	9.474	100.000	True	False	True	False	False	False
ERR346596	ERR346596.329587	J558.h	JH3	83.158	100.000	True	False	True	False	False	False
ERR346596	ERR346596.329588	J558.50	JH3	84.375	100.000	True	False	True	False	False	False
ERR346596	ERR346596.329605	VHQ52.a27.79	JH1	66.667	100.000	True	False	True	False	False	False
ERR346596	ERR346596.329636	J558.5	JH4	98.980	76.471	False	True	False	True	False	False
ERR346596	ERR346596.329729	J558.5	JH4	94.898	81.250	False	True	False	True	False	False
ERR346596	ERR346596.329764	J558.h	JH4	83.505	100.000	True	False	True	False	False	False
ERR346596	ERR346596.329802	VH7183.a33.55	JH2	19.388	100.000	True	False	True	False	False	False
ERR346596	ERR346596.329839	MAI1,MBK2,PWK2		66.667		True	False	True	False	False	False
ERR346596	ERR346596.329842	J558.48,J558.k	JH2,JH3	70.000	100.000	True	False	True	False	False	False
ERR346596	ERR346596.329974	J558.50	JH3	83.505	100.000	True	False	True	False	False	False
ERR346596	ERR346596.329957	VH61-1P,VH7183.a47.76	JH2	8.247	100.000	True	False	True	False	False	False
ERR346596	ERR346596.330077	J558.5	JH2	90.722	78.571	False	True	False	True	False	False
ERR346596	ERR346596.330138	J558.5	JH4	93.814	81.250	False	True	False	True	False	False
ERR346596	ERR346596.330144	J558.h	JH4	82.474	92.857	True	False	True	False	False	False
ERR346596	ERR346596.330177	J558.47	JH1	18.750	100.000	True	False	True	False	False	False
ERR346596	ERR346596.330174	J558.33	JH2	57.292	100.000	True	False	True	False	False	False
ERR346596	ERR346596.330212	VHSM7.a3.93	JH3	51.020	100.000	True	False	True	False	False	False
ERR346596	ERR346596.330307	J558.45	JH1	62.500	43.750	True	True	True	True	False	False
ERR346596	ERR346596.330259	J558.17	JH2	5.208	92.308	True	False	True	False	False	False
ERR346596	ERR346596.330317	J558.5	JH4	91.837	81.250	False	True	False	True	False	False
ERR346596	ERR346596.330353	V11,VHS107.a3.106	JH1	49.000	100.000	True	False	True	False	False	False
ERR346596	ERR346596.330325	J558.h	JH4	84.536	93.750	True	False	True	False	False	False
ERR346596	ERR346596.330470	J558.12	JH2	69.072	92.308	True	False	True	False	False	False
ERR346596	ERR346596.330496	J558.h	JH4	84.694	92.857	True	False	True	False	False	False
ERR346596	ERR346596.330464	VHSM7.a3.93	JH2	82.292	100.000	True	False	True	False	False	False
ERR346596	ERR346596.330519	J558.21pg.111,J558.25pg.115	JH3	82.474	100.000	True	False	True	False	False	False
ERR346596	ERR346596.330517	J558.48,J558.k	JH2,JH3	66.667	100.000	True	False	True	False	False	False
ERR346596	ERR346596.330566	J558.64.162,J558.74.176	JH3	57.292	92.857	True	False	True	False	False	False
ERR346596	ERR346596.330555	V11,VHS107.a3.106	JH1	17.172	94.118	True	False	True	False	False	False
ERR346596	ERR346596.330592	VH7183.a4.6,VHD6.96	JH4	19.792	100.000	True	False	True	False	False	False
ERR346596	ERR346596.330745	J558.1	JH2	71.134	100.000	True	False	True	False	False	False
ERR346596	ERR346596.330807	J558.64.162,J558.74.176	JH3	18.367	100.000	True	False	True	False	False	False
ERR346596	ERR346596.330876	VHSM7.a4.108	JH2	96.907	28.571	False	True	False	True	False	False
ERR346596	ERR346596.330848	J558.17	JH2	82.292	84.615	True	True	True	True	False	False
ERR346596	ERR346596.330919	VHQ52.a27.79,VOx-1	JH4	45.263	100.000	True	False	True	False	False	False
ERR346596	ERR346596.330869	J558.8	JH3	84.694	100.000	True	False	True	False	False	False
ERR346596	ERR346596.331019	VHSM7.a3.93	JH2	90.722	80.000	False	True	False	True	False	False
ERR346596	ERR346596.331073	MAI1,MBK2,PWK2		66.667		True	False	True	False	False	False
ERR346596	ERR346596.331098	J558.50	JH3	84.694	92.857	True	False	True	False	False	False
ERR346596	ERR346596.331231	J558.29	JH4	18.681	100.000	True	False	True	False	False	False
ERR346596	ERR346596.331207	J558.19	JH2	44.330	100.000	True	False	True	False	False	False
ERR346596	ERR346596.331258	VHQ52.a27.79	JH1	66.667	93.333	True	False	True	False	False	False
ERR346596	ERR346596.331218	J558.54.148	JH3	44.898	100.000	True	False	True	False	False	False
ERR346596	ERR346596.331341	VHSM7.a3.93	JH4	91.753	50.000	False	True	False	True	False	False
ERR346596	ERR346596.331393	J558.2	JH3	83.333	85.714	True	False	True	False	False	False
ERR346596	ERR346596.331424	VHSM7.a3.93	JH3	17.708	100.000	True	False	True	False	False	False
ERR346596	ERR346596.331482	VHA1	JH2	34.021	100.000	True	False	True	False	False	False
ERR346596	ERR346596.331500	H13-3	JH3	90.816	80.000	False	True	False	True	False	False
ERR346596	ERR346596.331605	J558.50	JH3	82.474	100.000	True	False	True	False	False	False
ERR346596	ERR346596.331641	J558.50	JH3	81.633	100.000	True	False	True	False	False	False
ERR346596	ERR346596.331793	V11,VHS107.a3.106	JH1	6.000	100.000	True	False	True	False	False	False
ERR346596	ERR346596.331860	J558.f	JH2	13.402	100.000	True	False	True	False	False	False
ERR346596	ERR346596.331907	VHQ52.a27.79,VOx-1	JH4	58.947	100.000	True	False	True	False	False	False
ERR346596	ERR346596.332009	J558.45	JH1	36.170	100.000	True	False	True	False	False	False
ERR346596	ERR346596.332010	J558.70pg.171,J558.n	JH4	92.708	82.353	False	True	False	True	False	False
ERR346596	ERR346596.332012	VHSM7.a3.93	JH3	56.250	100.000	True	False	True	False	False	False
ERR346596	ERR346596.332133	VH36-60.a6.114	JH2	43.878	100.000	True	False	True	False	False	False
ERR346596	ERR346596.332226	VHSM7.a3.93	JH2	25.000	92.308	True	False	True	False	False	False
ERR346596	ERR346596.332398	VH7183.a4.6,VHD6.96	JH4	93.814	80.000	False	True	False	True	False	False
ERR346596	ERR346596.332445	J558.50	JH3	84.536	100.000	True	False	True	False	False	False
ERR346596	ERR346596.332487	J558.39	JH3	59.375	100.000	True	False	True	False	False	False
ERR346596	ERR346596.332495	J558.47	JH2	6.250	100.000	True	False	True	False	False	False
ERR346596	ERR346596.332489	J558.37	JH4	9.278	100.000	True	False	True	False	False	False
ERR346596	ERR346596.332511	J558.5	JH4	94.565	81.250	False	True	False	True	False	False
ERR346596	ERR346596.332535	J558.5	JH3	65.625	100.000	True	False	True	False	False	False
ERR346596	ERR346596.332558	J558.h	JH2	84.536	100.000	True	False	True	False	False	False
ERR346596	ERR346596.332590	S107.3.62,V11,VHS107.a2psi.82	JH1	66.667	100.000	True	False	True	False	False	False
ERR346596	ERR346596.332621	J558.29	JH4	58.763	100.000	True	False	True	False	False	False
ERR346596	ERR346596.332623	J558.47	JH2	5.102	100.000	True	False	True	False	False	False
ERR346596	ERR346596.332690	VHQ52.a27.79,VOx-1	JH4	54.737	100.000	True	False	True	False	False	False
ERR346596	ERR346596.332765	VHQ52.a1psi.2		62.500		True	False	True	False	False	False
ERR346596	ERR346596.332774	J558.50	JH3	83.505	100.000	True	False	True	False	False	False
ERR346596	ERR346596.332773	VHQ52.a2.4	JH2	60.825	86.667	True	False	True	False	False	False
ERR346596	ERR346596.332802	J558.50	JH3	82.474	92.857	True	False	True	False	False	False
ERR346596	ERR346596.332814	J558.47	JH4	100.000	76.471	False	True	False	True	False	False
ERR346596	ERR346596.332859	J558.15	JH4	100.000	81.250	False	True	False	True	False	False
ERR346596	ERR346596.332958	VHSM7.a3.93	JH3	59.794	100.000	True	False	True	False	False	False
ERR346596	ERR346596.332968	VH7183.a46.75	JH4	6.186	100.000	True	False	True	False	False	False
ERR346596	ERR346596.332967	VHQ52.a27.79,VOx-1	JH4	78.947	100.000	True	False	True	False	False	False
ERR346596	ERR346596.332982	VHQ52.a2.4	JH3	61.053	100.000	True	False	True	False	False	False
ERR346596	ERR346596.333067	VHSM7.a3.93	JH3	28.866	92.308	True	False	True	False	False	False
ERR346596	ERR346596.333065	J558.50	JH3	84.694	100.000	True	False	True	False	False	False
ERR346596	ERR346596.333070	VHQ52.a27.79	JH4	96.875	50.000	False	True	False	True	False	False
ERR346596	ERR346596.333124	J558.54.148	JH2	45.361	93.333	True	False	True	False	False	False
ERR346596	ERR346596.333111	VHS107.a3.106	JH1	48.515	100.000	True	False	True	False	False	False
ERR346596	ERR346596.333115	J558.50	JH3	49.485	100.000	True	False	True	False	False	False
ERR346596	ERR346596.333150	J558.h	JH4	84.536	100.000	True	False	True	False	False	False
ERR346596	ERR346596.333119	H13-3	JH2	36.082	100.000	True	False	True	False	False	False
ERR346596	ERR346596.333142	J558.h	JH4	82.474	93.750	True	False	True	False	False	False
ERR346596	ERR346596.333286	J558.47	JH3	46.875	100.000	True	False	True	False	False	False
ERR346596	ERR346596.333288	VH36-60.a2.90	JH2	76.289	100.000	True	False	True	False	False	False
ERR346596	ERR346596.333354	VHX24.a1.84	JH3	88.776	63.636	False	True	False	True	False	False
ERR346596	ERR346596.333436	VHQ52.a5.13	JH3	14.433	100.000	True	False	True	False	False	False
ERR346596	ERR346596.333545	J558.h	JH3	84.375	100.000	True	False	True	False	False	False
ERR346596	ERR346596.333594	VHQ52.a27.79	JH1	80.412	100.000	True	False	True	False	False	False
ERR346596	ERR346596.333620	J558.64.162,J558.74.176	JH3	94.898	42.857	False	True	False	True	False	False
ERR346596	ERR346596.333726	VHSM7.a3.93	JH4	42.708	100.000	True	False	True	False	False	False
ERR346596	ERR346596.333800	VH36-60.a1.85	JH4	11.340	93.333	True	False	True	False	False	False
ERR346596	ERR346596.333839	J558.21pg.111,J558.25pg.115	JH3	83.505	92.308	True	False	True	False	False	False
ERR346596	ERR346596.333943	VHQ52.a27.79	JH1	26.042	100.000	True	False	True	False	False	False
ERR346596	ERR346596.333989	VHSM7.a3.93	JH4	94.898	80.000	False	True	False	True	False	False
ERR346596	ERR346596.334156	VHSM7.a3.93	JH3	42.708	100.000	True	False	True	False	False	False
ERR346596	ERR346596.334374	VHSM7.a3.93	JH3	60.417	100.000	True	False	True	False	False	False
ERR346596	ERR346596.334395	J558.14pg.104	JH4	71.429	100.000	True	False	True	False	False	False
ERR346596	ERR346596.334407	J558.33	JH3	36.082	100.000	True	False	True	False	False	False
ERR346596	ERR346596.334552	J558.64.162,J558.74.176	JH3	38.542	100.000	True	False	True	False	False	False
ERR346596	ERR346596.334542	J558.19.109	JH4	84.694	92.857	True	False	True	False	False	False
ERR346596	ERR346596.334596	J558.19	JH3	100.000	57.143	False	True	False	True	False	False
ERR346596	ERR346596.334636	J558.47	JH2	20.619	100.000	True	False	True	False	False	False
ERR346596	ERR346596.334631	VH7183.a37.59	JH2	97.938	35.714	False	True	False	True	False	False
ERR346596	ERR346596.334668	J558.52.145,J558.61.157,V3	JH2	17.526	100.000	True	False	True	False	False	False
ERR346596	ERR346596.334627	VHQ52.a27.79,VOx-1	JH4	27.368	100.000	True	False	True	False	False	False
ERR346596	ERR346596.334702	J558.h	JH4	83.673	92.857	True	False	True	False	False	False
ERR346596	ERR346596.334741	VH7183.a22psi.36	JH2	62.500	100.000	True	False	True	False	False	False
ERR346596	ERR346596.334946	J558.37.127	JH3	24.742	100.000	True	False	True	False	False	False
ERR346596	ERR346596.334874	J558.83.189	JH2	89.691	60.000	False	True	False	True	False	False
ERR346596	ERR346596.334978	J558.46	JH4	3.125	93.750	True	False	True	False	False	False
ERR346596	ERR346596.335004	V11,VHS107.a3.106	JH1	49.000	100.000	True	False	True	False	False	False
ERR346596	ERR346596.335077	V102	JH4	84.375	93.750	True	False	True	False	False	False
ERR346596	ERR346596.335166	VHS107.a3.106	JH2	97.030	84.615	False	True	False	True	False	False
ERR346596	ERR346596.335155	J558.17	JH2	65.625	100.000	True	False	True	False	False	False
ERR346596	ERR346596.335210	J558.83.189	JH2	50.000	100.000	True	False	True	False	False	False
ERR346596	ERR346596.335219	J558.50	JH3	84.694	100.000	True	False	True	False	False	False
ERR346596	ERR346596.335233	J558.44	JH2	100.000	61.538	False	True	False	True	False	False
ERR346596	ERR346596.335292	J558.38pg.128	JH4	83.333	100.000	True	False	True	False	False	False
ERR346596	ERR346596.335313	VHQ52.a27.79,VOx-1	JH1	32.632	100.000	True	False	True	False	False	False
ERR346596	ERR346596.335391	J558.50	JH3	82.653	100.000	True	False	True	False	False	False
ERR346596	ERR346596.335402	VHA1	JH2	98.969	28.571	False	True	False	True	False	False
ERR346596	ERR346596.335411	J558.3.90,J558.50	JH3	50.000	100.000	True	False	True	False	False	False
ERR346596	ERR346596.335406	VHQ52.a27.79	JH1	46.392	100.000	True	False	True	False	False	False
ERR346596	ERR346596.335442	J558.79.184	JH4	82.474	87.500	True	False	True	False	False	False
ERR346596	ERR346596.335535	J558.50	JH3	84.536	100.000	True	False	True	False	False	False
ERR346596	ERR346596.335571	VHQ52.a27.79	JH2	81.250	100.000	True	False	True	False	False	False
ERR346596	ERR346596.335603	VHSM7.a3.93	JH3	97.917	53.846	False	True	False	True	False	False
ERR346596	ERR346596.335568	J558.l	JH4	56.250	93.333	True	False	True	False	False	False
ERR346596	ERR346596.335712	J558.45	JH1	23.077	100.000	True	False	True	False	False	False
ERR346596	ERR346596.335728	J558.54.148	JH3	93.684	36.364	False	True	False	True	False	False
ERR346596	ERR346596.335727	J558.17	JH3	41.053	100.000	True	False	True	False	False	False
ERR346596	ERR346596.335812	J558.50	JH3	84.694	100.000	True	False	True	False	False	False
ERR346596	ERR346596.335886	VHSM7.a3.93	JH2	65.625	100.000	True	False	True	False	False	False
ERR346596	ERR346596.336002	J558.33	JH4	14.583	100.000	True	False	True	False	False	False
ERR346596	ERR346596.336110	J558.21pg.111,J558.25pg.115	JH3	83.505	100.000	True	False	True	False	False	False
ERR346596	ERR346596.336226	SM7.1.44,SM7.2.49,VHSM7.a3.93	JH2	77.778	100.000	True	False	True	False	False	False
ERR346596	ERR346596.336241	VHQ52.a27.79	JH1	81.250	100.000	True	False	True	False	False	False
ERR346596	ERR346596.336289	VHSM7.a1.83	JH4	30.612	100.000	True	False	True	False	False	False
ERR346596	ERR346596.336298	VHSM7.a3.93	JH3	97.938	76.923	False	True	False	True	False	False
ERR346596	ERR346596.336174	J558.21pg.111,J558.25pg.115	JH3	82.474	100.000	True	False	True	False	False	False
ERR346596	ERR346596.336297	VHQ52.a27.79	JH4	78.125	94.118	True	False	True	False	False	False
ERR346596	ERR346596.336420	VHX24.a1.84	JH2	27.835	100.000	True	False	True	False	False	False
ERR346596	ERR346596.336405	J558.5	JH4	93.814	81.250	False	True	False	True	False	False
ERR346596	ERR346596.336428	VHSM7.a3.93	JH2	26.804	92.308	True	False	True	False	False	False
ERR346596	ERR346596.336378	VH7183.7b	JH4	66.667	100.000	True	False	True	False	False	False
ERR346596	ERR346596.336440	Q52.1pg.2,VHQ52.a1psi.2		62.500		True	False	True	False	False	False
ERR346596	ERR346596.336577	J558.38pg.128	JH4	83.333	100.000	True	False	True	False	False	False
ERR346596	ERR346596.336755	J558.27pg.117	JH4	10.870	100.000	True	False	True	False	False	False
ERR346596	ERR346596.336781	VHS107.a3.106	JH1	76.238	100.000	True	False	True	False	False	False
ERR346596	ERR346596.336844	VH36-60.a2.90	JH4	92.784	82.353	False	True	False	True	False	False
ERR346596	ERR346596.336943	J558.21pg.111,J558.25pg.115	JH3	82.292	100.000	True	False	True	False	False	False
ERR346596	ERR346596.336966	V11,VHS107.a3.106	JH1	40.000	86.667	True	False	True	False	False	False
ERR346596	ERR346596.336979	VHQ52.a27.79	JH1	81.443	100.000	True	False	True	False	False	False
ERR346596	ERR346596.336988	J558.39	JH3	53.608	100.000	True	False	True	False	False	False
ERR346596	ERR346596.337001	J558.17	JH3	51.042	93.333	True	False	True	False	False	False
ERR346596	ERR346596.337026	VHSM7.a3.93	JH2	29.167	92.308	True	False	True	False	False	False
ERR346596	ERR346596.337058	VH7183.a19.31	JH2	73.196	100.000	True	False	True	False	False	False
ERR346596	ERR346596.337076	VHSM7.a3.93	JH2	83.505	100.000	True	False	True	False	False	False
ERR346596	ERR346596.337136	J558.13	JH3	25.000	100.000	True	False	True	False	False	False
ERR346596	ERR346596.337144	J558.29	JH4	6.122	100.000	True	False	True	False	False	False
ERR346596	ERR346596.337225	J558.50	JH3	82.653	100.000	True	False	True	False	False	False
ERR346596	ERR346596.337219	J558.50	JH3	84.536	100.000	True	False	True	False	False	False
ERR346596	ERR346596.337286	J558.1	JH2	2.062	100.000	True	False	True	False	False	False
ERR346596	ERR346596.337318	VH61-1P,VH7183.a47.76	JH2	42.708	100.000	True	False	True	False	False	False
ERR346596	ERR346596.337395	J558.2	JH3	90.722	77.778	False	True	False	True	False	False
ERR346596	ERR346596.337459	VHSM7.a1.83	JH4	14.433	93.750	True	False	True	False	False	False
ERR346596	ERR346596.337546	VHSM7.a3.93	JH3	72.165	100.000	True	False	True	False	False	False
ERR346596	ERR346596.337769	VHX24.a1.84	JH3	36.735	100.000	True	False	True	False	False	False
ERR346596	ERR346596.337800	J558.h	JH4	83.505	93.750	True	False	True	False	False	False
ERR346596	ERR346596.337872	VHA1	JH2	43.750	86.667	True	False	True	False	False	False
ERR346596	ERR346596.337857	J558.17	JH4	23.158	100.000	True	False	True	False	False	False
ERR346596	ERR346596.337886	VHQ52.a27.79	JH2	42.708	92.857	True	False	True	False	False	False
ERR346596	ERR346596.337926	VHQ52.a22.67	JH1	53.125	93.750	True	False	True	False	False	False
ERR346596	ERR346596.338075	J558.19	JH2	45.833	100.000	True	False	True	False	False	False
ERR346596	ERR346596.338151	J606.4.82		50.000		True	False	True	False	False	False
ERR346596	ERR346596.338147	J558.50	JH3	84.536	100.000	True	False	True	False	False	False
ERR346596	ERR346596.338226	J558.23	JH4	6.250	100.000	True	False	True	False	False	False
ERR346596	ERR346596.338236	J558.46	JH4	66.667	100.000	True	False	True	False	False	False
ERR346596	ERR346596.338229	J558.79.184,J558.h	JH4	84.211	100.000	True	False	True	False	False	False
ERR346596	ERR346596.338304	J558.50	JH3	83.505	100.000	True	False	True	False	False	False
ERR346596	ERR346596.338391	VH7183.a4.6,VHD6.96	JH3	97.959	66.667	False	True	False	True	False	False
ERR346596	ERR346596.338442	J558.h	JH4	84.536	93.750	True	False	True	False	False	False
ERR346596	ERR346596.338472	J558.64.162,J558.74.176	JH3	54.639	100.000	True	False	True	False	False	False
ERR346596	ERR346596.338521	J558.50	JH3	84.536	100.000	True	False	True	False	False	False
ERR346596	ERR346596.338541	J558.50	JH3	84.694	100.000	True	False	True	False	False	False
ERR346596	ERR346596.338661	VHSM7.a3.93		82.105		True	False	True	False	False	False
ERR346596	ERR346596.338788	J558.45	JH3	6.250	100.000	True	False	True	False	False	False
ERR346596	ERR346596.338806	VHS107.a3.106	JH1	10.000	100.000	True	False	True	False	False	False
ERR346596	ERR346596.338968	VHQ52.a27.79	JH1	81.443	100.000	True	False	True	False	False	False
ERR346596	ERR346596.339090	J558.46	JH3	87.629	38.462	False	True	False	True	False	False
ERR346596	ERR346596.339105	J558.64.162,J558.74.176	JH3	53.608	100.000	True	False	True	False	False	False
ERR346596	ERR346596.339172	J558.50	JH3	84.536	92.857	True	False	True	False	False	False
ERR346596	ERR346596.339256	J558.h	JH4	82.474	100.000	True	False	True	False	False	False
ERR346596	ERR346596.339379	VHSM7.a3.93	JH4	59.794	92.857	True	False	True	False	False	False
ERR346596	ERR346596.339403	VHX24.a1.84	JH3	26.804	93.333	True	False	True	False	False	False
ERR346596	ERR346596.339434	J558.37,J558.38,J558.39		80.000		True	False	True	False	False	False
ERR346596	ERR346596.339514	VHQ52.a27.79	JH4	47.917	100.000	True	False	True	False	False	False
ERR346596	ERR346596.339585	J558.h	JH4	84.536	100.000	True	False	True	False	False	False
ERR346596	ERR346596.339617	J558.79.184,J558.h	JH4	84.694	93.750	True	False	True	False	False	False
ERR346596	ERR346596.339653	J558.5	JH4	94.845	81.250	False	True	False	True	False	False
ERR346596	ERR346596.339610	VH7183.a4.6,VHD6.96	JH4	26.804	100.000	True	False	True	False	False	False
ERR346596	ERR346596.339773	VHQ52.a27.79	JH1	31.959	100.000	True	False	True	False	False	False
ERR346596	ERR346596.339783	J558.55.149	JH2	93.814	30.769	False	True	False	True	False	False
ERR346596	ERR346596.339780	VHQ52.a27.79	JH4	46.875	100.000	True	False	True	False	False	False
ERR346596	ERR346596.339907	J558.29	JH4	68.750	100.000	True	False	True	False	False	False
ERR346596	ERR346596.340005	J558.29	JH4	16.327	100.000	True	False	True	False	False	False
ERR346596	ERR346596.340046	J558.19	JH4	12.500	93.750	True	False	True	False	False	False
ERR346596	ERR346596.340081	J558.37.127	JH4	65.979	100.000	True	False	True	False	False	False
ERR346596	ERR346596.340222	VHQ52.a27.79,VOx-1	JH4	81.250	100.000	True	False	True	False	False	False
ERR346596	ERR346596.340179	J558.h	JH4	83.333	93.750	True	False	True	False	False	False
ERR346596	ERR346596.340324	VHQ52.a27.79,VOx-1	JH4	36.559	100.000	True	False	True	False	False	False
ERR346596	ERR346596.340305	J558.46	JH4	51.546	87.500	True	False	True	False	False	False
ERR346596	ERR346596.340267	J558.h	JH4	82.653	92.857	True	False	True	False	False	False
ERR346596	ERR346596.340358	VH36-60.a2.90	JH3	74.227	100.000	True	False	True	False	False	False
ERR346596	ERR346596.340394	J558.38pg.128	JH2	70.000	100.000	True	False	True	False	False	False
ERR346596	ERR346596.340303	J558.h	JH4	81.633	92.857	True	False	True	False	False	False
ERR346596	ERR346596.340400	VHSM7.a3.93	JH3	11.458	100.000	True	False	True	False	False	False
ERR346596	ERR346596.340507	J558.h	JH4	84.536	92.857	True	False	True	False	False	False
ERR346596	ERR346596.340522	VH7183.a7.10	JH4	40.816	100.000	True	False	True	False	False	False
ERR346596	ERR346596.340627	VHQ52.a27.79	JH2	31.250	92.308	True	False	True	False	False	False
ERR346596	ERR346596.340680	VHQ52.a27.79,VOx-1	JH4	78.947	100.000	True	False	True	False	False	False
ERR346596	ERR346596.340717	J558.50	JH3	84.694	100.000	True	False	True	False	False	False
ERR346596	ERR346596.340741	J558.45	JH1	73.196	100.000	True	False	True	False	False	False
ERR346596	ERR346596.340774	S107.1.42,V1,VHS107.a1.81	JH1	77.778	100.000	True	False	True	False	False	False
ERR346596	ERR346596.340902	J558.45	JH4	6.186	94.118	True	False	True	False	False	False
ERR346596	ERR346596.340877	VHX24.a1.84	JH3	29.167	100.000	True	False	True	False	False	False
ERR346596	ERR346596.340894	J558.64.162,J558.74.176	JH1	66.667	100.000	True	False	True	False	False	False
ERR346596	ERR346596.340947	J558.h	JH4	81.443	92.857	True	False	True	False	False	False
ERR346596	ERR346596.341065	VHX24.a1.84	JH3	82.353	100.000	True	False	True	False	False	False
ERR346596	ERR346596.341126	J558.50	JH3	84.694	100.000	True	False	True	False	False	False
ERR346596	ERR346596.341195	J558.20pg.110,J558.34.124		71.429		True	False	True	False	False	False
ERR346596	ERR346596.341210	J558.50	JH3	83.505	100.000	True	False	True	False	False	False
ERR346596	ERR346596.341281	J558.h	JH4	82.292	93.750	True	False	True	False	False	False
ERR346596	ERR346596.341278	VH7183.a31psi.53	JH2	80.000	100.000	True	False	True	False	False	False
ERR346596	ERR346596.341395	V11,VHS107.a3.106	JH1	75.000	100.000	True	False	True	False	False	False
ERR346596	ERR346596.341548	VHQ52.a13.37	JH4	80.208	100.000	True	False	True	False	False	False
ERR346596	ERR346596.341662	VHSM7.a3.93	JH2	7.292	100.000	True	False	True	False	False	False
ERR346596	ERR346596.341666	J558.21pg.111	JH3	27.083	100.000	True	False	True	False	False	False
ERR346596	ERR346596.341674	J558.37	JH3	69.072	93.333	True	False	True	False	False	False
ERR346596	ERR346596.341715	VH36-60.a1.85	JH2	63.542	100.000	True	False	True	False	False	False
ERR346596	ERR346596.341696	VHQ52.a27.79,VOx-1	JH4	26.316	100.000	True	False	True	False	False	False
ERR346596	ERR346596.341682	J558.50	JH3	84.536	100.000	True	False	True	False	False	False
ERR346596	ERR346596.341757	VHSM7.a3.93	JH3	91.753	61.538	False	True	False	True	False	False
ERR346596	ERR346596.341761	VHQ52.a27.79	JH1	81.250	100.000	True	False	True	False	False	False
ERR346596	ERR346596.341950	J558.29	JH4	53.608	100.000	True	False	True	False	False	False
ERR346596	ERR346596.342073	J558.61.157,V3	JH2	71.134	100.000	True	False	True	False	False	False
ERR346596	ERR346596.342176	J558.50	JH3	83.333	100.000	True	False	True	False	False	False
ERR346596	ERR346596.342193	VHSM7.a3.93	JH2	67.010	100.000	True	False	True	False	False	False
ERR346596	ERR346596.342276	J558.50	JH3	84.536	100.000	True	False	True	False	False	False
ERR346596	ERR346596.342304	J558.h	JH4	83.871	100.000	True	False	True	False	False	False
ERR346596	ERR346596.342315	J558.34	JH2	83.505	93.333	True	False	True	False	False	False
ERR346596	ERR346596.342324	J558.47	JH4	70.833	100.000	True	False	True	False	False	False
ERR346596	ERR346596.342384	J558.20	JH2	95.876	73.333	False	True	False	True	False	False
ERR346596	ERR346596.342414	J558.h	JH4	83.505	93.750	True	False	True	False	False	False
ERR346596	ERR346596.342510	J558.8	JH3	84.694	100.000	True	False	True	False	False	False
ERR346596	ERR346596.342552	J558.h	JH4	84.694	92.857	True	False	True	False	False	False
ERR346596	ERR346596.342679	J558.h	JH4	82.474	92.857	True	False	True	False	False	False
ERR346596	ERR346596.342810	J558.50	JH3	38.542	92.308	True	False	True	False	False	False
ERR346596	ERR346596.342852	VHSM7.a4.108	JH3	82.292	100.000	True	False	True	False	False	False
ERR346596	ERR346596.342881	J606.1.79,J606.4.82,VH22.1	JH4	66.667	100.000	True	False	True	False	False	False
ERR346596	ERR346596.342836	VHX24.a1.84	JH2	43.299	100.000	True	False	True	False	False	False
ERR346596	ERR346596.342930	VH36-60.a2.90	JH4	95.876	82.353	False	True	False	True	False	False
ERR346596	ERR346596.342985	VHSM7.a3.93	JH2	83.505	100.000	True	False	True	False	False	False
ERR346596	ERR346596.343041	J558.45,J558.70pg.171	JH2	77.778	100.000	True	False	True	False	False	False
ERR346596	ERR346596.343071	J558.20	JH1	6.186	93.333	True	False	True	False	False	False
ERR346596	ERR346596.343096	J558.h	JH4	80.412	100.000	True	False	True	False	False	False
ERR346596	ERR346596.343105	VH108A	JH3	50.515	100.000	True	False	True	False	False	False
ERR346596	ERR346596.343117	VH7183.a4.6,VHD6.96	JH4	34.021	100.000	True	False	True	False	False	False
ERR346596	ERR346596.343139	J558.h	JH4	84.536	93.750	True	False	True	False	False	False
ERR346596	ERR346596.343163	SM7.1.44,SM7.2.49,VHSM7.a3.93	JH2	80.000	100.000	True	False	True	False	False	False
ERR346596	ERR346596.343172	VH7183.a4.6,VHD6.96	JH3	35.714	91.667	True	False	True	False	False	False
ERR346596	ERR346596.343258	J558.27pg.117	JH4	10.870	93.333	True	False	True	False	False	False
ERR346596	ERR346596.343321	VH7183.a4.6,VHD6.96	JH4	14.433	92.857	True	False	True	False	False	False
ERR346596	ERR346596.343322	VH61-1P,VH7183.a47.76	JH4	9.278	100.000	True	False	True	False	False	False
ERR346596	ERR346596.343390	VH7183.a4.6,VHD6.96	JH4	70.103	100.000	True	False	True	False	False	False
ERR346596	ERR346596.343423	J558.h	JH4	84.211	100.000	True	False	True	False	False	False
ERR346596	ERR346596.343438	VHQ52.a27.79,VOx-1	JH4	78.947	100.000	True	False	True	False	False	False
ERR346596	ERR346596.343485	VH61-1P,VH7183.a47.76	JH4	35.052	100.000	True	False	True	False	False	False
ERR346596	ERR346596.343428	J558.25pg.115	JH3	84.536	100.000	True	False	True	False	False	False
ERR346596	ERR346596.343514	VHQ52.a27.79	JH1	96.875	46.667	False	True	False	True	False	False
ERR346596	ERR346596.343472	J558.h	JH4	82.979	93.750	True	False	True	False	False	False
ERR346596	ERR346596.343626	J558.39	JH3	58.763	100.000	True	False	True	False	False	False
ERR346596	ERR346596.343571	J558.50	JH3	83.505	92.857	True	False	True	False	False	False
ERR346596	ERR346596.343792	J606.4.82	JH2	90.909	38.462	False	True	False	True	False	False
ERR346596	ERR346596.343764	VHA1	JH2	96.939	80.000	False	True	False	True	False	False
ERR346596	ERR346596.343858	J558.f	JH1	84.884	100.000	True	False	True	False	False	False
ERR346596	ERR346596.343931	J558.47	JH2	15.464	93.333	True	False	True	False	False	False
ERR346596	ERR346596.344028	J558.50	JH3	81.633	100.000	True	False	True	False	False	False
ERR346596	ERR346596.344144	VH7183.a7.10	JH4	59.184	92.308	True	False	True	False	False	False
ERR346596	ERR346596.344165	VHQ52.a27.79	JH1	54.167	100.000	True	False	True	False	False	False
ERR346596	ERR346596.344303	J558.50	JH3	84.694	100.000	True	False	True	False	False	False
ERR346596	ERR346596.344309	VH7183.a28.48	JH4	4.082	100.000	True	False	True	False	False	False
ERR346596	ERR346596.344305	J558.44	JH2	78.351	100.000	True	False	True	False	False	False
ERR346596	ERR346596.344327	VHQ52.a27.79	JH1	81.250	100.000	True	False	True	False	False	False
ERR346596	ERR346596.344364	VHSM7.a3.93	JH2	5.208	100.000	True	False	True	False	False	False
ERR346596	ERR346596.344330	VHSM7.a3.93	JH2	35.052	100.000	True	False	True	False	False	False
ERR346596	ERR346596.344562	J558.44	JH4	94.681	81.250	False	True	False	True	False	False
ERR346596	ERR346596.344574	VH7183.7b	JH3,JH4	77.778	100.000	True	False	True	False	False	False
ERR346596	ERR346596.344566	J606.4.82		50.000		True	False	True	False	False	False
ERR346596	ERR346596.344591	J558.21pg.111,J558.25pg.115	JH3	83.505	100.000	True	False	True	False	False	False
ERR346596	ERR346596.344686	J558.35	JH2	70.833	100.000	True	False	True	False	False	False
ERR346596	ERR346596.344756	VHQ52.a27.79,VOx-1	JH4	73.958	100.000	True	False	True	False	False	False
ERR346596	ERR346596.344785	J558.h	JH4	83.505	100.000	True	False	True	False	False	False
ERR346596	ERR346596.344814	VH7183.7b	JH2	98.969	80.000	False	True	False	True	False	False
ERR346596	ERR346596.344793	J558.18A,J558.54,J558.83.189	JH1	50.000	100.000	True	False	True	False	False	False
ERR346596	ERR346596.344987	VH7183.a6psi.9		72.727		True	False	True	False	False	False
ERR346596	ERR346596.344949	J558.19	JH2	76.289	100.000	True	False	True	False	False	False
ERR346596	ERR346596.344996	VHQ52.a27.79	JH1	80.208	100.000	True	False	True	False	False	False
ERR346596	ERR346596.345047	J558.17	JH4	76.842	100.000	True	False	True	False	False	False
ERR346596	ERR346596.345219	VHSM7.a3.93	JH2	100.000	40.000	False	True	False	True	False	False
ERR346596	ERR346596.345302	J558.32	JH2	82.474	92.857	True	False	True	False	False	False
ERR346596	ERR346596.345288	7183.15pg.26		75.000		True	False	True	False	False	False
ERR346596	ERR346596.345480	J558.50	JH3	84.694	100.000	True	False	True	False	False	False
ERR346596	ERR346596.345503	J558.h	JH4	83.158	100.000	True	False	True	False	False	False
ERR346596	ERR346596.345610	V11,VHS107.a3.106	JH2	17.822	100.000	True	False	True	False	False	False
ERR346596	ERR346596.345606	VHA1	JH2	77.320	86.667	True	False	True	False	False	False
ERR346596	ERR346596.345763	J558.h	JH4	79.381	92.857	True	False	True	False	False	False
ERR346596	ERR346596.345823	VH7183.a19.31	JH1	83.673	100.000	True	False	True	False	False	False
ERR346596	ERR346596.345887	VH7183.a7.10	JH4	5.155	92.308	True	False	True	False	False	False
ERR346596	ERR346596.346130	VHSM7.a3.93	JH1	8.247	100.000	True	False	True	False	False	False
ERR346596	ERR346596.346113	VHA1	JH2	64.948	86.667	True	False	True	False	False	False
ERR346596	ERR346596.346120	VHSM7.a3.93	JH3	64.583	100.000	True	False	True	False	False	False
ERR346596	ERR346596.346187	VHQ52.a27.79	JH1	29.897	100.000	True	False	True	False	False	False
ERR346596	ERR346596.346208	VHJ606.a6.127#	JH2	84.694	91.667	True	False	True	False	False	False
ERR346596	ERR346596.346345	J558.64.162,J558.74.176	JH2	28.866	100.000	True	False	True	False	False	False
ERR346596	ERR346596.346423	J558.19.109,J558.37.127	JH3	13.402	93.333	True	False	True	False	False	False
ERR346596	ERR346596.346551	J606.4.82		50.000		True	False	True	False	False	False
ERR346596	ERR346596.346546	J558.i	JH3	100.000	66.667	False	True	False	True	False	False
ERR346596	ERR346596.346583	J558.70pg.171,J558.n	JH3	84.536	92.857	True	False	True	False	False	False
ERR346596	ERR346596.346625	J558.50	JH3	83.673	100.000	True	False	True	False	False	False
ERR346596	ERR346596.346643	J558.5	JH4	93.814	81.250	False	True	False	True	False	False
ERR346596	ERR346596.346778	J558.44	JH1	6.186	100.000	True	False	True	False	False	False
ERR346596	ERR346596.346790	J558.h	JH4	84.694	92.857	True	False	True	False	False	False
ERR346596	ERR346596.346775	J558.17	JH2	94.737	84.615	False	True	False	True	False	False
ERR346596	ERR346596.346850	J558.h	JH4	82.474	92.857	True	False	True	False	False	False
ERR346596	ERR346596.346922	J558.70pg.171,J558.n	JH4	88.660	82.353	False	True	False	True	False	False
ERR346596	ERR346596.347041	J558.h	JH4	84.536	100.000	True	False	True	False	False	False
ERR346596	ERR346596.347240	J558.54.148	JH2	30.928	93.333	True	False	True	False	False	False
ERR346596	ERR346596.347284	VHA1	JH4	42.708	100.000	True	False	True	False	False	False
ERR346596	ERR346596.347269	VHSM7.a3.93	JH2	61.856	100.000	True	False	True	False	False	False
ERR346596	ERR346596.347390	J558.70pg.171,J558.n	JH3	6.250	92.308	True	False	True	False	False	False
ERR346596	ERR346596.347459	VHA1	JH2	98.980	80.000	False	True	False	True	False	False
ERR346596	ERR346596.347558	J558.50	JH3	83.673	100.000	True	False	True	False	False	False
ERR346596	ERR346596.347576	VH7183.a2.3	JH3	92.857	84.615	False	True	False	True	False	False
ERR346596	ERR346596.347497	VHQ52.a27.79	JH1	81.250	100.000	True	False	True	False	False	False
ERR346596	ERR346596.347621	J558.20	JH1	18.367	100.000	True	False	True	False	False	False
ERR346596	ERR346596.347698	J558.l	JH4	37.113	93.333	True	False	True	False	False	False
ERR346596	ERR346596.347750	VHA1	JH2	98.969	80.000	False	True	False	True	False	False
ERR346596	ERR346596.347794	VH36-60.a2.90	JH4	32.653	100.000	True	False	True	False	False	False
ERR346596	ERR346596.347826	VHQ52.a27.79,VOx-1	JH4	45.263	100.000	True	False	True	False	False	False
ERR346596	ERR346596.347831	VHQ52.a27.79	JH1	81.250	100.000	True	False	True	False	False	False
ERR346596	ERR346596.347920	J558.50	JH3	81.443	100.000	True	False	True	False	False	False
ERR346596	ERR346596.347991	J558.17	JH3	51.579	100.000	True	False	True	False	False	False
ERR346596	ERR346596.348017	Q52.1pg.2,VHQ52.a1psi.2		62.500		True	False	True	False	False	False
ERR346596	ERR346596.348018	VHSM7.a3.93	JH3	49.485	100.000	True	False	True	False	False	False
ERR346596	ERR346596.348057	VH36-60.a2.90	JH4	94.845	82.353	False	True	False	True	False	False
ERR346596	ERR346596.348213	J558.61.157,J558.62pg.158,J558.65.163	JH2	100.000	75.000	False	True	False	True	False	False
ERR346596	ERR346596.348240	VH36-60.a1.85	JH4	6.186	100.000	True	False	True	False	False	False
ERR346596	ERR346596.348258	J558.5	JH4	92.784	81.250	False	True	False	True	False	False
ERR346596	ERR346596.348364	J558.16.106	JH2	83.673	100.000	True	False	True	False	False	False
ERR346596	ERR346596.348345	VH7183.a4.6,VHD6.96	JH4	26.804	92.857	True	False	True	False	False	False
ERR346596	ERR346596.348378	VHQ52.a27.79	JH2	9.375	84.615	True	True	True	True	False	False
ERR346596	ERR346596.348587	SM7.1.44,SM7.2.49,VHSM7.a3.93	JH2	77.778	100.000	True	False	True	False	False	False
ERR346596	ERR346596.348614	J558.33	JH3	7.216	100.000	True	False	True	False	False	False
ERR346596	ERR346596.348628	J558.h	JH4	84.211	92.857	True	False	True	False	False	False
ERR346596	ERR346596.348647	Q52.3.8,VHQ52.a3.8	JH4	79.167	93.750	True	False	True	False	False	False
ERR346596	ERR346596.348771	VH36-60.a6.114	JH3	41.837	92.308	True	False	True	False	False	False
ERR346596	ERR346596.348810	VHS107.a3.106	JH2	6.931	100.000	True	False	True	False	False	False
ERR346596	ERR346596.348814	J558.50	JH3	83.673	100.000	True	False	True	False	False	False
ERR346596	ERR346596.348866	VHSM7.a3.93	JH2	84.536	100.000	True	False	True	False	False	False
ERR346596	ERR346596.348981	J558.19	JH1	37.113	93.750	True	False	True	False	False	False
ERR346596	ERR346596.349039	VHQ52.a27.79	JH1	81.443	100.000	True	False	True	False	False	False
ERR346596	ERR346596.349061	J558.54.148	JH2	16.495	93.333	True	False	True	False	False	False
ERR346596	ERR346596.349111	J558.50	JH3	82.653	100.000	True	False	True	False	False	False
ERR346596	ERR346596.349108	J558.5	JH4	92.857	75.000	False	True	False	True	False	False
ERR346596	ERR346596.349203	VH7183.a7.10	JH4	65.306	100.000	True	False	True	False	False	False
ERR346596	ERR346596.349261	VHQ52.a27.79	JH2	44.330	84.615	True	True	True	True	False	False
ERR346596	ERR346596.349267	J558.26.116,J558.5,J558.8	JH1	91.753	43.750	False	True	False	True	False	False
ERR346596	ERR346596.349307	SM7.1.44,SM7.2.49,SM7.3.54		77.778		True	False	True	False	False	False
ERR346596	ERR346596.349308	J558.19.109,J558.37.127		11.340		True	False	True	False	False	False
ERR346596	ERR346596.349354	VH7183.9,VH7183.a15.24	JH1	9.184	100.000	True	False	True	False	False	False
ERR346596	ERR346596.349450	VHSM7.a3.93	JH3	25.263	100.000	True	False	True	False	False	False
ERR346596	ERR346596.349469	J558.h	JH4	81.633	92.857	True	False	True	False	False	False
ERR346596	ERR346596.349523	J558.21pg.111,J558.25pg.115	JH3	83.505	100.000	True	False	True	False	False	False
ERR346596	ERR346596.349526	VHSM7.a1.83		37.500		True	False	True	False	False	False
ERR346596	ERR346596.349483	VH124	JH4	9.278	100.000	True	False	True	False	False	False
ERR346596	ERR346596.349589	VHS107.a3.106	JH1	11.881	100.000	True	False	True	False	False	False
ERR346596	ERR346596.349600	J558.32	JH2	81.443	100.000	True	False	True	False	False	False
ERR346596	ERR346596.349712	J558.17	JH2	94.792	84.615	False	True	False	True	False	False
ERR346596	ERR346596.349847	VHA1	JH2	97.938	80.000	False	True	False	True	False	False
ERR346596	ERR346596.349885	J558.h	JH4	82.653	100.000	True	False	True	False	False	False
ERR346596	ERR346596.349991	J558.50	JH3	82.474	100.000	True	False	True	False	False	False
ERR346596	ERR346596.349964	VHSM7.a1.83	JH4	26.804	100.000	True	False	True	False	False	False
ERR346596	ERR346596.350043	J558.1	JH4	17.526	100.000	True	False	True	False	False	False
ERR346596	ERR346596.350080	J558.19	JH2	6.122	100.000	True	False	True	False	False	False
ERR346596	ERR346596.350116	J558.70pg.171,J558.n	JH4	32.990	100.000	True	False	True	False	False	False
ERR346596	ERR346596.350117	H13-3	JH2	70.103	100.000	True	False	True	False	False	False
ERR346596	ERR346596.350244	J558.38pg.128	JH2	70.000	100.000	True	False	True	False	False	False
ERR346596	ERR346596.350214	J558.50	JH3	81.443	100.000	True	False	True	False	False	False
ERR346596	ERR346596.350230	J558.33	JH2	42.105	100.000	True	False	True	False	False	False
ERR346596	ERR346596.350274	J558.45	JH4	38.144	94.118	True	False	True	False	False	False
ERR346596	ERR346596.350312	VH7183.9,VH7183.a15.24	JH1	47.959	100.000	True	False	True	False	False	False
ERR346596	ERR346596.350360	ki4		66.667		True	False	True	False	False	False
ERR346596	ERR346596.350345	VHQ52.a23.68	JH2	76.923	100.000	True	False	True	False	False	False
ERR346596	ERR346596.350394	VH7183.a4.6,VHD6.96	JH4	40.206	100.000	True	False	True	False	False	False
ERR346596	ERR346596.350451	J606.4.82		50.000		True	False	True	False	False	False
ERR346596	ERR346596.350388	VHQ52.a23.68	JH2	76.923	100.000	True	False	True	False	False	False
ERR346596	ERR346596.350476	VH7183.7b	JH3	24.490	100.000	True	False	True	False	False	False
ERR346596	ERR346596.350488	J558.50	JH3	84.694	100.000	True	False	True	False	False	False
ERR346596	ERR346596.350587	J558.h	JH4	84.375	93.750	True	False	True	False	False	False
ERR346596	ERR346596.350677	J558.20	JH3	57.292	100.000	True	False	True	False	False	False
ERR346596	ERR346596.350959	J558.17	JH2	93.750	84.615	False	True	False	True	False	False
ERR346596	ERR346596.351012	J558.29	JH3	51.042	100.000	True	False	True	False	False	False
ERR346596	ERR346596.351052	VHS107.a3.106	JH1	48.000	100.000	True	False	True	False	False	False
ERR346596	ERR346596.351216	J558.f	JH1	10.417	100.000	True	False	True	False	False	False
ERR346596	ERR346596.351262	J558.h	JH4	84.536	100.000	True	False	True	False	False	False
ERR346596	ERR346596.351340	J558.70pg.171,J558.n	JH4	84.694	88.235	True	False	True	False	False	False
ERR346596	ERR346596.351412	J558.19	JH4	40.206	100.000	True	False	True	False	False	False
ERR346596	ERR346596.351476	J558.64.162,J558.74.176	JH3	57.292	100.000	True	False	True	False	False	False
ERR346596	ERR346596.351480	VHX24.a1.84	JH3	96.907	80.000	False	True	False	True	False	False
ERR346596	ERR346596.351494	3:3.9,7183.7.10,VH7183.a7.10	JH1	38.542	100.000	True	False	True	False	False	False
ERR346596	ERR346596.351733	VHQ52.a27.79	JH1	81.250	100.000	True	False	True	False	False	False
ERR346596	ERR346596.351743	VHQ52.a27.79,VOx-1	JH4	8.421	100.000	True	False	True	False	False	False
ERR346596	ERR346596.351914	J558.50	JH3	82.653	100.000	True	False	True	False	False	False
ERR346596	ERR346596.351904	Q52.12pg.39,VHQ52.a26psi.78,ha24	JH4	57.143	100.000	True	False	True	False	False	False
ERR346596	ERR346596.351927	Q52.7.18,VHQ52.a7.18	JH4	29.167	93.333	True	False	True	False	False	False
ERR346596	ERR346596.352049	VH36-60.a1.85	JH2	97.938	41.667	False	True	False	True	False	False
ERR346596	ERR346596.352129	J558.35	JH4	60.000	100.000	True	False	True	False	False	False
ERR346596	ERR346596.352108	VH36-60.a1.85	JH4	64.583	100.000	True	False	True	False	False	False
ERR346596	ERR346596.352059	J558.35	JH4	43.750	100.000	True	False	True	False	False	False
ERR346596	ERR346596.352162	J558.5	JH4	91.837	81.250	False	True	False	True	False	False
ERR346596	ERR346596.352246	H13-3	JH3	93.878	73.333	False	True	False	True	False	False
ERR346596	ERR346596.352235	J558.k	JH4	7.292	93.750	True	False	True	False	False	False
ERR346596	ERR346596.352297	Q52.1pg.2,VHQ52.a1psi.2		62.500		True	False	True	False	False	False
ERR346596	ERR346596.352294	J558.h	JH4	82.653	93.333	True	False	True	False	False	False
ERR346596	ERR346596.352198	21-1,21-10,21-2		80.000		True	False	True	False	False	False
ERR346596	ERR346596.352407	J558.l	JH4	93.814	62.500	False	True	False	True	False	False
ERR346596	ERR346596.352289	J558.50	JH3	83.505	100.000	True	False	True	False	False	False
ERR346596	ERR346596.352430	19-15,19-23,J558.4		71.429		True	False	True	False	False	False
ERR346596	ERR346596.352471	J558.17	JH2	33.333	100.000	True	False	True	False	False	False
ERR346596	ERR346596.352458	VHQ52.a22.67	JH2	12.500	100.000	True	False	True	False	False	False
ERR346596	ERR346596.352643	VHJ606.a6.127#	JH3	75.000	100.000	True	False	True	False	False	False
ERR346596	ERR346596.352609	VHJ606.a6.127#	JH3	75.000	100.000	True	False	True	False	False	False
ERR346596	ERR346596.352722	VHQ52.a23.68	JH2	76.923	100.000	True	False	True	False	False	False
ERR346596	ERR346596.352859	J558.19	JH2	45.833	100.000	True	False	True	False	False	False
ERR346596	ERR346596.352837	V11,VHS107.a3.106	JH1	33.000	86.667	True	False	True	False	False	False
ERR346596	ERR346596.353020	bb1,bb1.1,cr1	JK3	60.000	100.000	True	False	True	False	False	False
ERR346596	ERR346596.353113	VH7183.a37.59	JH3	80.208	100.000	True	False	True	False	False	False
ERR346596	ERR346596.353162	J558.29	JH4	23.469	100.000	True	False	True	False	False	False
ERR346596	ERR346596.353222	VHQ52.a27.79	JH1	39.175	100.000	True	False	True	False	False	False
ERR346596	ERR346596.353319	J558.h	JH4	83.505	92.857	True	False	True	False	False	False
ERR346596	ERR346596.353351	VHQ52.a22.67	JH4	5.208	100.000	True	False	True	False	False	False
ERR346596	ERR346596.353460	J558.h	JH4	83.158	100.000	True	False	True	False	False	False
ERR346596	ERR346596.353474	VH36-60.a1.85	JH4	42.268	100.000	True	False	True	False	False	False
ERR346596	ERR346596.353508	J606.4.82		50.000		True	False	True	False	False	False
ERR346596	ERR346596.353780	J558.12.102	JH4	14.583	100.000	True	False	True	False	False	False
ERR346596	ERR346596.353816	J558.2	JH3	38.462	71.429	True	True	True	True	False	False
ERR346596	ERR346596.353815	VHQ52.a27.79	JH1	36.458	100.000	True	False	True	False	False	False
ERR346596	ERR346596.353957	VHQ52.a27.79	JH3	55.670	100.000	True	False	True	False	False	False
ERR346596	ERR346596.353949	J558.21pg.111,J558.25pg.115	JH3	83.505	100.000	True	False	True	False	False	False
ERR346596	ERR346596.353959	J558.50	JH3	84.536	100.000	True	False	True	False	False	False
ERR346596	ERR346596.354010	J558.h	JH3	84.536	100.000	True	False	True	False	False	False
ERR346596	ERR346596.354033	J558.33	JH4	92.857	81.250	False	True	False	True	False	False
ERR346596	ERR346596.354240	V11,VHS107.a3.106	JH1	78.000	100.000	True	False	True	False	False	False
ERR346596	ERR346596.354223	VHQ52.a27.79	JH1	12.500	100.000	True	False	True	False	False	False
ERR346596	ERR346596.354337	J558.20	JH3	61.856	100.000	True	False	True	False	False	False
ERR346596	ERR346596.354374	J558.50	JH3	84.694	100.000	True	False	True	False	False	False
ERR346596	ERR346596.354484	VHSM7.a3.93	JH3	91.837	80.000	False	True	False	True	False	False
ERR346596	ERR346596.354553	J558.37	JH2	5.155	100.000	True	False	True	False	False	False
ERR346596	ERR346596.354705	VHSM7.a3.93	JH3	8.333	100.000	True	False	True	False	False	False
ERR346596	ERR346596.354730	J558.50	JH3	82.653	100.000	True	False	True	False	False	False
ERR346596	ERR346596.354894	J558.19.109	JH4	83.673	92.857	True	False	True	False	False	False
ERR346596	ERR346596.355060	VHSM7.a1.83	JH2	6.250	100.000	True	False	True	False	False	False
ERR346596	ERR346596.355146	VH7183.a4.6,VHD6.96	JH4	36.082	92.857	True	False	True	False	False	False
ERR346596	ERR346596.355175	J558.17	JH2	50.000	92.308	True	False	True	False	False	False
ERR346596	ERR346596.355163	J558.17	JH2	42.105	92.308	True	False	True	False	False	False
ERR346596	ERR346596.355224	VHSM7.a4.108	JH4	27.551	100.000	True	False	True	False	False	False
ERR346596	ERR346596.355208	J558.64.162,J558.74.176	JH3	76.289	100.000	True	False	True	False	False	False
ERR346596	ERR346596.355358	Q52.3.8,VHQ52.a3.8	JH3	82.653	100.000	True	False	True	False	False	False
ERR346596	ERR346596.355454	J558.50	JH3	83.505	100.000	True	False	True	False	False	False
ERR346596	ERR346596.355476	J558.1	JH2	6.186	100.000	True	False	True	False	False	False
ERR346596	ERR346596.355473	VHQ52.a27.79	JH1	82.292	100.000	True	False	True	False	False	False
ERR346596	ERR346596.355480	J558.5	JH4	94.898	81.250	False	True	False	True	False	False
ERR346596	ERR346596.355570	VHQ52.a27.79,VOx-1	JH4	36.842	100.000	True	False	True	False	False	False
ERR346596	ERR346596.355636	VH36-60.a6.114	JH4	42.268	100.000	True	False	True	False	False	False
ERR346596	ERR346596.355655	J558.18	JH3	96.907	42.857	False	True	False	True	False	False
ERR346596	ERR346596.355668	J558.47	JH2	89.691	76.923	False	True	False	True	False	False
ERR346596	ERR346596.355759	J558.21pg.111,J558.25pg.115	JH3	86.735	76.923	False	True	False	True	False	False
ERR346596	ERR346596.355729	J558.45	JH2	84.694	92.857	True	False	True	False	False	False
ERR346596	ERR346596.355798	VHQ52.a27.79	JH2	92.708	84.615	False	True	False	True	False	False
ERR346596	ERR346596.355846	J558.8	JH3	98.980	42.857	False	True	False	True	False	False
ERR346596	ERR346596.355780	VHX24.a1.84	JH3	29.592	100.000	True	False	True	False	False	False
ERR346596	ERR346596.355804	V11,VHS107.a3.106	JH1	47.525	100.000	True	False	True	False	False	False
ERR346596	ERR346596.355822	J558.13	JH3	7.292	100.000	True	False	True	False	False	False
ERR346596	ERR346596.355890	J558.12	JH4	61.856	100.000	True	False	True	False	False	False
ERR346596	ERR346596.355907	VHQ52.a22.67	JH4	78.125	100.000	True	False	True	False	False	False
ERR346596	ERR346596.355891	VHSM7.a3.93	JH4	27.835	100.000	True	False	True	False	False	False
ERR346596	ERR346596.356057	J558.46	JH4	58.763	81.250	True	True	True	True	False	False
ERR346596	ERR346596.356047	J558.3.90,J558.50	JH3	25.000	100.000	True	False	True	False	False	False
ERR346596	ERR346596.356046	VHQ52.a27.79	JH2	86.458	80.000	False	True	False	True	False	False
ERR346596	ERR346596.356096	VHSM7.a3.93	JH3	30.928	100.000	True	False	True	False	False	False
ERR346596	ERR346596.356247	J558.38pg.128	JH3	15.464	85.714	True	False	True	False	False	False
ERR346596	ERR346596.356219	VHSM7.a1.83	JH4	100.000	47.059	False	True	False	True	False	False
ERR346596	ERR346596.356369	VHA1	JH2	98.969	80.000	False	True	False	True	False	False
ERR346596	ERR346596.356350	J558.50	JH3	83.505	100.000	True	False	True	False	False	False
ERR346596	ERR346596.356416	J558.23	JH4	7.292	100.000	True	False	True	False	False	False
ERR346596	ERR346596.356454	J558.20		60.000		True	False	True	False	False	False
ERR346596	ERR346596.356456	J558.h	JH4	84.694	90.909	True	False	True	False	False	False
ERR346596	ERR346596.356539	J558.13	JH3	5.208	100.000	True	False	True	False	False	False
ERR346596	ERR346596.356987	J558.h	JH4	84.536	93.750	True	False	True	False	False	False
ERR346596	ERR346596.356981	J558.l	JH3	65.979	100.000	True	False	True	False	False	False
ERR346596	ERR346596.357005	VHQ52.a27.79	JH3	53.125	100.000	True	False	True	False	False	False
ERR346596	ERR346596.357152	VHQ52.a27.79,VOx-1	JH4	77.895	100.000	True	False	True	False	False	False
ERR346596	ERR346596.357267	VHS107.a3.106	JH1	48.515	100.000	True	False	True	False	False	False
ERR346596	ERR346596.357303	J558.39	JH3	84.536	92.857	True	False	True	False	False	False
ERR346596	ERR346596.357316	J558.41pg.131	JH2	83.333	100.000	True	False	True	False	False	False
ERR346596	ERR346596.357362	J558.54.148	JH3	4.167	92.857	True	False	True	False	False	False
ERR346596	ERR346596.357438	J558.4	JH3	78.125	100.000	True	False	True	False	False	False
ERR346596	ERR346596.357432	J558.8	JH4	5.155	100.000	True	False	True	False	False	False
ERR346596	ERR346596.357527	J558.5	JH4	94.845	81.250	False	True	False	True	False	False
ERR346596	ERR346596.357666	J558.26.116	JH1	92.784	43.750	False	True	False	True	False	False
ERR346596	ERR346596.357696	J558.13	JH3	7.292	100.000	True	False	True	False	False	False
ERR346596	ERR346596.357753	J558.46	JH4	33.333	93.750	True	False	True	False	False	False
ERR346596	ERR346596.357762	VHS107.a3.106	JH1	52.475	93.750	True	False	True	False	False	False
ERR346596	ERR346596.357767	J558.26.116	JH4	83.505	100.000	True	False	True	False	False	False
ERR346596	ERR346596.357847	36-60.6.70,VH36-60.a6.114	JH2	63.636	100.000	True	False	True	False	False	False
ERR346596	ERR346596.357946	J558.29	JH4	80.412	100.000	True	False	True	False	False	False
ERR346596	ERR346596.357948	J558.50	JH3	84.536	100.000	True	False	True	False	False	False
ERR346596	ERR346596.357985	J558.38pg.128	JH3	14.583	85.714	True	False	True	False	False	False
ERR346596	ERR346596.358137	H13-3	JH3	90.526	80.000	False	True	False	True	False	False
ERR346596	ERR346596.358219	J558.33	JH4	71.875	93.333	True	False	True	False	False	False
ERR346596	ERR346596.358401	J558.h	JH4	82.474	92.857	True	False	True	False	False	False
ERR346596	ERR346596.358423	VHQ52.a27.79,VOx-1	JH4	96.875	60.000	False	True	False	True	False	False
ERR346596	ERR346596.358436	J558.50	JH3	83.505	100.000	True	False	True	False	False	False
ERR346596	ERR346596.358603	J558.47	JH1	98.969	41.176	False	True	False	True	False	False
ERR346596	ERR346596.358578	J558.20	JH2	26.804	100.000	True	False	True	False	False	False
ERR346596	ERR346596.358581	VHSM7.a3.93	JH2	83.505	100.000	True	False	True	False	False	False
ERR346596	ERR346596.358685	J558.83.189	JH4	52.041	100.000	True	False	True	False	False	False
ERR346596	ERR346596.358684	J558.50	JH3	82.474	100.000	True	False	True	False	False	False
ERR346596	ERR346596.358682	VHQ52.a27.79,VOx-1	JH2	81.053	100.000	True	False	True	False	False	False
ERR346596	ERR346596.358722	VHSM7.a3.93	JH2	25.773	100.000	True	False	True	False	False	False
ERR346596	ERR346596.358919	VHQ52.a27.79	JH1	80.208	100.000	True	False	True	False	False	False
ERR346596	ERR346596.358910	J558.13,J558.54.148	JH4	12.371	100.000	True	False	True	False	False	False
ERR346596	ERR346596.359037	VH7183.a7.10	JH4	19.388	100.000	True	False	True	False	False	False
ERR346596	ERR346596.358933	VHQ52.a2.4	JH2	76.042	100.000	True	False	True	False	False	False
ERR346596	ERR346596.359069	VH36-60.a1.85	JH4	65.979	100.000	True	False	True	False	False	False
ERR346596	ERR346596.359186	VHA1	JH2	98.980	80.000	False	True	False	True	False	False
ERR346596	ERR346596.359121	J558.17	JH3	15.789	100.000	True	False	True	False	False	False
ERR346596	ERR346596.359293	VHSM7.a3.93	JH2	84.375	100.000	True	False	True	False	False	False
ERR346596	ERR346596.359051	VH108A	JH1	5.155	100.000	True	False	True	False	False	False
ERR346596	ERR346596.359354	VH7183.a7.10	JH4	96.939	76.471	False	True	False	True	False	False
ERR346596	ERR346596.359339	gu33		66.667		True	False	True	False	False	False
ERR346596	ERR346596.359255	VHQ52.a27.79,VOx-1	JH4	81.053	100.000	True	False	True	False	False	False
ERR346596	ERR346596.359446	VHX24.a1.84	JH3	41.237	100.000	True	False	True	False	False	False
ERR346596	ERR346596.359684	VH7183.a46.75	JH4	97.959	46.667	False	True	False	True	False	False
ERR346596	ERR346596.359714	J558.33	JH2	74.227	100.000	True	False	True	False	False	False
ERR346596	ERR346596.359721	VHSM7.a3.93	JH3	56.250	92.857	True	False	True	False	False	False
ERR346596	ERR346596.359660	J558.79.184,J558.h	JH4	84.783	85.714	True	False	True	False	False	False
ERR346596	ERR346596.359748	VH36-60.a8.117,VH36-60.a9.121#	JH3	62.887	100.000	True	False	True	False	False	False
ERR346596	ERR346596.359766	SM7.3.54	JH1,JH2,JH3	80.000	100.000	True	False	True	False	False	False
ERR346596	ERR346596.359805	J558.h	JH4	83.505	100.000	True	False	True	False	False	False
ERR346596	ERR346596.359873	J558.5	JH4	91.753	81.250	False	True	False	True	False	False
ERR346596	ERR346596.359880	VHQ52.a27.79,VOx-1	JH4	77.895	92.857	True	False	True	False	False	False
ERR346596	ERR346596.359976	3:3.9,7183.7.10,VH7183.a7.10	JH1	6.250	100.000	True	False	True	False	False	False
ERR346596	ERR346596.359990	J558.29	JH4	52.041	100.000	True	False	True	False	False	False
ERR346596	ERR346596.360123	VHS107.a3.106	JH2	5.941	100.000	True	False	True	False	False	False
ERR346596	ERR346596.360280	J558.55.149	JH2	32.292	100.000	True	False	True	False	False	False
ERR346596	ERR346596.360418	Vh10.2a	JH3	60.606	100.000	True	False	True	False	False	False
ERR346596	ERR346596.360531	VHX24.a1.84	JH3	7.609	100.000	True	False	True	False	False	False
ERR346596	ERR346596.360455	J558.16.106	JH1	57.732	100.000	True	False	True	False	False	False
ERR346596	ERR346596.360538	J558.89pg.195	JH3	57.732	100.000	True	False	True	False	False	False
ERR346596	ERR346596.360745	J558.25pg.115	JH3	84.536	100.000	True	False	True	False	False	False
ERR346596	ERR346596.360763	J558.35	JH4	78.125	100.000	True	False	True	False	False	False
ERR346596	ERR346596.360798	J558.70pg.171,J558.n	JH3	31.959	100.000	True	False	True	False	False	False
ERR346596	ERR346596.361046	J558.5	JH4	95.876	82.353	False	True	False	True	False	False
ERR346596	ERR346596.361260	J558.50	JH3	81.250	100.000	True	False	True	False	False	False
ERR346596	ERR346596.361290	J558.h	JH4	82.474	100.000	True	False	True	False	False	False
ERR346596	ERR346596.361382	Q52.1pg.2,VHQ52.a1psi.2		62.500		True	False	True	False	False	False
ERR346596	ERR346596.361336	J558.29	JH2	30.928	100.000	True	False	True	False	False	False
ERR346596	ERR346596.361532	3:3.9,7183.2.3,7183.20.37	JH2	100.000	75.000	False	True	False	True	False	False
ERR346596	ERR346596.361926	J558.19	JH2	35.106	100.000	True	False	True	False	False	False
ERR346596	ERR346596.362002	J558.h	JH4	84.536	100.000	True	False	True	False	False	False
ERR346596	ERR346596.361981	J558.64.162,J558.74.176	JH3	72.165	100.000	True	False	True	False	False	False
ERR346596	ERR346596.362084	J558.h	JH4	82.474	92.857	True	False	True	False	False	False
ERR346596	ERR346596.362178	J558.55.149	JH2	37.755	92.857	True	False	True	False	False	False
ERR346596	ERR346596.362112	J558.39	JH3	88.660	38.462	False	True	False	True	False	False
ERR346596	ERR346596.362292	VHSM7.a3.93	JH3	74.227	100.000	True	False	True	False	False	False
ERR346596	ERR346596.362309	J558.83.189	JH4	63.918	100.000	True	False	True	False	False	False
ERR346596	ERR346596.362281	J558.17	JH4	65.625	100.000	True	False	True	False	False	False
ERR346596	ERR346596.362223	VHQ52.a22.67	JH1	90.722	60.000	False	True	False	True	False	False
ERR346596	ERR346596.362383	VH50.1,VH7183.a13.20	JH2	89.691	60.000	False	True	False	True	False	False
ERR346596	ERR346596.362434	J558.38pg.128	JH2	70.000	100.000	True	False	True	False	False	False
ERR346596	ERR346596.362567	J558.h	JH4	83.673	92.857	True	False	True	False	False	False
ERR346596	ERR346596.362739	VHQ52.a27.79,VOx-1	JH4	79.167	100.000	True	False	True	False	False	False
ERR346596	ERR346596.362628	J558.83.189	JH2	53.125	100.000	True	False	True	False	False	False
ERR346596	ERR346596.362691	VHQ52.a27.79,VOx-1	JH2	37.500	100.000	True	False	True	False	False	False
ERR346596	ERR346596.362769	VHSM7.a3.93	JH4	90.722	80.000	False	True	False	True	False	False
ERR346596	ERR346596.362714	V11,VHS107.a3.106	JH2	48.515	100.000	True	False	True	False	False	False
ERR346596	ERR346596.362972	S107.3.62,V11,VHS107.a2psi.82	JH1	77.778	100.000	True	False	True	False	False	False
ERR346596	ERR346596.363066	J558.5	JH4	89.691	81.250	False	True	False	True	False	False
ERR346596	ERR346596.363196	VH61-1P,VH7183.a47.76	JH4	26.042	100.000	True	False	True	False	False	False
ERR346596	ERR346596.363383	J558.50	JH3	84.536	100.000	True	False	True	False	False	False
ERR346596	ERR346596.363494	J558.8	JH3	84.694	100.000	True	False	True	False	False	False
ERR346596	ERR346596.363535	J558.54.148	JH2	36.458	93.333	True	False	True	False	False	False
ERR346596	ERR346596.363536	J558.h	JH4	84.536	85.714	True	False	True	False	False	False
ERR346596	ERR346596.363635	J558.29	JH4	51.546	100.000	True	False	True	False	False	False
ERR346596	ERR346596.363737	J558.50	JH3	82.653	92.857	True	False	True	False	False	False
ERR346596	ERR346596.363753	J558.37,J558.38,J558.39		80.000		True	False	True	False	False	False
ERR346596	ERR346596.363828	VH7183.a7.10	JH3	93.878	46.154	False	True	False	True	False	False
ERR346596	ERR346596.363914	J558.15	JH4	98.980	81.250	False	True	False	True	False	False
ERR346596	ERR346596.364012	VHS107.a3.106	JH2	83.168	100.000	True	False	True	False	False	False
ERR346596	ERR346596.364004	J558.h	JH4	84.536	100.000	True	False	True	False	False	False
ERR346596	ERR346596.364054	J558.15pg.105,J558.19.109,J558.25pg.115	JH2	100.000	75.000	False	True	False	True	False	False
ERR346596	ERR346596.364111	VHSM7.a3.93	JH2	35.052	100.000	True	False	True	False	False	False
ERR346596	ERR346596.364122	VHQ52.a27.79	JH1	43.299	100.000	True	False	True	False	False	False
ERR346596	ERR346596.364151	VH7183.a4.6,VHD6.96	JH4	15.464	92.857	True	False	True	False	False	False
ERR346596	ERR346596.364224	VHJ606.a6.127#	JH2	84.694	91.667	True	False	True	False	False	False
ERR346596	ERR346596.364180	VHSM7.a3.93	JH2	100.000	30.769	False	True	False	True	False	False
ERR346596	ERR346596.364473	H13-3	JH3	60.204	80.000	True	True	True	True	False	False
ERR346596	ERR346596.364530	J558.50	JH3	81.633	100.000	True	False	True	False	False	False
ERR346596	ERR346596.364843	J558.45	JH4	34.021	93.750	True	False	True	False	False	False
ERR346596	ERR346596.364911	J558.46	JH4	63.736	87.500	True	False	True	False	False	False
ERR346596	ERR346596.364942	J558.13,J558.54.148	JH4	38.542	100.000	True	False	True	False	False	False
ERR346596	ERR346596.364977	H13-3	JH3	92.784	73.333	False	True	False	True	False	False
ERR346596	ERR346596.365078	VHSM7.a3.93	JH2	53.125	100.000	True	False	True	False	False	False
ERR346596	ERR346596.365069	J558.23	JH4	26.042	100.000	True	False	True	False	False	False
ERR346596	ERR346596.365094	VH7183.7b	JH4	6.122	100.000	True	False	True	False	False	False
ERR346596	ERR346596.365191	V11,VHS107.a3.106	JH2	48.515	93.333	True	False	True	False	False	False
ERR346596	ERR346596.365249	VHQ52.a22.67	JH2	79.167	100.000	True	False	True	False	False	False
ERR346596	ERR346596.365275	VH7183.a4.6,VHD6.96	JH4	9.278	92.857	True	False	True	False	False	False
ERR346596	ERR346596.365281	VH7183.a4.6,VHD6.96	JH4	32.990	100.000	True	False	True	False	False	False
ERR346596	ERR346596.365311	VHS107.a3.106	JH1	49.505	100.000	True	False	True	False	False	False
ERR346596	ERR346596.365345	J558.4	JH3	71.134	100.000	True	False	True	False	False	False
ERR346596	ERR346596.365380	V11,VHS107.a3.106	JH1	19.000	100.000	True	False	True	False	False	False
ERR346596	ERR346596.365465	VHX24.a1.84	JH3	90.722	80.000	False	True	False	True	False	False
ERR346596	ERR346596.365513	J558.45	JH4	92.708	82.353	False	True	False	True	False	False
ERR346596	ERR346596.365489	J558.50	JH3	84.694	100.000	True	False	True	False	False	False
ERR346596	ERR346596.365581	VH36-60.a1.85	JH3	96.907	71.429	False	True	False	True	False	False
ERR346596	ERR346596.365608	J558.19	JH2	48.454	100.000	True	False	True	False	False	False
ERR346596	ERR346596.365620	J558.l	JH4	26.804	93.333	True	False	True	False	False	False
ERR346596	ERR346596.365777	VH7183.a4.6,VHD6.96	JH4	20.619	100.000	True	False	True	False	False	False
ERR346596	ERR346596.365820	VHQ52.a9.26	JH3	97.917	46.154	False	True	False	True	False	False
ERR346596	ERR346596.365822	VH7183.a37.59	JH4	84.536	100.000	True	False	True	False	False	False
ERR346596	ERR346596.365749	J558.14pg.104	JH4	71.429	100.000	True	False	True	False	False	False
ERR346596	ERR346596.365901	VHQ52.a27.79	JH1	81.443	100.000	True	False	True	False	False	False
ERR346596	ERR346596.365935	J558.8	JH3	84.694	100.000	True	False	True	False	False	False
ERR346596	ERR346596.366101	J558.50	JH3	83.333	100.000	True	False	True	False	False	False
ERR346596	ERR346596.366160	J558.f,VH104B	JH2	80.000	100.000	True	False	True	False	False	False
ERR346596	ERR346596.366140	VH36-60.a6.114	JH4	42.268	100.000	True	False	True	False	False	False
ERR346596	ERR346596.366229	J558.17	JH3	15.789	100.000	True	False	True	False	False	False
ERR346596	ERR346596.366234	VHSM7.a3.93	JH3	29.167	100.000	True	False	True	False	False	False
ERR346596	ERR346596.366615	J558.h	JH4	84.536	92.857	True	False	True	False	False	False
ERR346596	ERR346596.366778	VHQ52.a27.79	JH1	98.969	62.500	False	True	False	True	False	False
ERR346596	ERR346596.366808	J558.h	JH4	84.536	92.857	True	False	True	False	False	False
ERR346596	ERR346596.366882	J558.h	JH4	100.000	73.333	False	True	False	True	False	False
ERR346596	ERR346596.366854	J558.17	JH2	46.237	100.000	True	False	True	False	False	False
ERR346596	ERR346596.366950	VHSM7.a1.83	JH4	83.505	100.000	True	False	True	False	False	False
ERR346596	ERR346596.366823	J558.h	JH4	83.158	92.857	True	False	True	False	False	False
ERR346596	ERR346596.366970	VHQ52.a27.79	JH1	32.292	100.000	True	False	True	False	False	False
ERR346596	ERR346596.366976	VHQ52.a27.79	JH4	59.375	100.000	True	False	True	False	False	False
ERR346596	ERR346596.367059	VHSM7.a3.93	JH4	68.041	100.000	True	False	True	False	False	False
ERR346596	ERR346596.367178	J558.50	JH3	84.536	100.000	True	False	True	False	False	False
ERR346596	ERR346596.367321	J558.45	JH4	5.208	100.000	True	False	True	False	False	False
ERR346596	ERR346596.367358	J558.50	JH3	84.694	100.000	True	False	True	False	False	False
ERR346596	ERR346596.367545	J558.50	JH3	84.536	100.000	True	False	True	False	False	False
ERR346596	ERR346596.367585	J558.70pg.171,J558.n	JH4	87.755	82.353	False	True	False	True	False	False
ERR346596	ERR346596.367622	J558.24,J558.80.186		66.667		True	False	True	False	False	False
ERR346596	ERR346596.367705	VHSM7.a3.93	JH4	8.247	100.000	True	False	True	False	False	False
ERR346596	ERR346596.367690	V102	JH4	84.375	93.750	True	False	True	False	False	False
ERR346596	ERR346596.367721	Vh10.2a	JH4	92.929	82.353	False	True	False	True	False	False
ERR346596	ERR346596.367679	J558.17	JH4	59.574	85.714	True	False	True	False	False	False
ERR346596	ERR346596.367710	J558.45	JH4	90.625	82.353	False	True	False	True	False	False
ERR346596	ERR346596.367850	VHX24.a1.84	JH4	17.347	100.000	True	False	True	False	False	False
ERR346596	ERR346596.367834	VH36-60.a6.114	JH4	8.247	100.000	True	False	True	False	False	False
ERR346596	ERR346596.367993	J558.1		50.000		True	False	True	False	False	False
ERR346596	ERR346596.368195	7183.9.15,VH283,VH69.1	JH1	83.333	100.000	True	False	True	False	False	False
ERR346596	ERR346596.368133	J606.4.82		50.000		True	False	True	False	False	False
ERR346596	ERR346596.368286	VHA1	JH2	43.750	100.000	True	False	True	False	False	False
ERR346596	ERR346596.368258	J558.17	JH3	51.064	100.000	True	False	True	False	False	False
ERR346596	ERR346596.368486	J558.21pg.111,J558.25pg.115	JH3	17.526	100.000	True	False	True	False	False	False
ERR346596	ERR346596.368507	J558.50	JH3	84.536	92.857	True	False	True	False	False	False
ERR346596	ERR346596.368516	J558.29	JH4	6.122	100.000	True	False	True	False	False	False
ERR346596	ERR346596.368518	J558.47	JH3	54.167	100.000	True	False	True	False	False	False
ERR346596	ERR346596.368590	J558.h	JH4	84.536	93.333	True	False	True	False	False	False
ERR346596	ERR346596.368707	J558.50	JH3	84.536	100.000	True	False	True	False	False	False
ERR346596	ERR346596.368696	J558.54.148	JH3	93.814	81.818	False	True	False	True	False	False
ERR346596	ERR346596.368737	VH7183.a4.6,VHD6.96	JH4	68.041	92.857	True	False	True	False	False	False
ERR346596	ERR346596.368939	J558.50	JH3	83.673	100.000	True	False	True	False	False	False
ERR346596	ERR346596.369002	VH12.a3.101		40.000		True	False	True	False	False	False
ERR346596	ERR346596.369100	VH36-60.a2.90	JH4	96.875	82.353	False	True	False	True	False	False
ERR346596	ERR346596.369110	J558.70pg.171,J558.n	JH4	54.639	93.750	True	False	True	False	False	False
ERR346596	ERR346596.369080	J558.13,J558.54.148	JH4	8.333	100.000	True	False	True	False	False	False
ERR346596	ERR346596.369116	VH7183.7b	JH3	18.367	100.000	True	False	True	False	False	False
ERR346596	ERR346596.369200	VH7183.a7.10	JH4	96.939	81.250	False	True	False	True	False	False
ERR346596	ERR346596.369271	Q52.1pg.2,VHQ52.a1psi.2		62.500		True	False	True	False	False	False
ERR346596	ERR346596.369372	J558.23	JH4	68.132	100.000	True	False	True	False	False	False
ERR346596	ERR346596.369506	J558.1	JH1	80.412	100.000	True	False	True	False	False	False
ERR346596	ERR346596.369487	VHX24.a1.84	JH2	8.163	92.857	True	False	True	False	False	False
ERR346596	ERR346596.369580	J558.45	JH1	42.268	100.000	True	False	True	False	False	False
ERR346596	ERR346596.369719	VHQ52.a27.79	JH1	42.708	100.000	True	False	True	False	False	False
ERR346596	ERR346596.369929	S107.3.62,V11,VHS107.a2psi.82	JH1	66.667	100.000	True	False	True	False	False	False
ERR346596	ERR346596.369971	VHQ52.a22.67	JH2	14.583	100.000	True	False	True	False	False	False
ERR346596	ERR346596.369916	VHSM7.a3.93	JH2	32.292	100.000	True	False	True	False	False	False
ERR346596	ERR346596.369979	VH108A	JH4	8.333	100.000	True	False	True	False	False	False
ERR346596	ERR346596.370006	VHQ52.a2.4	JH1	81.443	100.000	True	False	True	False	False	False
ERR346596	ERR346596.370000	J558.13,J558.54.148	JH4	44.792	100.000	True	False	True	False	False	False
ERR346596	ERR346596.370026	V11,VHS107.a3.106	JH1	95.050	81.250	False	True	False	True	False	False
ERR346596	ERR346596.370017	VHSM7.a3.93	JH4	11.579	100.000	True	False	True	False	False	False
ERR346596	ERR346596.370128	VHSM7.a4.108	JH3	55.208	100.000	True	False	True	False	False	False
ERR346596	ERR346596.370176	J558.50	JH3	83.505	100.000	True	False	True	False	False	False
ERR346596	ERR346596.370180	J558.37	JH3	43.299	100.000	True	False	True	False	False	False
ERR346596	ERR346596.370189	J558.64.162,J558.74.176	JH3	72.632	100.000	True	False	True	False	False	False
ERR346596	ERR346596.370205	V11,VHS107.a3.106	JH1	95.000	82.353	False	True	False	True	False	False
ERR346596	ERR346596.370208	VHSM7.a3.93	JH2	45.833	100.000	True	False	True	False	False	False
ERR346596	ERR346596.370493	J558.h	JH4	82.474	92.857	True	False	True	False	False	False
ERR346596	ERR346596.370654	J558.45	JH4	55.670	94.118	True	False	True	False	False	False
ERR346596	ERR346596.370705	J558.18	JH3	26.042	100.000	True	False	True	False	False	False
ERR346596	ERR346596.370749	VHSM7.a3.93	JH3	6.186	100.000	True	False	True	False	False	False
ERR346596	ERR346596.370728	VHQ52.a27.79,VOx-1	JH4	94.737	42.857	False	True	False	True	False	False
ERR346596	ERR346596.370767	J558.70pg.171,J558.n	JH4	4.167	100.000	True	False	True	False	False	False
ERR346596	ERR346596.370809	J558.i	JH3	54.639	100.000	True	False	True	False	False	False
ERR346596	ERR346596.370733	J558.38pg.128	JH2	70.000	100.000	True	False	True	False	False	False
ERR346596	ERR346596.370830	J558.50	JH3	82.292	100.000	True	False	True	False	False	False
ERR346596	ERR346596.370965	VH61-1P,VH7183.a47.76	JH4	96.939	42.857	False	True	False	True	False	False
ERR346596	ERR346596.370942	VHA1	JH2	98.980	80.000	False	True	False	True	False	False
ERR346596	ERR346596.370946	J558.40	JH2	31.250	100.000	True	False	True	False	False	False
ERR346596	ERR346596.371025	J558.47	JH2	96.939	35.714	False	True	False	True	False	False
ERR346596	ERR346596.371047	VHSM7.a3.93	JH4	17.526	100.000	True	False	True	False	False	False
ERR346596	ERR346596.371158	J558.45	JH3	6.122	100.000	True	False	True	False	False	False
ERR346596	ERR346596.371212	VHX24.a1.84	JH3	65.979	91.667	True	False	True	False	False	False
ERR346596	ERR346596.371200	Q52.3.8,VHQ52.a3.8	JH4	96.875	18.750	False	True	False	True	False	False
ERR346596	ERR346596.371314	J558.19	JH1	70.000	66.667	True	True	True	True	False	False
ERR346596	ERR346596.371508	J558.46	JH2	24.742	100.000	True	False	True	False	False	False
ERR346596	ERR346596.371431	J558.19.109,J558.37.127	JH2	16.495	100.000	True	False	True	False	False	False
ERR346596	ERR346596.371589	VHSM7.a4.108	JH2	100.000	73.333	False	True	False	True	False	False
ERR346596	ERR346596.371651	VHS107.a3.106	JH1	5.941	100.000	True	False	True	False	False	False
ERR346596	ERR346596.371772	J558.47	JH3	31.250	100.000	True	False	True	False	False	False
ERR346596	ERR346596.371846	VH7183.a7.10	JH4	26.531	100.000	True	False	True	False	False	False
ERR346596	ERR346596.371935	7183.3pg.5,VH7183.a3psi.5		62.500		True	False	True	False	False	False
ERR346596	ERR346596.371965	J558.47	JH3	67.010	100.000	True	False	True	False	False	False
ERR346596	ERR346596.371970	J558.h	JH4	82.474	92.857	True	False	True	False	False	False
ERR346596	ERR346596.371998	VHQ52.a27.79	JH1	81.250	100.000	True	False	True	False	False	False
ERR346596	ERR346596.372175	VHQ52.a27.79	JH3	70.833	100.000	True	False	True	False	False	False
ERR346596	ERR346596.372229	J558.h	JH4	83.158	92.857	True	False	True	False	False	False
ERR346596	ERR346596.372262	J558.37,J558.38,J558.39		80.000		True	False	True	False	False	False
ERR346596	ERR346596.372279	J558.8	JH3	84.536	100.000	True	False	True	False	False	False
ERR346596	ERR346596.372233	VHSM7.a3.93	JH3	95.876	38.462	False	True	False	True	False	False
ERR346596	ERR346596.372336	VHQ52.a27.79	JH2	89.691	78.571	False	True	False	True	False	False
ERR346596	ERR346596.372554	VHQ52.a22.67	JH1	81.250	100.000	True	False	True	False	False	False
ERR346596	ERR346596.372607	J558.h	JH4	83.505	92.857	True	False	True	False	False	False
ERR346596	ERR346596.372626	J558.29	JH4	16.495	100.000	True	False	True	False	False	False
ERR346596	ERR346596.372561	J558.26.116,J558.31.121,J558.5	JH1	52.083	100.000	True	False	True	False	False	False
ERR346596	ERR346596.372748	J558.70pg.171,J558.n	JH4	40.625	100.000	True	False	True	False	False	False
ERR346596	ERR346596.372718	J558.35	JH2	83.158	100.000	True	False	True	False	False	False
ERR346596	ERR346596.372779	J558.50	JH3	83.505	100.000	True	False	True	False	False	False
ERR346596	ERR346596.372881	VH7183.7b	JH2	98.969	80.000	False	True	False	True	False	False
ERR346596	ERR346596.373034	VH61-1P,VH7183.a47.76	JH4	9.278	100.000	True	False	True	False	False	False
ERR346596	ERR346596.372876	VHA1	JH4	3.125	100.000	True	False	True	False	False	False
ERR346596	ERR346596.373057	J558.17	JH2	82.105	100.000	True	False	True	False	False	False
ERR346596	ERR346596.373050	VH7183.a19.31	JH4	8.247	100.000	True	False	True	False	False	False
ERR346596	ERR346596.373085	J558.17	JH2	3.125	92.308	True	False	True	False	False	False
ERR346596	ERR346596.373113	VH7183.a4.6,VHD6.96	JH4	9.278	100.000	True	False	True	False	False	False
ERR346596	ERR346596.373230	J558.5	JH4	94.845	75.000	False	True	False	True	False	False
ERR346596	ERR346596.373290	J558.45	JH4	9.278	93.750	True	False	True	False	False	False
ERR346596	ERR346596.373288	J558.h	JH4	83.505	92.857	True	False	True	False	False	False
ERR346596	ERR346596.373428	J558.16.106	JH3	10.309	92.308	True	False	True	False	False	False
ERR346596	ERR346596.373456	VHQ52.a27.79	JH1	9.278	100.000	True	False	True	False	False	False
ERR346596	ERR346596.373565	VH7183.a4.6,VHD6.96	JH4	96.907	80.000	False	True	False	True	False	False
ERR346596	ERR346596.373597	J558.2	JH3	44.792	100.000	True	False	True	False	False	False
ERR346596	ERR346596.373700	Q52.3.8,VHQ52.a3.8	JH4	79.167	81.250	True	True	True	True	False	False
ERR346596	ERR346596.373715	J558.50	JH3	39.560	100.000	True	False	True	False	False	False
ERR346596	ERR346596.373730	VHSM7.a3.93	JH3	10.417	92.308	True	False	True	False	False	False
ERR346596	ERR346596.373768	J558.12	JH3	31.959	92.857	True	False	True	False	False	False
ERR346596	ERR346596.373786	Q52.3.8,VHQ52.a3.8	JH2	80.208	100.000	True	False	True	False	False	False
ERR346596	ERR346596.373830	J558.21pg.111,J558.25pg.115	JH3	82.474	100.000	True	False	True	False	False	False
ERR346596	ERR346596.373865	VH36-60.a1.85	JH4	4.124	93.333	True	False	True	False	False	False
ERR346596	ERR346596.373872	J558.25pg.115	JH3	84.536	100.000	True	False	True	False	False	False
ERR346596	ERR346596.373892	J558.h	JH4	83.505	93.333	True	False	True	False	False	False
ERR346596	ERR346596.373758	V11,VHS107.a3.106	JH1	100.000	56.250	False	True	False	True	False	False
ERR346596	ERR346596.374009	J558.17	JH3	63.542	100.000	True	False	True	False	False	False
ERR346596	ERR346596.373999	VHSM7.a3.93	JH3	40.625	100.000	True	False	True	False	False	False
ERR346596	ERR346596.373994	V102	JH2	84.043	93.333	True	False	True	False	False	False
ERR346596	ERR346596.374053	J558.46	JH4	48.958	87.500	True	False	True	False	False	False
ERR346596	ERR346596.374163	J558.61.157,V3	JH2	6.250	92.857	True	False	True	False	False	False
ERR346596	ERR346596.374235	VH7183.a19.31	JH3	6.122	92.308	True	False	True	False	False	False
ERR346596	ERR346596.374288	VHSM7.a3.93	JH2	7.292	92.857	True	False	True	False	False	False
ERR346596	ERR346596.374404	J558.50	JH3	82.653	100.000	True	False	True	False	False	False
ERR346596	ERR346596.374505	J558.54,J558.83.189		40.000		True	False	True	False	False	False
ERR346596	ERR346596.374643	J558.1	JH2	5.208	100.000	True	False	True	False	False	False
ERR346596	ERR346596.374661	J558.h	JH1	98.969	71.429	False	True	False	True	False	False
ERR346596	ERR346596.374735	J558.27pg.117	JH4	11.579	100.000	True	False	True	False	False	False
ERR346596	ERR346596.374712	J558.19.109,J558.37.127	JH3	16.495	93.333	True	False	True	False	False	False
ERR346596	ERR346596.374728	VHSM7.a3.93	JH2	79.070	100.000	True	False	True	False	False	False
ERR346596	ERR346596.374786	J558.15	JH4	97.895	81.250	False	True	False	True	False	False
ERR346596	ERR346596.374777	VHSM7.a3.93	JH2	19.780	100.000	True	False	True	False	False	False
ERR346596	ERR346596.374791	J558.8	JH2	61.628	100.000	True	False	True	False	False	False
ERR346596	ERR346596.374993	J558.k	JH4	97.938	37.500	False	True	False	True	False	False
ERR346596	ERR346596.375006	J558.14pg.104		71.429		True	False	True	False	False	False
ERR346596	ERR346596.375068	J558.18	JH2	90.722	83.333	False	True	False	True	False	False
ERR346596	ERR346596.375078	J558.50	JH3	84.536	100.000	True	False	True	False	False	False
ERR346596	ERR346596.375135	J558.1	JH2	6.250	93.333	True	False	True	False	False	False
ERR346596	ERR346596.375142	J558.50	JH3	84.536	100.000	True	False	True	False	False	False
ERR346596	ERR346596.375152	J558.h	JH4	84.694	100.000	True	False	True	False	False	False
ERR346596	ERR346596.375223	J558.50	JH3	81.633	100.000	True	False	True	False	False	False
ERR346596	ERR346596.375263	VHX24.a1.84	JH3	67.010	100.000	True	False	True	False	False	False
ERR346596	ERR346596.375274	J558.39	JH3	84.536	92.857	True	False	True	False	False	False
ERR346596	ERR346596.375332	J558.45	JH4	90.722	82.353	False	True	False	True	False	False
ERR346596	ERR346596.375400	VH7183.9,VH7183.a15.24	JH4	9.278	100.000	True	False	True	False	False	False
ERR346596	ERR346596.375432	J558.17	JH2	58.947	100.000	True	False	True	False	False	False
ERR346596	ERR346596.375411	J558.20	JH1	12.371	93.333	True	False	True	False	False	False
ERR346596	ERR346596.375405	VHQ52.a27.79,VOx-1	JH4	81.250	100.000	True	False	True	False	False	False
ERR346596	ERR346596.375536	J558.29	JH4	48.454	100.000	True	False	True	False	False	False
ERR346596	ERR346596.375552	VHSM7.a3.93	JH2	83.505	100.000	True	False	True	False	False	False
ERR346596	ERR346596.375599	VHX24.a1.84	JH3	18.367	93.333	True	False	True	False	False	False
ERR346596	ERR346596.375692	J558.h	JH2	84.211	100.000	True	False	True	False	False	False
ERR346596	ERR346596.375726	cx9		62.500		True	False	True	False	False	False
ERR346596	ERR346596.375759	J558.h	JH3	84.536	100.000	True	False	True	False	False	False
ERR346596	ERR346596.375832	J558.50	JH3	84.536	100.000	True	False	True	False	False	False
ERR346596	ERR346596.375877	J558.h	JH2	84.536	100.000	True	False	True	False	False	False
ERR346596	ERR346596.375875	VHQ52.a27.79,VOx-1	JH2	81.443	100.000	True	False	True	False	False	False
ERR346596	ERR346596.375971	VH7183.a28.48	JH4	21.429	100.000	True	False	True	False	False	False
ERR346596	ERR346596.376007	J558.47	JH3	7.292	100.000	True	False	True	False	False	False
ERR346596	ERR346596.375987	J558.64.162,J558.74.176	JH2	35.714	100.000	True	False	True	False	False	False
ERR346596	ERR346596.376024	J558.29	JH4	62.245	100.000	True	False	True	False	False	False
ERR346596	ERR346596.376276	J558.13	JH3	77.083	100.000	True	False	True	False	False	False
ERR346596	ERR346596.376308	J558.17	JH4	6.250	100.000	True	False	True	False	False	False
ERR346596	ERR346596.376453	VHS107.a3.106	JH1	98.020	58.824	False	True	False	True	False	False
ERR346596	ERR346596.376511	J558.h	JH4	80.851	87.500	True	False	True	False	False	False
ERR346596	ERR346596.376539	VH7183.a36psi.58	JH4	72.727	100.000	True	False	True	False	False	False
ERR346596	ERR346596.376547	VHSM7.a3.93	JH2	26.042	84.615	True	True	True	True	False	False
ERR346596	ERR346596.376629	J558.22	JH3	6.122	100.000	True	False	True	False	False	False
ERR346596	ERR346596.376763	VH7183.a4.6,VHD6.96	JH4	89.691	66.667	False	True	False	True	False	False
ERR346596	ERR346596.376775	VHQ52.a19.61	JH2	81.053	100.000	True	False	True	False	False	False
ERR346596	ERR346596.376892	J558.4	JH2	6.186	100.000	True	False	True	False	False	False
ERR346596	ERR346596.376997	J558.h	JH4	82.474	92.857	True	False	True	False	False	False
ERR346596	ERR346596.376994	J558.19	JH2	44.898	100.000	True	False	True	False	False	False
ERR346596	ERR346596.377088	Vh10.2a	JH4	92.929	82.353	False	True	False	True	False	False
ERR346596	ERR346596.377082	3:3.9,7183.2.3,7183.20.37	JH3	85.714	75.000	False	True	False	True	False	False
ERR346596	ERR346596.377113	VHQ52.a27.79	JH1	81.250	100.000	True	False	True	False	False	False
ERR346596	ERR346596.377191	J558.21pg.111,J558.25pg.115	JH3	84.694	100.000	True	False	True	False	False	False
ERR346596	ERR346596.377161	J558.45	JH4	92.784	82.353	False	True	False	True	False	False
ERR346596	ERR346596.377195	J558.19	JH2	94.845	83.333	False	True	False	True	False	False
ERR346596	ERR346596.377250	VHQ52.a27.79	JH1	96.907	53.333	False	True	False	True	False	False
ERR346596	ERR346596.377251	J558.4	JH2	9.278	100.000	True	False	True	False	False	False
ERR346596	ERR346596.377377	VHQ52.a27.79,VOx-1	JH2	53.125	100.000	True	False	True	False	False	False
ERR346596	ERR346596.377391	J558.50	JH3	81.633	100.000	True	False	True	False	False	False
ERR346596	ERR346596.377442	J558.5	JH4	91.837	81.250	False	True	False	True	False	False
ERR346596	ERR346596.377368	J558.5	JH4	92.857	80.000	False	True	False	True	False	False
ERR346596	ERR346596.377470	VHX24.a1.84	JH3	49.485	100.000	True	False	True	False	False	False
ERR346596	ERR346596.377446	J558.h	JH4	84.536	92.857	True	False	True	False	False	False
ERR346596	ERR346596.377505	J558.k	JH4	97.938	68.750	False	True	False	True	False	False
ERR346596	ERR346596.377547	PG.7.41,VH7183.a49psi.80	JH4	71.429	100.000	True	False	True	False	False	False
ERR346596	ERR346596.377719	J558.h	JH4	82.474	93.750	True	False	True	False	False	False
ERR346596	ERR346596.377835	VH7183.a4.6,VHD6.96	JH4	41.237	92.857	True	False	True	False	False	False
ERR346596	ERR346596.377943	J558.23	JH4	56.250	100.000	True	False	True	False	False	False
ERR346596	ERR346596.377946	J558.h	JH4	82.105	92.857	True	False	True	False	False	False
ERR346596	ERR346596.377933	VHSM7.a1.83	JH2	54.639	100.000	True	False	True	False	False	False
ERR346596	ERR346596.378011	VHSM7.a3.93	JH3	8.247	100.000	True	False	True	False	False	False
ERR346596	ERR346596.378161	VHQ52.a27.79,VOx-1	JH4	77.083	100.000	True	False	True	False	False	False
ERR346596	ERR346596.378180	VHQ52.a19.61	JH2	25.263	100.000	True	False	True	False	False	False
ERR346596	ERR346596.378196	VHQ52.a27.79	JH1	46.875	100.000	True	False	True	False	False	False
ERR346596	ERR346596.378238	J558.45	JH4	44.792	93.750	True	False	True	False	False	False
ERR346596	ERR346596.378278	J558.21pg.111,J558.25pg.115	JH3	83.505	100.000	True	False	True	False	False	False
ERR346596	ERR346596.378367	J558.17	JH3	9.375	100.000	True	False	True	False	False	False
ERR346596	ERR346596.378389	J558.35	JH2	54.737	100.000	True	False	True	False	False	False
ERR346596	ERR346596.378341	J558.h	JH4	82.292	93.750	True	False	True	False	False	False
ERR346596	ERR346596.378550	J558.35	JH4	5.155	100.000	True	False	True	False	False	False
ERR346596	ERR346596.378561	VHQ52.a27.79,VOx-1	JH4	23.958	100.000	True	False	True	False	False	False
ERR346596	ERR346596.378619	J558.20	JH1	40.206	100.000	True	False	True	False	False	False
ERR346596	ERR346596.378635	J558.18	JH4	29.592	100.000	True	False	True	False	False	False
ERR346596	ERR346596.378707	VH7183.a4.6,VHD6.96	JH4	40.206	92.857	True	False	True	False	False	False
ERR346596	ERR346596.378743	VH7183.a4.6,VHD6.96	JH4	95.876	80.000	False	True	False	True	False	False
ERR346596	ERR346596.378814	J558.h	JH4	84.536	100.000	True	False	True	False	False	False
ERR346596	ERR346596.378894	VHSM7.a4.108	JH2	29.167	100.000	True	False	True	False	False	False
ERR346596	ERR346596.378911	Q52.3.8,VHQ52.a3.8	JH4	77.083	93.750	True	False	True	False	False	False
ERR346596	ERR346596.378947	J558.h	JH4	84.536	100.000	True	False	True	False	False	False
ERR346596	ERR346596.379040	J558.54.148	JH2	54.639	92.857	True	False	True	False	False	False
ERR346596	ERR346596.379055	VHSM7.a3.93	JH4	7.292	100.000	True	False	True	False	False	False
ERR346596	ERR346596.379100	J558.64.162,J558.74.176	JH3	65.979	100.000	True	False	True	False	False	False
ERR346596	ERR346596.379170	J558.45	JH2	84.536	92.857	True	False	True	False	False	False
ERR346596	ERR346596.379220	J558.l	JH3	4.167	100.000	True	False	True	False	False	False
ERR346596	ERR346596.379293	J558.h	JH4	82.653	92.857	True	False	True	False	False	False
ERR346596	ERR346596.379300	J558.5	JH3	84.536	100.000	True	False	True	False	False	False
ERR346596	ERR346596.379336	J558.50	JH3	84.536	100.000	True	False	True	False	False	False
ERR346596	ERR346596.379330	J558.f	JH2	56.701	100.000	True	False	True	False	False	False
ERR346596	ERR346596.379474	J558.44	JH4	62.887	93.333	True	False	True	False	False	False
ERR346596	ERR346596.379637	J558.54.148	JH2	35.052	100.000	True	False	True	False	False	False
ERR346596	ERR346596.379640	VH7183.a4.6,VHD6.96	JH3	39.796	84.615	True	True	True	True	False	False
ERR346596	ERR346596.379645	J558.39	JH3	46.875	100.000	True	False	True	False	False	False
ERR346596	ERR346596.379681	VHSM7.a3.93	JH3	97.938	38.462	False	True	False	True	False	False
ERR346596	ERR346596.379690	J558.h	JH2	84.536	100.000	True	False	True	False	False	False
ERR346596	ERR346596.379751	VHQ52.a27.79	JH1	45.361	100.000	True	False	True	False	False	False
ERR346596	ERR346596.379771	J558.70pg.171,J558.n	JH3	71.875	100.000	True	False	True	False	False	False
ERR346596	ERR346596.379800	VHSM7.a3.93	JH4	57.292	85.714	True	False	True	False	False	False
ERR346596	ERR346596.379924	J558.17	JH2	52.083	100.000	True	False	True	False	False	False
ERR346596	ERR346596.379942	J558.18A,J558.54,J558.83.189	JH1	50.000	100.000	True	False	True	False	False	False
ERR346596	ERR346596.379925	J558.54.148	JH3	94.845	83.333	False	True	False	True	False	False
ERR346596	ERR346596.379965	Q52.3.8,VHQ52.a3.8	JH4	33.333	100.000	True	False	True	False	False	False
ERR346596	ERR346596.380156	J558.64.162,J558.74.176	JH3	72.165	100.000	True	False	True	False	False	False
ERR346596	ERR346596.380286	J558.50	JH3	82.653	100.000	True	False	True	False	False	False
ERR346596	ERR346596.380354	J558.50	JH3	57.143	100.000	True	False	True	False	False	False
ERR346596	ERR346596.380499	J558.h	JH4	83.673	92.857	True	False	True	False	False	False
ERR346596	ERR346596.380535	J558.18	JH4	25.000	93.750	True	False	True	False	False	False
ERR346596	ERR346596.380593	J558.23	JH4	75.000	100.000	True	False	True	False	False	False
ERR346596	ERR346596.380710	J558.45	JH4	34.375	100.000	True	False	True	False	False	False
ERR346596	ERR346596.380700	J558.h	JH4	83.505	93.750	True	False	True	False	False	False
ERR346596	ERR346596.380782	J558.45	JH4	68.041	93.750	True	False	True	False	False	False
ERR346596	ERR346596.380789	VHSM7.a3.93	JH2	82.292	100.000	True	False	True	False	False	False
ERR346596	ERR346596.380899	V11,VHS107.a3.106	JH1	48.000	100.000	True	False	True	False	False	False
ERR346596	ERR346596.380827	J558.70pg.171,J558.n	JH4	92.784	82.353	False	True	False	True	False	False
ERR346596	ERR346596.381026	J558.19	JH2	26.042	100.000	True	False	True	False	False	False
ERR346596	ERR346596.381088	VHSM7.a3.93	JH2	83.505	100.000	True	False	True	False	False	False
ERR346596	ERR346596.381192	J558.33	JH2	61.458	100.000	True	False	True	False	False	False
ERR346596	ERR346596.381135	J558.4	JH2	44.330	100.000	True	False	True	False	False	False
ERR346596	ERR346596.381255	J558.h	JH4	84.694	92.857	True	False	True	False	False	False
ERR346596	ERR346596.381352	VHQ52.a27.79,VOx-1	JH4	78.947	100.000	True	False	True	False	False	False
ERR346596	ERR346596.381367	J558.2	JH3	90.722	69.231	False	True	False	True	False	False
ERR346596	ERR346596.381411	J558.37,J558.38,J558.39		80.000		True	False	True	False	False	False
ERR346596	ERR346596.381459	J558.h	JH4	84.536	100.000	True	False	True	False	False	False
ERR346596	ERR346596.381517	J558.1	JH2	100.000	35.714	False	True	False	True	False	False
ERR346596	ERR346596.381475	VHQ52.a27.79	JH1	81.250	100.000	True	False	True	False	False	False
ERR346596	ERR346596.381501	J558.5	JH4	94.898	81.250	False	True	False	True	False	False
ERR346596	ERR346596.381622	J558.33	JH4	14.583	100.000	True	False	True	False	False	False
ERR346596	ERR346596.381697	J558.29	JH2	42.708	100.000	True	False	True	False	False	False
ERR346596	ERR346596.381796	V11,VHS107.a3.106	JH1	34.343	100.000	True	False	True	False	False	False
ERR346596	ERR346596.381826	J558.h	JH3	84.536	100.000	True	False	True	False	False	False
ERR346596	ERR346596.381835	J558.39	JH3	8.247	100.000	True	False	True	False	False	False
ERR346596	ERR346596.382000	J558.50	JH3	84.536	100.000	True	False	True	False	False	False
ERR346596	ERR346596.382019	J558.f	JH2	6.186	100.000	True	False	True	False	False	False
ERR346596	ERR346596.382039	VHS107.a3.106	JH1	98.020	37.500	False	True	False	True	False	False
ERR346596	ERR346596.382020	J558.50	JH3	30.928	100.000	True	False	True	False	False	False
ERR346596	ERR346596.382081	VHSM7.a3.93	JH4	30.208	100.000	True	False	True	False	False	False
ERR346596	ERR346596.382114	VH61-1P,VH7183.a47.76	JH3	97.938	42.857	False	True	False	True	False	False
ERR346596	ERR346596.382121	VHJ606.a6.127#	JH3	73.469	92.857	True	False	True	False	False	False
ERR346596	ERR346596.382146	J558.29	JH4	13.402	100.000	True	False	True	False	False	False
ERR346596	ERR346596.382216	VHJ606.a6.127#	JH3	96.939	50.000	False	True	False	True	False	False
ERR346596	ERR346596.382251	J558.h	JH4	83.673	100.000	True	False	True	False	False	False
ERR346596	ERR346596.382238	J558.32	JH4	46.875	100.000	True	False	True	False	False	False
ERR346596	ERR346596.382221	J558.h	JH4	82.474	92.857	True	False	True	False	False	False
ERR346596	ERR346596.382340	VH36-60.a2.90	JH2	6.186	100.000	True	False	True	False	False	False
ERR346596	ERR346596.382460	J558.12.102	JH2	83.505	100.000	True	False	True	False	False	False
ERR346596	ERR346596.382484	J558.39	JH3	42.268	100.000	True	False	True	False	False	False
ERR346596	ERR346596.382525	VH7183.a4.6,VHD6.96	JH4	39.583	100.000	True	False	True	False	False	False
ERR346596	ERR346596.382499	J558.h	JH4	84.536	85.714	True	False	True	False	False	False
ERR346596	ERR346596.382583	J558.i	JH4	38.144	100.000	True	False	True	False	False	False
ERR346596	ERR346596.382544	VH7183.a4.6,VHD6.96	JH4	56.122	100.000	True	False	True	False	False	False
ERR346596	ERR346596.382724	VH7183.7b	JH4	14.286	100.000	True	False	True	False	False	False
ERR346596	ERR346596.382709	J558.8	JH3	83.505	100.000	True	False	True	False	False	False
ERR346596	ERR346596.382869	J558.1	JH1	82.292	100.000	True	False	True	False	False	False
ERR346596	ERR346596.382944	VH7183.a4.6,VHD6.96	JH4	96.774	80.000	False	True	False	True	False	False
ERR346596	ERR346596.383083	J558.5	JH4	93.814	81.250	False	True	False	True	False	False
ERR346596	ERR346596.383147	VH7183.a7.10	JH4	46.939	100.000	True	False	True	False	False	False
ERR346596	ERR346596.383243	J558.47	JH2	15.625	92.857	True	False	True	False	False	False
ERR346596	ERR346596.383162	J558.44	JH4	43.299	93.333	True	False	True	False	False	False
ERR346596	ERR346596.383261	VHQ52.a27.79,VOx-1	JH4	77.895	100.000	True	False	True	False	False	False
ERR346596	ERR346596.383376	VH7183.a7.10	JH4	36.735	100.000	True	False	True	False	False	False
ERR346596	ERR346596.383492	J558.50	JH3	82.653	100.000	True	False	True	False	False	False
ERR346596	ERR346596.383444	SM7.1.44,SM7.2.49,VHSM7.a3.93	JH2	80.000	100.000	True	False	True	False	False	False
ERR346596	ERR346596.383583	J558.54.148	JH3	94.845	83.333	False	True	False	True	False	False
ERR346596	ERR346596.383603	J558.5	JH4	94.898	81.250	False	True	False	True	False	False
ERR346596	ERR346596.383703	J558.50	JH3	84.694	100.000	True	False	True	False	False	False
ERR346596	ERR346596.383736	J558.k	JH4	68.041	100.000	True	False	True	False	False	False
ERR346596	ERR346596.383843	J558.5	JH4	91.837	81.250	False	True	False	True	False	False
ERR346596	ERR346596.383863	J558.37,J558.38,J558.39		80.000		True	False	True	False	False	False
ERR346596	ERR346596.383928	J558.h	JH4	84.536	100.000	True	False	True	False	False	False
ERR346596	ERR346596.383977	J558.55.149	JH2	28.571	100.000	True	False	True	False	False	False
ERR346596	ERR346596.383960	VHSM7.a3.93	JH3	46.875	100.000	True	False	True	False	False	False
ERR346596	ERR346596.384128	SM7.1.44,SM7.2.49,VHSM7.a3.93	JH2	22.222	100.000	True	False	True	False	False	False
ERR346596	ERR346596.384122	Q52.2.4,Q52.5.13,Q52.7.18	JH2	100.000	75.000	False	True	False	True	False	False
ERR346596	ERR346596.384208	J558.26.116,J558.43.133,J558.5	JH4	75.258	92.857	True	False	True	False	False	False
ERR346596	ERR346596.384317	VHSM7.a4.108	JH4	66.667	100.000	True	False	True	False	False	False
ERR346596	ERR346596.384285	VHQ52.a19.61	JH2	81.250	100.000	True	False	True	False	False	False
ERR346596	ERR346596.384461	VHQ52.a2.4	JH2	78.125	93.333	True	False	True	False	False	False
ERR346596	ERR346596.384477	VHQ52.a15.42	JH4	6.250	93.750	True	False	True	False	False	False
ERR346596	ERR346596.384491	J558.50	JH3	84.694	100.000	True	False	True	False	False	False
ERR346596	ERR346596.384599	VH7183.a4.6,VHD6.96	JH4	44.330	100.000	True	False	True	False	False	False
ERR346596	ERR346596.384644	J558.47	JH2	59.794	100.000	True	False	True	False	False	False
ERR346596	ERR346596.384640	J558.20	JH3	10.417	100.000	True	False	True	False	False	False
ERR346596	ERR346596.384621	J558.13,J558.54.148	JH4	34.375	100.000	True	False	True	False	False	False
ERR346596	ERR346596.384783	VH36-60.a2.90	JH1	40.206	100.000	True	False	True	False	False	False
ERR346596	ERR346596.384840	VHSM7.a3.93	JH4	94.898	80.000	False	True	False	True	False	False
ERR346596	ERR346596.384848	VHSM7.a3.93	JH2	8.247	100.000	True	False	True	False	False	False
ERR346596	ERR346596.384880	V11,VHS107.a3.106	JH1	47.475	100.000	True	False	True	False	False	False
ERR346596	ERR346596.384952	J558.2	JH2	36.458	100.000	True	False	True	False	False	False
ERR346596	ERR346596.385016	J558.59.155,J558.a,VH124	JH4	64.583	100.000	True	False	True	False	False	False
ERR346596	ERR346596.385097	VHQ52.a27.79	JH3	81.250	100.000	True	False	True	False	False	False
ERR346596	ERR346596.385222	J558.h	JH4	84.694	100.000	True	False	True	False	False	False
ERR346596	ERR346596.385290	J558.83.189	JH4	84.536	100.000	True	False	True	False	False	False
ERR346596	ERR346596.385299	VHSM7.a3.93	JH3	23.958	100.000	True	False	True	False	False	False
ERR346596	ERR346596.385335	VH36-60.a1.85	JH2	95.918	35.714	False	True	False	True	False	False
ERR346596	ERR346596.385392	VHQ52.a27.79,VOx-1	JH4	51.042	100.000	True	False	True	False	False	False
ERR346596	ERR346596.385333	VH7183.a4.6,VHD6.96	JH4	12.371	100.000	True	False	True	False	False	False
ERR346596	ERR346596.385534	J558.21pg.111	JH3	6.186	100.000	True	False	True	False	False	False
ERR346596	ERR346596.385421	V1,VHS107.a1.81	JH1	95.000	66.667	False	True	False	True	False	False
ERR346596	ERR346596.385773	J558.20	JH2	13.542	100.000	True	False	True	False	False	False
ERR346596	ERR346596.385811	J558.5	JH4	92.857	81.250	False	True	False	True	False	False
ERR346596	ERR346596.385749	J558.50	JH3	84.536	100.000	True	False	True	False	False	False
ERR346596	ERR346596.385788	VH36-60.a2.90	JH2	77.778	100.000	True	False	True	False	False	False
ERR346596	ERR346596.385850	Q52.1pg.2,VHQ52.a1psi.2		62.500		True	False	True	False	False	False
ERR346596	ERR346596.385874	V11,VHS107.a3.106	JH2	17.822	100.000	True	False	True	False	False	False
ERR346596	ERR346596.385815	VHSM7.a3.93	JH2	15.625	100.000	True	False	True	False	False	False
ERR346596	ERR346596.385800	J558.21pg.111,J558.25pg.115	JH3	16.495	100.000	True	False	True	False	False	False
ERR346596	ERR346596.385984	VHS107.a3.106	JH1	50.495	94.118	True	False	True	False	False	False
ERR346596	ERR346596.386160	VHSM7.a4.108	JH3	70.526	100.000	True	False	True	False	False	False
ERR346596	ERR346596.386335	J558.46		80.000		True	False	True	False	False	False
ERR346596	ERR346596.386352	J558.5	JH4	94.898	81.250	False	True	False	True	False	False
ERR346596	ERR346596.386436	J558.44	JH1	11.458	100.000	True	False	True	False	False	False
ERR346596	ERR346596.386593	J558.46	JH2	84.536	100.000	True	False	True	False	False	False
ERR346596	ERR346596.386704	J558.6	JH4	83.673	92.857	True	False	True	False	False	False
ERR346596	ERR346596.386720	VHQ52.a23.68	JH2	69.231	100.000	True	False	True	False	False	False
ERR346596	ERR346596.386761	VHQ52.a27.79	JH2	31.250	100.000	True	False	True	False	False	False
ERR346596	ERR346596.386772	J558.h	JH4	82.474	92.857	True	False	True	False	False	False
ERR346596	ERR346596.386791	J558.20	JH3	96.907	57.143	False	True	False	True	False	False
ERR346596	ERR346596.386752	VHSM7.a4.108	JH3	58.947	100.000	True	False	True	False	False	False
ERR346596	ERR346596.386889	J558.70pg.171,J558.n	JH3	52.041	92.308	True	False	True	False	False	False
ERR346596	ERR346596.386935	VHQ52.a19.61		58.824		True	False	True	False	False	False
ERR346596	ERR346596.386974	J558.50	JH3	84.783	100.000	True	False	True	False	False	False
ERR346596	ERR346596.387008	VHX24.a1.84	JH3	61.333	85.714	True	False	True	False	False	False
ERR346596	ERR346596.387068	VHQ52.a27.79,VOx-1	JH4	81.250	100.000	True	False	True	False	False	False
ERR346596	ERR346596.387141	VHJ606.a6.127#	JH2	84.694	83.333	True	True	True	True	False	False
ERR346596	ERR346596.387348	VHQ52.a27.79,VOx-1	JH4	80.000	100.000	True	False	True	False	False	False
ERR346596	ERR346596.387359	VHSM7.a3.93	JH3	29.167	92.857	True	False	True	False	False	False
ERR346596	ERR346596.387608	J558.h	JH4	82.979	93.750	True	False	True	False	False	False
ERR346596	ERR346596.387687	VHX24.a1.84	JH3	62.887	100.000	True	False	True	False	False	False
ERR346596	ERR346596.387607	J558.l	JH4	79.787	93.333	True	False	True	False	False	False
ERR346596	ERR346596.387786	J558.h	JH4	82.105	92.857	True	False	True	False	False	False
ERR346596	ERR346596.387840	J558.15	JH4	50.000	86.667	True	False	True	False	False	False
ERR346596	ERR346596.387856	VHA1	JH4	43.299	100.000	True	False	True	False	False	False
ERR346596	ERR346596.387908	J558.h	JH4	84.694	92.857	True	False	True	False	False	False
ERR346596	ERR346596.387979	J558.h	JH4	80.412	100.000	True	False	True	False	False	False
ERR346596	ERR346596.388045	J558.1	JH2	77.320	100.000	True	False	True	False	False	False
ERR346596	ERR346596.388058	J558.83.189	JH4	10.417	100.000	True	False	True	False	False	False
ERR346596	ERR346596.388216	J558.21pg.111,J558.25pg.115	JH3	82.292	100.000	True	False	True	False	False	False
ERR346596	ERR346596.388252	Vh10.3a	JH4	74.000	100.000	True	False	True	False	False	False
ERR346596	ERR346596.388265	VHSM7.a3.93	JH2	83.505	100.000	True	False	True	False	False	False
ERR346596	ERR346596.388342	H13-3	JH3	23.958	100.000	True	False	True	False	False	False
ERR346596	ERR346596.388249	J558.23,J558.84.190	JH3,JH4	75.000	100.000	True	False	True	False	False	False
ERR346596	ERR346596.388291	J558.35	JH4	43.750	100.000	True	False	True	False	False	False
ERR346596	ERR346596.388483	VHQ52.a27.79,VOx-1	JH4	76.042	100.000	True	False	True	False	False	False
ERR346596	ERR346596.388505	VHX24.a1.84	JH3	94.898	80.000	False	True	False	True	False	False
ERR346596	ERR346596.388466	J558.50	JH3	84.536	92.857	True	False	True	False	False	False
ERR346596	ERR346596.388626	VH11.a2.92	JH2	89.796	84.615	False	True	False	True	False	False
ERR346596	ERR346596.388630	J558.50	JH3	84.375	100.000	True	False	True	False	False	False
ERR346596	ERR346596.388681	Q52.3.8,VHQ52.a3.8	JH4	36.458	100.000	True	False	True	False	False	False
ERR346596	ERR346596.388709	VHQ52.a27.79	JH1	82.292	100.000	True	False	True	False	False	False
ERR346596	ERR346596.388695	VH36-60.a2.90	JH4	94.845	82.353	False	True	False	True	False	False
ERR346596	ERR346596.388731	J558.39	JH3	34.021	100.000	True	False	True	False	False	False
ERR346596	ERR346596.388694	VH7183.a4.6,VHD6.96	JH4	50.000	92.857	True	False	True	False	False	False
ERR346596	ERR346596.388729	J558.55.149	JH2	11.340	100.000	True	False	True	False	False	False
ERR346596	ERR346596.388775	VHSM7.a3.93	JH2	7.292	100.000	True	False	True	False	False	False
ERR346596	ERR346596.388837	H13-3	JH3	92.784	80.000	False	True	False	True	False	False
ERR346596	ERR346596.388859	V11,VHS107.a3.106	JH1	49.505	100.000	True	False	True	False	False	False
ERR346596	ERR346596.388870	VH7183.a7.10	JH4	96.939	82.353	False	True	False	True	False	False
ERR346596	ERR346596.388946	J558.52.145,J558.61.157,V3	JH2	48.958	86.667	True	False	True	False	False	False
ERR346596	ERR346596.388981	J558.5	JH4	84.536	100.000	True	False	True	False	False	False
ERR346596	ERR346596.388917	J558.50	JH3	83.673	100.000	True	False	True	False	False	False
ERR346596	ERR346596.389059	J558.70pg.171,J558.n	JH4	4.124	100.000	True	False	True	False	False	False
ERR346596	ERR346596.389072	VH7183.a4.6,VHD6.96	JH4	9.278	100.000	True	False	True	False	False	False
ERR346596	ERR346596.389090	J558.h	JH4	83.673	92.857	True	False	True	False	False	False
ERR346596	ERR346596.389191	J558.17	JH2	71.579	100.000	True	False	True	False	False	False
ERR346596	ERR346596.389258	VH7183.a4.6,VHD6.96	JH4	96.907	42.857	False	True	False	True	False	False
ERR346596	ERR346596.389281	J558.50	JH3	82.653	100.000	True	False	True	False	False	False
ERR346596	ERR346596.389519	J558.45	JH4	4.301	87.500	True	False	True	False	False	False
ERR346596	ERR346596.389545	VHS107.a3.106	JH1	6.931	100.000	True	False	True	False	False	False
ERR346596	ERR346596.389628	SM7.1.44,SM7.2.49,VHSM7.a3.93	JH2	77.778	100.000	True	False	True	False	False	False
ERR346596	ERR346596.389655	VH36-60.a1.85	JH2	35.052	100.000	True	False	True	False	False	False
ERR346596	ERR346596.389862	J558.50	JH3	82.292	100.000	True	False	True	False	False	False
ERR346596	ERR346596.389959	J558.21pg.111,J558.25pg.115	JH3	50.515	100.000	True	False	True	False	False	False
ERR346596	ERR346596.389993	J558.52.145,J558.61.157,V3	JH2	30.928	93.333	True	False	True	False	False	False
ERR346596	ERR346596.390017	SM7.3.54	JH1,JH2,JH3	80.000	100.000	True	False	True	False	False	False
ERR346596	ERR346596.390042	J558.5	JH4	43.299	88.235	True	False	True	False	False	False
ERR346596	ERR346596.390153	J558.h	JH4	83.333	93.750	True	False	True	False	False	False
ERR346596	ERR346596.390275	VHA1	JH2	97.959	80.000	False	True	False	True	False	False
ERR346596	ERR346596.390364	J558.h	JH4	83.505	100.000	True	False	True	False	False	False
ERR346596	ERR346596.390368	Q52.3.8,VHQ52.a3.8	JH4	18.947	100.000	True	False	True	False	False	False
ERR346596	ERR346596.390326	J558.21pg.111	JH3	84.536	92.308	True	False	True	False	False	False
ERR346596	ERR346596.390400	J558.35	JH4	14.583	100.000	True	False	True	False	False	False
ERR346596	ERR346596.390412	VHSM7.a3.93	JH1	8.247	100.000	True	False	True	False	False	False
ERR346596	ERR346596.390451	J558.50	JH3	81.633	100.000	True	False	True	False	False	False
ERR346596	ERR346596.390485	VHQ52.a27.79,VOx-1	JH4	50.526	100.000	True	False	True	False	False	False
ERR346596	ERR346596.390525	VHSM7.a3.93	JH2	49.485	100.000	True	False	True	False	False	False
ERR346596	ERR346596.390594	J558.50	JH3	84.694	92.857	True	False	True	False	False	False
ERR346596	ERR346596.390693	VH7183.a7.10	JH4	9.184	100.000	True	False	True	False	False	False
ERR346596	ERR346596.390772	J558.50	JH3	82.474	100.000	True	False	True	False	False	False
ERR346596	ERR346596.390712	J558.50	JH3	83.505	100.000	True	False	True	False	False	False
ERR346596	ERR346596.390792	J558.5	JH4	83.505	100.000	True	False	True	False	False	False
ERR346596	ERR346596.390769	J558.35	JH2	67.368	92.857	True	False	True	False	False	False
ERR346596	ERR346596.390828	J558.19	JH2	36.458	100.000	True	False	True	False	False	False
ERR346596	ERR346596.391104	J558.13,J558.54.148	JH4	5.208	93.333	True	False	True	False	False	False
ERR346596	ERR346596.391090	Q52.3.8,VHQ52.a3.8	JH4	19.792	100.000	True	False	True	False	False	False
ERR346596	ERR346596.391176	VH108A	JH1	95.918	46.667	False	True	False	True	False	False
ERR346596	ERR346596.391147	J558.h	JH3	84.536	100.000	True	False	True	False	False	False
ERR346596	ERR346596.391091	J558.18	JH4	21.505	100.000	True	False	True	False	False	False
ERR346596	ERR346596.391296	VHSM7.a4.108	JH1	7.292	100.000	True	False	True	False	False	False
ERR346596	ERR346596.391304	VHS107.a3.106	JH2	75.248	100.000	True	False	True	False	False	False
ERR346596	ERR346596.391366	J558.44	JH3	30.928	100.000	True	False	True	False	False	False
ERR346596	ERR346596.391376	J558.54.148	JH3	93.878	83.333	False	True	False	True	False	False
ERR346596	ERR346596.391400	VHSM7.a3.93	JH2	46.392	100.000	True	False	True	False	False	False
ERR346596	ERR346596.391552	J558.21pg.111,J558.25pg.115	JH3	84.694	100.000	True	False	True	False	False	False
ERR346596	ERR346596.391470	J558.50	JH3	83.505	100.000	True	False	True	False	False	False
ERR346596	ERR346596.391546	VHQ52.a27.79,VOx-1	JH4	97.917	35.714	False	True	False	True	False	False
ERR346596	ERR346596.391669	SM7.3.54	JH2	75.000	100.000	True	False	True	False	False	False
ERR346596	ERR346596.391881	VHQ52.a27.79,VOx-1	JH4	82.292	100.000	True	False	True	False	False	False
ERR346596	ERR346596.391911	J558.f,VH104B	JH2	80.000	100.000	True	False	True	False	False	False
ERR346596	ERR346596.391973	J558.45	JH1	43.750	100.000	True	False	True	False	False	False
ERR346596	ERR346596.391983	VHSM7.a3.93	JH2	93.814	25.000	False	True	False	True	False	False
ERR346596	ERR346596.391989	J558.17	JH2	50.000	100.000	True	False	True	False	False	False
ERR346596	ERR346596.392066	J558.50	JH3	84.536	100.000	True	False	True	False	False	False
ERR346596	ERR346596.392138	J558.18A,J558.54,J558.83.189		50.000		True	False	True	False	False	False
ERR346596	ERR346596.392271	VHQ52.a27.79	JH1	9.278	100.000	True	False	True	False	False	False
ERR346596	ERR346596.392224	J558.50	JH3	83.505	100.000	True	False	True	False	False	False
ERR346596	ERR346596.392292	J558.89pg.195	JH3	60.204	100.000	True	False	True	False	False	False
ERR346596	ERR346596.392372	J558.5	JH4	94.898	81.250	False	True	False	True	False	False
ERR346596	ERR346596.392407	VHSM7.a3.93	JH4	63.542	100.000	True	False	True	False	False	False
ERR346596	ERR346596.392380	VH7183.7b	JH4	10.204	92.308	True	False	True	False	False	False
ERR346596	ERR346596.392409	VHSM7.a3.93	JH2	16.842	100.000	True	False	True	False	False	False
ERR346596	ERR346596.392440	VHSM7.a3.93	JH3	60.417	100.000	True	False	True	False	False	False
ERR346596	ERR346596.392568	J558.50	JH3	84.694	100.000	True	False	True	False	False	False
ERR346596	ERR346596.392589	VHSM7.a3.93	JH3	66.667	100.000	True	False	True	False	False	False
ERR346596	ERR346596.392618	VHS107.a3.106	JH1	49.505	100.000	True	False	True	False	False	False
ERR346596	ERR346596.392628	VHS107.a3.106	JH1	8.911	100.000	True	False	True	False	False	False
ERR346596	ERR346596.392610	VHS107.a3.106	JH2	36.634	91.667	True	False	True	False	False	False
ERR346596	ERR346596.392641	J558.46	JH4	57.732	100.000	True	False	True	False	False	False
ERR346596	ERR346596.392762	J558.5	JH4	92.784	81.250	False	True	False	True	False	False
ERR346596	ERR346596.392651	VHX24.a1.84	JH3	7.216	100.000	True	False	True	False	False	False
ERR346596	ERR346596.392720	J558.35	JH4	9.375	100.000	True	False	True	False	False	False
ERR346596	ERR346596.392723	J558.h	JH4	84.536	100.000	True	False	True	False	False	False
ERR346596	ERR346596.392838	J558.70pg.171,J558.n	JH4	65.625	100.000	True	False	True	False	False	False
ERR346596	ERR346596.392822	J558.45	JH2	43.299	100.000	True	False	True	False	False	False
ERR346596	ERR346596.392964	VHSM7.a3.93	JH4	26.804	100.000	True	False	True	False	False	False
ERR346596	ERR346596.392921	VHQ52.a27.79	JH1	80.208	100.000	True	False	True	False	False	False
ERR346596	ERR346596.393016	VHA1	JH2	98.969	80.000	False	True	False	True	False	False
ERR346596	ERR346596.393117	J558.h	JH4	81.443	92.857	True	False	True	False	False	False
ERR346596	ERR346596.393250	VHQ52.a27.79	JH1	80.208	100.000	True	False	True	False	False	False
ERR346596	ERR346596.393236	J558.47	JH2	16.495	92.857	True	False	True	False	False	False
ERR346596	ERR346596.393512	VHQ52.a27.79,VOx-1	JH4	14.737	92.857	True	False	True	False	False	False
ERR346596	ERR346596.393523	J558.45	JH3	27.835	100.000	True	False	True	False	False	False
ERR346596	ERR346596.393709	J558.54.148	JH3	95.918	83.333	False	True	False	True	False	False
ERR346596	ERR346596.393746	VH7183.a4.6,VHD6.96	JH4	51.546	100.000	True	False	True	False	False	False
ERR346596	ERR346596.393866	H13-3	JH3	91.837	80.000	False	True	False	True	False	False
ERR346596	ERR346596.393882	J558.50	JH3	82.653	92.857	True	False	True	False	False	False
ERR346596	ERR346596.393854	VHX24.a1.84	JH3	27.551	100.000	True	False	True	False	False	False
ERR346596	ERR346596.393924	J558.45	JH1	13.402	100.000	True	False	True	False	False	False
ERR346596	ERR346596.393878	VH7183.a46.75	JH4	6.122	100.000	True	False	True	False	False	False
ERR346596	ERR346596.393935	VHSM7.a3.93	JH2	83.505	100.000	True	False	True	False	False	False
ERR346596	ERR346596.394012	VHQ52.a27.79	JH1	81.250	100.000	True	False	True	False	False	False
ERR346596	ERR346596.394036	J558.50	JH3	84.536	100.000	True	False	True	False	False	False
ERR346596	ERR346596.394047	J558.83.189	JH2	92.784	84.615	False	True	False	True	False	False
ERR346596	ERR346596.394110	J558.h	JH4	84.536	92.857	True	False	True	False	False	False
ERR346596	ERR346596.394174	VHQ52.a27.79,VOx-1	JH4	77.895	100.000	True	False	True	False	False	False
ERR346596	ERR346596.394139	VHQ52.a27.79	JH4	82.292	93.333	True	False	True	False	False	False
ERR346596	ERR346596.394187	VHQ52.a24.72	JH3	46.316	100.000	True	False	True	False	False	False
ERR346596	ERR346596.394229	J558.61.157,V3	JH2	48.454	100.000	True	False	True	False	False	False
ERR346596	ERR346596.394246	J558.54.148	JH2	97.938	42.857	False	True	False	True	False	False
ERR346596	ERR346596.394275	J558.64.162,J558.74.176	JH3	95.918	71.429	False	True	False	True	False	False
ERR346596	ERR346596.394365	J558.h	JH2	84.536	100.000	True	False	True	False	False	False
ERR346596	ERR346596.394395	J558.50	JH3	84.694	100.000	True	False	True	False	False	False
ERR346596	ERR346596.394447	J558.h	JH4	83.333	93.750	True	False	True	False	False	False
ERR346596	ERR346596.394439	J558.37	JH4	44.792	100.000	True	False	True	False	False	False
ERR346596	ERR346596.394462	J558.17	JH2	4.301	100.000	True	False	True	False	False	False
ERR346596	ERR346596.394468	J558.53.146,V23	JH2	72.727	100.000	True	False	True	False	False	False
ERR346596	ERR346596.394495	VHQ52.a9.26	JH3	69.792	100.000	True	False	True	False	False	False
ERR346596	ERR346596.394571	J558.17	JH3	22.917	100.000	True	False	True	False	False	False
ERR346596	ERR346596.394573	J558.20	JH2	41.237	100.000	True	False	True	False	False	False
ERR346596	ERR346596.394645	J558.50	JH3	83.505	100.000	True	False	True	False	False	False
ERR346596	ERR346596.394696	J558.50	JH3	82.653	100.000	True	False	True	False	False	False
ERR346596	ERR346596.394789	J558.l	JH4	14.583	93.333	True	False	True	False	False	False
ERR346596	ERR346596.394905	VHSM7.a3.93	JH4	89.796	80.000	False	True	False	True	False	False
ERR346596	ERR346596.394926	J558.2	JH3	90.110	78.571	False	True	False	True	False	False
ERR346596	ERR346596.394967	VH108A	JH2	14.286	100.000	True	False	True	False	False	False
ERR346596	ERR346596.395072	J558.h	JH4	84.536	93.750	True	False	True	False	False	False
ERR346596	ERR346596.395087	SM7.1.44,SM7.2.49,VHSM7.a3.93	JH2	77.778	100.000	True	False	True	False	False	False
ERR346596	ERR346596.395102	J558.h	JH4	84.536	92.857	True	False	True	False	False	False
ERR346596	ERR346596.395132	SM7.1.44,SM7.2.49,VHSM7.a3.93	JH2	77.778	100.000	True	False	True	False	False	False
ERR346596	ERR346596.395366	J558.19	JH2	45.833	100.000	True	False	True	False	False	False
ERR346596	ERR346596.395320	J558.h	JH4	84.694	93.333	True	False	True	False	False	False
ERR346596	ERR346596.395363	J558.50	JH3	84.694	100.000	True	False	True	False	False	False
ERR346596	ERR346596.395380	VHSM7.a3.93	JH3	22.680	100.000	True	False	True	False	False	False
ERR346596	ERR346596.395401	VHSM7.a3.93	JH4	94.845	80.000	False	True	False	True	False	False
ERR346596	ERR346596.395394	J558.21pg.111,J558.25pg.115	JH3	83.673	100.000	True	False	True	False	False	False
ERR346596	ERR346596.395457	VHSM7.a3.93	JH2	83.505	100.000	True	False	True	False	False	False
ERR346596	ERR346596.395522	J558.h	JH4	5.495	100.000	True	False	True	False	False	False
ERR346596	ERR346596.395658	VHSM7.a3.93	JH4	94.565	80.000	False	True	False	True	False	False
ERR346596	ERR346596.395721	J558.16.106	JH2	7.216	92.857	True	False	True	False	False	False
ERR346596	ERR346596.395765	J558.45	JH4	67.708	100.000	True	False	True	False	False	False
ERR346596	ERR346596.395876	VH7183.a4.6,VHD6.96	JH4	22.680	100.000	True	False	True	False	False	False
ERR346596	ERR346596.395840	J558.50	JH3	84.536	100.000	True	False	True	False	False	False
ERR346596	ERR346596.396056	J558.50	JH3	83.505	92.857	True	False	True	False	False	False
ERR346596	ERR346596.396022	J558.15	JH4	12.500	86.667	True	False	True	False	False	False
ERR346596	ERR346596.396175	VHSM7.a3.93	JH2	8.333	100.000	True	False	True	False	False	False
ERR346596	ERR346596.396571	J558.39,J558.50.143,J558.55.149	JH1,JH2,JH3	72.727	100.000	True	False	True	False	False	False
ERR346596	ERR346596.396616	VHSM7.a3.93	JH4	32.990	100.000	True	False	True	False	False	False
ERR346596	ERR346596.396753	J558.33	JH4	64.948	93.333	True	False	True	False	False	False
ERR346596	ERR346596.396843	J558.h	JH4	82.474	92.857	True	False	True	False	False	False
ERR346596	ERR346596.396857	VH7183.a37.59	JH4	20.833	93.333	True	False	True	False	False	False
ERR346596	ERR346596.396908	J558.45	JH4	91.667	82.353	False	True	False	True	False	False
ERR346596	ERR346596.396998	J558.40	JH2	35.052	100.000	True	False	True	False	False	False
ERR346596	ERR346596.397019	VHSM7.a3.93	JH4	15.464	100.000	True	False	True	False	False	False
ERR346596	ERR346596.397028	VH7183.a4.6,VHD6.96	JH4	95.876	80.000	False	True	False	True	False	False
ERR346596	ERR346596.397097	VHSM7.a3.93	JH4	7.292	100.000	True	False	True	False	False	False
ERR346596	ERR346596.397206	VH7183.a4.6,VHD6.96	JH4	92.857	81.250	False	True	False	True	False	False
ERR346596	ERR346596.397194	J558.20	JH3	31.250	100.000	True	False	True	False	False	False
ERR346596	ERR346596.397218	J558.45	JH4	96.907	78.571	False	True	False	True	False	False
ERR346596	ERR346596.397304	J558.50	JH3	81.633	100.000	True	False	True	False	False	False
ERR346596	ERR346596.397335	J558.l	JH2	34.375	100.000	True	False	True	False	False	False
ERR346596	ERR346596.397555	VH7183.a4.6,VHD6.96	JH4	60.417	100.000	True	False	True	False	False	False
ERR346596	ERR346596.397542	VHSM7.a3.93	JH3	29.897	100.000	True	False	True	False	False	False
ERR346596	ERR346596.397611	VHQ52.a22.67	JH2	76.042	100.000	True	False	True	False	False	False
ERR346596	ERR346596.397632	VH36-60.a1.85	JH1	62.500	93.750	True	False	True	False	False	False
ERR346596	ERR346596.397716	J558.h	JH4	83.505	100.000	True	False	True	False	False	False
ERR346596	ERR346596.397791	J558.47	JH3	62.500	100.000	True	False	True	False	False	False
ERR346596	ERR346596.398068	J558.h	JH4	82.979	93.750	True	False	True	False	False	False
ERR346596	ERR346596.398171	J558.h	JH4	7.292	92.857	True	False	True	False	False	False
ERR346596	ERR346596.398311	J558.38pg.128	JH2	72.727	100.000	True	False	True	False	False	False
ERR346596	ERR346596.398277	VHQ52.a27.79	JH1	81.250	100.000	True	False	True	False	False	False
ERR346596	ERR346596.398214	J558.h	JH4	84.375	93.750	True	False	True	False	False	False
ERR346596	ERR346596.398293	J558.17	JH3	51.042	100.000	True	False	True	False	False	False
ERR346596	ERR346596.398321	VHS107.a3.106	JH2	43.000	100.000	True	False	True	False	False	False
ERR346596	ERR346596.398395	V102	JH2	83.333	100.000	True	False	True	False	False	False
ERR346596	ERR346596.398410	VHQ52.a27.79,VOx-1	JH4	84.375	100.000	True	False	True	False	False	False
ERR346596	ERR346596.398549	J606.4.82	JH2	21.212	100.000	True	False	True	False	False	False
ERR346596	ERR346596.398545	Q52.1pg.2,VHQ52.a1psi.2		62.500		True	False	True	False	False	False
ERR346596	ERR346596.398698	J558.70pg.171,J558.n	JH4	43.750	100.000	True	False	True	False	False	False
ERR346596	ERR346596.398807	J558.50	JH3	84.694	100.000	True	False	True	False	False	False
ERR346596	ERR346596.398871	VHQ52.a27.79	JH1	40.625	100.000	True	False	True	False	False	False
ERR346596	ERR346596.398945	J558.46	JH4	62.766	93.750	True	False	True	False	False	False
ERR346596	ERR346596.398998	J558.3.90,J558.50	JH3	32.990	100.000	True	False	True	False	False	False
ERR346596	ERR346596.398987	J558.70pg.171,J558.n	JH4	64.583	100.000	True	False	True	False	False	False
ERR346596	ERR346596.399046	VHSM7.a3.93	JH3	26.596	100.000	True	False	True	False	False	False
ERR346596	ERR346596.399049	J558.h	JH4	84.536	92.857	True	False	True	False	False	False
ERR346596	ERR346596.399053	Q52.3.8,VHQ52.a3.8	JH4	81.250	100.000	True	False	True	False	False	False
ERR346596	ERR346596.399179	VHSM7.a3.93	JH2	30.612	100.000	True	False	True	False	False	False
ERR346596	ERR346596.399116	VHQ52.a27.79	JH3	77.083	92.308	True	False	True	False	False	False
ERR346596	ERR346596.399272	J558.h	JH4	82.474	100.000	True	False	True	False	False	False
ERR346596	ERR346596.399249	VH7183.a4.6,VHD6.96	JH3	9.184	84.615	True	True	True	True	False	False
ERR346596	ERR346596.399322	VHSM7.a3.93	JH3	28.866	100.000	True	False	True	False	False	False
ERR346596	ERR346596.399362	J558.19	JH2	5.319	100.000	True	False	True	False	False	False
ERR346596	ERR346596.399524	J558.h	JH4	84.694	92.857	True	False	True	False	False	False
ERR346596	ERR346596.399519	J558.50	JH3	82.653	100.000	True	False	True	False	False	False
ERR346596	ERR346596.399571	VH61-1P,VH7183.a47.76	JH4	96.907	50.000	False	True	False	True	False	False
ERR346596	ERR346596.399595	J558.50	JH3	82.653	100.000	True	False	True	False	False	False
ERR346596	ERR346596.399713	V11,VHS107.a3.106	JH1	8.081	100.000	True	False	True	False	False	False
ERR346596	ERR346596.399729	J558.19.109,J558.37.127	JH3	17.526	86.667	True	False	True	False	False	False
ERR346596	ERR346596.399938	J558.h	JH4	83.673	92.857	True	False	True	False	False	False
ERR346596	ERR346596.399973	J558.54.148	JH2	95.918	46.667	False	True	False	True	False	False
ERR346596	ERR346596.399997	J558.h	JH4	84.536	100.000	True	False	True	False	False	False
ERR346596	ERR346596.399971	J558.5	JH4	93.478	81.250	False	True	False	True	False	False
ERR346596	ERR346596.399979	J558.17	JH3	18.947	100.000	True	False	True	False	False	False
ERR346596	ERR346596.400075	V11,VHS107.a3.106	JH2	46.535	100.000	True	False	True	False	False	False
ERR346596	ERR346596.400119	J558.54.148	JH2	35.714	100.000	True	False	True	False	False	False
ERR346596	ERR346596.400109	VH37.1,VH7183.a16.27	JH1	95.876	68.750	False	True	False	True	False	False
ERR346596	ERR346596.400218	bb1.1		62.500		True	False	True	False	False	False
ERR346596	ERR346596.400415	J558.h	JH4	83.505	93.750	True	False	True	False	False	False
ERR346596	ERR346596.400426	VHSM7.a4.108	JH2	57.143	100.000	True	False	True	False	False	False
ERR346596	ERR346596.400529	VHQ52.a24.72	JH3	13.542	93.333	True	False	True	False	False	False
ERR346596	ERR346596.400538	J558.50	JH3	81.443	100.000	True	False	True	False	False	False
ERR346596	ERR346596.400592	J558.l	JH4	98.936	33.333	False	True	False	True	False	False
ERR346596	ERR346596.400576	cx9	JK3	50.000	100.000	True	False	True	False	False	False
ERR346596	ERR346596.400536	VHS107.a3.106	JH1	14.851	94.118	True	False	True	False	False	False
ERR346596	ERR346596.400641	J558.33	JH2	83.333	100.000	True	False	True	False	False	False
ERR346596	ERR346596.400749	VHS107.a3.106	JH2	54.455	100.000	True	False	True	False	False	False
ERR346596	ERR346596.400761	VHQ52.a27.79,VOx-1	JH2	81.250	100.000	True	False	True	False	False	False
ERR346596	ERR346596.400765	J558.50	JH3	61.458	100.000	True	False	True	False	False	False
ERR346596	ERR346596.400820	VHQ52.a22.67	JH2	14.583	100.000	True	False	True	False	False	False
ERR346596	ERR346596.400867	VHSM7.a3.93	JH2	89.583	84.615	False	True	False	True	False	False
ERR346596	ERR346596.400852	J558.5	JH4	94.898	81.250	False	True	False	True	False	False
ERR346596	ERR346596.400992	J558.h	JH4	84.536	100.000	True	False	True	False	False	False
ERR346596	ERR346596.401285	VHQ52.a27.79	JH1	81.250	100.000	True	False	True	False	False	False
ERR346596	ERR346596.401310	J558.h	JH4	50.000	100.000	True	False	True	False	False	False
ERR346596	ERR346596.401314	J558.17	JH2	32.292	100.000	True	False	True	False	False	False
ERR346596	ERR346596.401451	J558.47	JH4	57.292	93.750	True	False	True	False	False	False
ERR346596	ERR346596.401535	J558.h	JH4	84.536	93.750	True	False	True	False	False	False
ERR346596	ERR346596.401696	J558.40	JH2	8.247	100.000	True	False	True	False	False	False
ERR346596	ERR346596.401709	J558.5	JH4	98.969	82.353	False	True	False	True	False	False
ERR346596	ERR346596.401737	VH7183.a7.10	JH4	63.265	100.000	True	False	True	False	False	False
ERR346596	ERR346596.401897	J558.17	JH2	32.292	100.000	True	False	True	False	False	False
ERR346596	ERR346596.401951	VHQ52.a22.67	JH2	51.042	100.000	True	False	True	False	False	False
ERR346596	ERR346596.402082	VHQ52.a27.79,VOx-1	JH4	43.750	100.000	True	False	True	False	False	False
ERR346596	ERR346596.402276	J558.h	JH4	27.083	92.857	True	False	True	False	False	False
ERR346596	ERR346596.402340	VHX24.a1.84	JH3	9.278	100.000	True	False	True	False	False	False
ERR346596	ERR346596.402181	VHSM7.a3.93	JH2	83.505	100.000	True	False	True	False	False	False
ERR346596	ERR346596.402353	VHQ52.a27.79	JH4	81.250	100.000	True	False	True	False	False	False
ERR346596	ERR346596.402284	J558.50	JH3	82.653	100.000	True	False	True	False	False	False
ERR346596	ERR346596.402388	VHS107.a3.106	JH2	82.178	100.000	True	False	True	False	False	False
ERR346596	ERR346596.402417	J558.17	JH2	5.208	92.308	True	False	True	False	False	False
ERR346596	ERR346596.402526	VH7183.7b	JH4	20.202	100.000	True	False	True	False	False	False
ERR346596	ERR346596.402573	J558.79.184,J558.h	JH4	29.897	100.000	True	False	True	False	False	False
ERR346596	ERR346596.402735	J558.h	JH4	83.158	100.000	True	False	True	False	False	False
ERR346596	ERR346596.402919	VHSM7.a3.93	JH3	6.250	92.857	True	False	True	False	False	False
ERR346596	ERR346596.402999	J606.4.82		50.000		True	False	True	False	False	False
ERR346596	ERR346596.402854	VH7183.a30.50	JH2	92.857	80.000	False	True	False	True	False	False
ERR346596	ERR346596.403008	VH36-60.a6.114		69.231		True	False	True	False	False	False
ERR346596	ERR346596.403029	J558.50	JH3	81.633	100.000	True	False	True	False	False	False
ERR346596	ERR346596.402992	VH36-60.a1.85	JH2	44.330	100.000	True	False	True	False	False	False
ERR346596	ERR346596.402977	H13-3	JH2	90.816	61.538	False	True	False	True	False	False
ERR346596	ERR346596.403078	J558.50	JH3	81.443	100.000	True	False	True	False	False	False
ERR346596	ERR346596.403206	J558.17	JH2	94.792	84.615	False	True	False	True	False	False
ERR346596	ERR346596.403342	SM7.1.44,SM7.2.49,SM7.3.54		77.778		True	False	True	False	False	False
ERR346596	ERR346596.403362	J558.h	JH4	83.505	100.000	True	False	True	False	False	False
ERR346596	ERR346596.403409	VH7183.a4.6,VHD6.96	JH4	9.184	100.000	True	False	True	False	False	False
ERR346596	ERR346596.403407	V11,VHS107.a3.106	JH1	43.000	100.000	True	False	True	False	False	False
ERR346596	ERR346596.403443	J558.17	JH3	40.000	100.000	True	False	True	False	False	False
ERR346596	ERR346596.403482	J558.5	JH4	83.673	100.000	True	False	True	False	False	False
ERR346596	ERR346596.403487	J558.13,J558.54.148	JH3	95.833	46.154	False	True	False	True	False	False
ERR346596	ERR346596.403515	VHQ52.a27.79,VOx-1	JH4	8.333	100.000	True	False	True	False	False	False
ERR346596	ERR346596.403608	J558.50	JH3	82.653	100.000	True	False	True	False	False	False
ERR346596	ERR346596.403657	H13-3	JH3	90.816	73.333	False	True	False	True	False	False
ERR346596	ERR346596.403672	VHQ52.a22.67	JH2	9.278	100.000	True	False	True	False	False	False
ERR346596	ERR346596.403696	VH61-1P,VH7183.a47.76	JH4	10.309	100.000	True	False	True	False	False	False
ERR346596	ERR346596.403877	J558.17	JH3	68.421	100.000	True	False	True	False	False	False
ERR346596	ERR346596.403755	V11,VHS107.a3.106	JH2	47.525	100.000	True	False	True	False	False	False
ERR346596	ERR346596.403856	J558.77.180,V102	JH2	57.292	86.667	True	False	True	False	False	False
ERR346596	ERR346596.404110	J558.38pg.128	JH2	70.000	100.000	True	False	True	False	False	False
ERR346596	ERR346596.404146	VH7183.7b	JH4	14.286	92.857	True	False	True	False	False	False
ERR346596	ERR346596.404148	J558.45	JH4	90.722	82.353	False	True	False	True	False	False
ERR346596	ERR346596.404175	J558.38pg.128	JH2	72.727	100.000	True	False	True	False	False	False
ERR346596	ERR346596.404204	VHSM7.a3.93	JH2	26.042	100.000	True	False	True	False	False	False
ERR346596	ERR346596.404222	MAI1,MBK2,PWK1	JL1	75.000	100.000	True	False	True	False	False	False
ERR346596	ERR346596.404256	J558.45	JH4	15.464	100.000	True	False	True	False	False	False
ERR346596	ERR346596.404306	J558.40	JH3	74.468	100.000	True	False	True	False	False	False
ERR346596	ERR346596.404279	VH7183.a4.6,VHD6.96	JH4	96.907	80.000	False	True	False	True	False	False
ERR346596	ERR346596.404360	J558.37.127	JH3	28.125	100.000	True	False	True	False	False	False
ERR346596	ERR346596.404357	J558.37	JH4	53.608	100.000	True	False	True	False	False	False
ERR346596	ERR346596.404400	VHX24.a1.84	JH3	7.292	100.000	True	False	True	False	False	False
ERR346596	ERR346596.404497	VHSM7.a3.93	JH3	28.125	92.308	True	False	True	False	False	False
ERR346596	ERR346596.404734	J558.8	JH3	84.536	100.000	True	False	True	False	False	False
ERR346596	ERR346596.404798	VHSM7.a3.93	JH2	82.474	100.000	True	False	True	False	False	False
ERR346596	ERR346596.404793	J558.29	JH3	16.495	100.000	True	False	True	False	False	False
ERR346596	ERR346596.404823	J558.50	JH3	81.443	92.857	True	False	True	False	False	False
ERR346596	ERR346596.404853	VHSM7.a3.93	JH3	8.247	100.000	True	False	True	False	False	False
ERR346596	ERR346596.404995	J558.68pg.168	JH2	75.000	100.000	True	False	True	False	False	False
ERR346596	ERR346596.405079	V11,VHS107.a3.106	JH1	6.000	100.000	True	False	True	False	False	False
ERR346596	ERR346596.405065	V11,VHS107.a3.106	JH2	74.000	92.857	True	False	True	False	False	False
ERR346596	ERR346596.405093	J558.2	JH3	29.897	92.308	True	False	True	False	False	False
ERR346596	ERR346596.405109	VHSM7.a3.93	JH2	98.980	80.000	False	True	False	True	False	False
ERR346596	ERR346596.405239	36-60.6.70,VH36-60.a6.114	JH2	81.818	100.000	True	False	True	False	False	False
ERR346596	ERR346596.405247	J558.2	JH3	86.598	78.571	False	True	False	True	False	False
ERR346596	ERR346596.405206	VHS107.a3.106	JH1	16.832	100.000	True	False	True	False	False	False
ERR346596	ERR346596.405303	J558.k	JH4	46.392	100.000	True	False	True	False	False	False
ERR346596	ERR346596.405274	VH7183.a4.6,VHD6.96	JH4	30.928	100.000	True	False	True	False	False	False
ERR346596	ERR346596.405321	J558.32	JH4	22.917	100.000	True	False	True	False	False	False
ERR346596	ERR346596.405404	VHQ52.a27.79,VOx-1	JH2	73.196	100.000	True	False	True	False	False	False
ERR346596	ERR346596.405716	VHSM7.a3.93	JH3	11.340	100.000	True	False	True	False	False	False
ERR346596	ERR346596.405770	VHQ52.a27.79	JH1	97.938	43.750	False	True	False	True	False	False
ERR346596	ERR346596.405945	J558.47	JH2	89.583	84.615	False	True	False	True	False	False
ERR346596	ERR346596.406018	J558.20	JH3	58.763	100.000	True	False	True	False	False	False
ERR346596	ERR346596.406040	VHS107.a3.106	JH2	96.040	84.615	False	True	False	True	False	False
ERR346596	ERR346596.406245	gu33		66.667		True	False	True	False	False	False
ERR346596	ERR346596.406316	J558.17	JH2	27.083	100.000	True	False	True	False	False	False
ERR346596	ERR346596.406513	VHQ52.a27.79	JH4	27.083	100.000	True	False	True	False	False	False
ERR346596	ERR346596.406506	J558.21pg.111,J558.25pg.115	JH3	84.694	100.000	True	False	True	False	False	False
ERR346596	ERR346596.406440	J558.50	JH3	5.208	100.000	True	False	True	False	False	False
ERR346596	ERR346596.406600	J558.h	JH4	82.105	100.000	True	False	True	False	False	False
ERR346596	ERR346596.406608	J558.h	JH4	81.250	93.750	True	False	True	False	False	False
ERR346596	ERR346596.406599	VHQ52.a9.26	JH4	79.167	100.000	True	False	True	False	False	False
ERR346596	ERR346596.406701	J606.4.82		50.000		True	False	True	False	False	False
ERR346596	ERR346596.406761	VH7183.a4.6,VHD6.96	JH4	17.526	92.857	True	False	True	False	False	False
ERR346596	ERR346596.406783	VHQ52.a22.67	JH1	73.958	93.750	True	False	True	False	False	False
ERR346596	ERR346596.406864	3:3.9,7183.7.10,VH7183.a7.10	JH1	97.938	81.250	False	True	False	True	False	False
ERR346596	ERR346596.406825	J558.18	JH3	17.708	100.000	True	False	True	False	False	False
ERR346596	ERR346596.406863	V11,VHS107.a3.106	JH1	42.000	100.000	True	False	True	False	False	False
ERR346596	ERR346596.407021	VH36-60.a1.85	JH2	76.289	100.000	True	False	True	False	False	False
ERR346596	ERR346596.407036	VH36-60.a2.90	JH3	46.392	100.000	True	False	True	False	False	False
ERR346596	ERR346596.407066	VHQ52.a17.46	JH2	29.167	100.000	True	False	True	False	False	False
ERR346596	ERR346596.407093	J558.h	JH4	84.694	92.857	True	False	True	False	False	False
ERR346596	ERR346596.407018	J558.14pg.104	JH4	71.429	100.000	True	False	True	False	False	False
ERR346596	ERR346596.407101	J558.19.109,J558.37.127		7.216		True	False	True	False	False	False
ERR346596	ERR346596.407183	V1,VHS107.a1.81	JH1	31.000	100.000	True	False	True	False	False	False
ERR346596	ERR346596.407179	J558.h	JH4	83.158	92.857	True	False	True	False	False	False
ERR346596	ERR346596.407167	Q52.1pg.2,VHQ52.a1psi.2		62.500		True	False	True	False	False	False
ERR346596	ERR346596.407251	J558.12.102	JH4	4.167	100.000	True	False	True	False	False	False
ERR346596	ERR346596.407264	J558.45	JH3	38.776	100.000	True	False	True	False	False	False
ERR346596	ERR346596.407203	J558.50	JH3	83.673	100.000	True	False	True	False	False	False
ERR346596	ERR346596.407340	VHSM7.a4.108	JH2	80.412	100.000	True	False	True	False	False	False
ERR346596	ERR346596.407373	J558.79.184,J558.h	JH4	83.673	100.000	True	False	True	False	False	False
ERR346596	ERR346596.407415	VHQ52.a27.79	JH1	7.292	100.000	True	False	True	False	False	False
ERR346596	ERR346596.407558	J558.33	JH2	20.619	100.000	True	False	True	False	False	False
ERR346596	ERR346596.407531	J558.35	JH4	12.903	100.000	True	False	True	False	False	False
ERR346596	ERR346596.407658	VHSM7.a3.93	JH3	51.546	92.308	True	False	True	False	False	False
ERR346596	ERR346596.407701	J558.h	JH4	84.536	92.857	True	False	True	False	False	False
ERR346596	ERR346596.407727	VHQ52.a27.79	JH1	6.250	100.000	True	False	True	False	False	False
ERR346596	ERR346596.407770	J558.h	JH4	81.443	87.500	True	False	True	False	False	False
ERR346596	ERR346596.407846	J558.24,J558.80.186		66.667		True	False	True	False	False	False
ERR346596	ERR346596.407976	J558.41pg.131	JH2	83.333	100.000	True	False	True	False	False	False
ERR346596	ERR346596.408007	J558.19	JH3	9.375	100.000	True	False	True	False	False	False
ERR346596	ERR346596.408067	J558.25pg.115	JH3	83.505	92.308	True	False	True	False	False	False
ERR346596	ERR346596.408235	Q52.1pg.2,VHQ52.a1psi.2		62.500		True	False	True	False	False	False
ERR346596	ERR346596.408295	J558.83.189	JH2	75.258	100.000	True	False	True	False	False	False
ERR346596	ERR346596.408257	V11,VHS107.a3.106	JH1	96.000	68.750	False	True	False	True	False	False
ERR346596	ERR346596.408242	J558.8	JH3	84.694	100.000	True	False	True	False	False	False
ERR346596	ERR346596.408314	J558.29	JH2	96.907	61.538	False	True	False	True	False	False
ERR346596	ERR346596.408429	VHSM7.a3.93	JH3	10.417	100.000	True	False	True	False	False	False
ERR346596	ERR346596.408448	VHSM7.a3.93	JH3	63.542	100.000	True	False	True	False	False	False
ERR346596	ERR346596.408466	VHQ52.a27.79,VOx-1	JH4	77.895	100.000	True	False	True	False	False	False
ERR346596	ERR346596.408496	VH7183.a7.10	JH4	28.571	100.000	True	False	True	False	False	False
ERR346596	ERR346596.408426	J558.50	JH3	84.536	100.000	True	False	True	False	False	False
ERR346596	ERR346596.408479	J558.14pg.104	JH4	71.429	100.000	True	False	True	False	False	False
ERR346596	ERR346596.408650	J558.h	JH3	84.211	100.000	True	False	True	False	False	False
ERR346596	ERR346596.408908	J558.83.189	JH4	68.750	100.000	True	False	True	False	False	False
ERR346596	ERR346596.408971	VHSM7.a3.93	JH2	37.113	100.000	True	False	True	False	False	False
ERR346596	ERR346596.409130	3609.1.84	JH2,JH4	75.000	100.000	True	False	True	False	False	False
ERR346596	ERR346596.409146	J558.41pg.131	JH1	54.545	100.000	True	False	True	False	False	False
ERR346596	ERR346596.409142	J558.64.162,J558.74.176	JH1	58.333	100.000	True	False	True	False	False	False
ERR346596	ERR346596.409284	J558.54.148	JH2	34.375	93.333	True	False	True	False	False	False
ERR346596	ERR346596.409321	VHQ52.a27.79,VOx-1	JH2	80.412	100.000	True	False	True	False	False	False
ERR346596	ERR346596.409406	J558.50	JH3	84.536	100.000	True	False	True	False	False	False
ERR346596	ERR346596.409382	J558.50	JH3	83.333	100.000	True	False	True	False	False	False
ERR346596	ERR346596.409422	VHX24.a1.84	JH3	91.837	80.000	False	True	False	True	False	False
ERR346596	ERR346596.409442	VHSM7.a3.93	JH2	82.474	100.000	True	False	True	False	False	False
ERR346596	ERR346596.409567	VHSM7.a4.108	JH4	83.333	100.000	True	False	True	False	False	False
ERR346596	ERR346596.409609	VH7183.a7.10	JH4	8.163	100.000	True	False	True	False	False	False
ERR346596	ERR346596.409624	H13-3	JH3	46.875	100.000	True	False	True	False	False	False
ERR346596	ERR346596.409555	bb1,bb1.1,cr1	JK3	60.000	100.000	True	False	True	False	False	False
ERR346596	ERR346596.409635	VHSM7.a3.93	JH4	6.186	100.000	True	False	True	False	False	False
ERR346596	ERR346596.409617	VHX24.a1.84	JH2	27.551	100.000	True	False	True	False	False	False
ERR346596	ERR346596.409761	VH36-60.a2.90	JH3	42.708	100.000	True	False	True	False	False	False
ERR346596	ERR346596.409693	VH7183.a4.6,VHD6.96	JH4	11.340	92.857	True	False	True	False	False	False
ERR346596	ERR346596.409805	VHSM7.a3.93	JH2	34.375	100.000	True	False	True	False	False	False
ERR346596	ERR346596.409845	VHQ52.a27.79,VOx-1	JH4	47.368	100.000	True	False	True	False	False	False
ERR346596	ERR346596.409998	VHQ52.a23.68	JH2	76.923	100.000	True	False	True	False	False	False
ERR346596	ERR346596.410035	V11,VHS107.a3.106	JH1	6.000	100.000	True	False	True	False	False	False
ERR346596	ERR346596.410204	VHQ52.a27.79	JH1	81.443	100.000	True	False	True	False	False	False
ERR346596	ERR346596.410322	7183.3pg.5,VH7183.a3psi.5		62.500		True	False	True	False	False	False
ERR346596	ERR346596.410331	VHSM7.a3.93	JH2	97.959	35.714	False	True	False	True	False	False
ERR346596	ERR346596.410380	J558.50	JH3	83.505	100.000	True	False	True	False	False	False
ERR346596	ERR346596.410371	VHSM7.a3.93	JH2	9.375	100.000	True	False	True	False	False	False
ERR346596	ERR346596.410439	J558.17	JH2	94.792	78.571	False	True	False	True	False	False
ERR346596	ERR346596.410687	J558.50	JH3	84.536	100.000	True	False	True	False	False	False
ERR346596	ERR346596.410692	J558.33	JH2	64.211	100.000	True	False	True	False	False	False
ERR346596	ERR346596.410716	Q52.1pg.2,VHQ52.a1psi.2		62.500		True	False	True	False	False	False
ERR346596	ERR346596.410817	J558.33	JH3	50.000	100.000	True	False	True	False	False	False
ERR346596	ERR346596.410634	J558.13,J558.54.148	JH4	5.208	100.000	True	False	True	False	False	False
ERR346596	ERR346596.410853	VH36-60.a1.85	JH2	12.371	100.000	True	False	True	False	False	False
ERR346596	ERR346596.410888	VHQ52.a22.67	JH2	80.412	100.000	True	False	True	False	False	False
ERR346596	ERR346596.410929	J558.8	JH3	84.694	100.000	True	False	True	False	False	False
ERR346596	ERR346596.410951	VHQ52.a27.79	JH1	80.208	100.000	True	False	True	False	False	False
ERR346596	ERR346596.411022	J558.17	JH4	16.842	100.000	True	False	True	False	False	False
ERR346596	ERR346596.411010	J558.44	JH4	31.959	93.333	True	False	True	False	False	False
ERR346596	ERR346596.411130	J558.h	JH4	82.292	93.750	True	False	True	False	False	False
ERR346596	ERR346596.411191	J558.5	JH4	94.898	81.250	False	True	False	True	False	False
ERR346596	ERR346596.411199	J558.64.162,J558.74.176	JH3	53.608	100.000	True	False	True	False	False	False
ERR346596	ERR346596.411248	J558.45	JH4	92.708	82.353	False	True	False	True	False	False
ERR346596	ERR346596.411383	VHSM7.a3.93	JH3	9.278	100.000	True	False	True	False	False	False
ERR346596	ERR346596.411368	VHQ52.a27.79	JH1	81.443	100.000	True	False	True	False	False	False
ERR346596	ERR346596.411387	J558.70pg.171,J558.n	JH4	89.691	43.750	False	True	False	True	False	False
ERR346596	ERR346596.411420	J558.35	JH4	46.875	100.000	True	False	True	False	False	False
ERR346596	ERR346596.411598	VHSM7.a3.93	JH4	94.898	80.000	False	True	False	True	False	False
ERR346596	ERR346596.411616	VHSM7.a3.93	JH3	81.443	100.000	True	False	True	False	False	False
ERR346596	ERR346596.411651	J558.5	JH4	6.186	82.353	True	True	True	True	False	False
ERR346596	ERR346596.411597	J558.39	JH3	93.814	38.462	False	True	False	True	False	False
ERR346596	ERR346596.411752	J558.26.116	JH1	23.711	88.235	True	False	True	False	False	False
ERR346596	ERR346596.411738	J558.5	JH4	94.898	75.000	False	True	False	True	False	False
ERR346596	ERR346596.411995	V11,VHS107.a3.106	JH1	48.000	100.000	True	False	True	False	False	False
ERR346596	ERR346596.412148	VH36-60.a2.90	JH4	94.845	82.353	False	True	False	True	False	False
ERR346596	ERR346596.412250	VHQ52.a22.67	JH2	93.814	84.615	False	True	False	True	False	False
ERR346596	ERR346596.412420	SM7.3.54	JH1,JH2,JH3	62.500	100.000	True	False	True	False	False	False
ERR346596	ERR346596.412518	J558.13,J558.54.148	JH4	60.417	100.000	True	False	True	False	False	False
ERR346596	ERR346596.412348	V11,VHS107.a3.106	JH1	48.000	100.000	True	False	True	False	False	False
ERR346596	ERR346596.412524	VHQ52.a27.79,VOx-1	JH2	37.895	100.000	True	False	True	False	False	False
ERR346596	ERR346596.412620	J558.h	JH4	84.211	92.857	True	False	True	False	False	False
ERR346596	ERR346596.412622	VHQ52.a27.79,VOx-1	JH4	36.842	100.000	True	False	True	False	False	False
ERR346596	ERR346596.413005	J558.18A,J558.54,J558.83.189	JH1	50.000	100.000	True	False	True	False	False	False
ERR346596	ERR346596.413033	J558.f,VH104B	JH2	80.000	100.000	True	False	True	False	False	False
ERR346596	ERR346596.412998	J558.h	JH4	83.673	85.714	True	False	True	False	False	False
ERR346596	ERR346596.413097	J558.50	JH3	82.653	100.000	True	False	True	False	False	False
ERR346596	ERR346596.413219	J558.17	JH2	92.708	84.615	False	True	False	True	False	False
ERR346596	ERR346596.413152	J558.50	JH3	83.505	100.000	True	False	True	False	False	False
ERR346596	ERR346596.413369	J558.h	JH4	84.536	93.750	True	False	True	False	False	False
ERR346596	ERR346596.413618	J558.50	JH3	81.443	100.000	True	False	True	False	False	False
ERR346596	ERR346596.413730	J558.l	JH4	73.196	93.333	True	False	True	False	False	False
ERR346596	ERR346596.413743	J558.29	JH4	43.299	100.000	True	False	True	False	False	False
ERR346596	ERR346596.413697	SM7.1.44,SM7.2.49,VHSM7.a3.93	JH2	80.000	100.000	True	False	True	False	False	False
ERR346596	ERR346596.413902	J558.33	JH3	30.928	100.000	True	False	True	False	False	False
ERR346596	ERR346596.413892	VHQ52.a27.79,VOx-1	JH4	8.421	100.000	True	False	True	False	False	False
ERR346596	ERR346596.413918	VHQ52.a27.79	JH2	80.412	100.000	True	False	True	False	False	False
ERR346596	ERR346596.414062	VHSM7.a3.93	JH3	26.042	100.000	True	False	True	False	False	False
ERR346596	ERR346596.414140	VHQ52.a27.79,VOx-1	JH4	63.542	100.000	True	False	True	False	False	False
ERR346596	ERR346596.414176	V1,VHS107.a1.81	JH4	6.863	100.000	True	False	True	False	False	False
ERR346596	ERR346596.414199	J558.11	JH4	5.155	93.333	True	False	True	False	False	False
ERR346596	ERR346596.414308	J558.l	JH4	54.167	93.750	True	False	True	False	False	False
ERR346596	ERR346596.414531	VHS107.a3.106	JH1	97.030	62.500	False	True	False	True	False	False
ERR346596	ERR346596.414502	J558.50	JH4	49.485	100.000	True	False	True	False	False	False
ERR346596	ERR346596.414631	J558.47	JH2	13.402	100.000	True	False	True	False	False	False
ERR346596	ERR346596.414711	J558.17	JH3	41.667	93.333	True	False	True	False	False	False
ERR346596	ERR346596.415034	J558.50	JH3	82.474	100.000	True	False	True	False	False	False
ERR346596	ERR346596.415059	VHA1	JH2	98.969	80.000	False	True	False	True	False	False
ERR346596	ERR346596.415012	J558.13	JH3	54.167	100.000	True	False	True	False	False	False
ERR346596	ERR346596.415105	VHQ52.a27.79	JH3	73.958	100.000	True	False	True	False	False	False
ERR346596	ERR346596.415137	J558.44	JH2	37.113	100.000	True	False	True	False	False	False
ERR346596	ERR346596.415187	VHQ52.a27.79	JH1	81.250	100.000	True	False	True	False	False	False
ERR346596	ERR346596.415384	VHQ52.a27.79,VOx-1	JH4	81.250	100.000	True	False	True	False	False	False
ERR346596	ERR346596.415266	J558.47	JH2	6.250	100.000	True	False	True	False	False	False
ERR346596	ERR346596.415553	J558.20pg.110	JH4	66.667	100.000	True	False	True	False	False	False
ERR346596	ERR346596.415690	VHA1	JH2	98.969	80.000	False	True	False	True	False	False
ERR346596	ERR346596.415694	J558.47	JH2	77.320	100.000	True	False	True	False	False	False
ERR346596	ERR346596.415781	J558.3.90,J558.50	JH3	22.449	100.000	True	False	True	False	False	False
ERR346596	ERR346596.415810	3:3.9,7183.7.10,VH7183.a7.10	JH2	97.938	80.000	False	True	False	True	False	False
ERR346596	ERR346596.415853	V11,VHS107.a3.106	JH2	26.000	92.857	True	False	True	False	False	False
ERR346596	ERR346596.415980	J558.41pg.131	JH1	83.333	100.000	True	False	True	False	False	False
ERR346596	ERR346596.416056	VH36-60.a1.85	JH2	41.237	85.714	True	False	True	False	False	False
ERR346596	ERR346596.416071	J558.20pg.110	JH4	66.667	100.000	True	False	True	False	False	False
ERR346596	ERR346596.416138	VHS107.a3.106	JH1	7.921	100.000	True	False	True	False	False	False
ERR346596	ERR346596.416245	VHS107.a3.106	JH4	97.030	76.471	False	True	False	True	False	False
ERR346596	ERR346596.416275	VHSM7.a3.93	JH2	97.959	64.286	False	True	False	True	False	False
ERR346596	ERR346596.416299	VHQ52.a27.79	JH1	72.917	100.000	True	False	True	False	False	False
ERR346596	ERR346596.416349	J558.h	JH4	82.292	93.750	True	False	True	False	False	False
ERR346596	ERR346596.416397	VHSM7.a3.93	JH2	83.505	100.000	True	False	True	False	False	False
ERR346596	ERR346596.416332	VH7183.a4.6,VHD6.96	JH4	60.825	92.857	True	False	True	False	False	False
ERR346596	ERR346596.416469	J558.47	JH3	23.958	100.000	True	False	True	False	False	False
ERR346596	ERR346596.416563	J558.18	JH4	65.625	100.000	True	False	True	False	False	False
ERR346596	ERR346596.416708	J558.h	JH4	82.474	92.857	True	False	True	False	False	False
ERR346596	ERR346596.416684	J558.15	JH3	15.625	91.667	True	False	True	False	False	False
ERR346596	ERR346596.416741	VHQ52.a24.72	JH3	77.083	86.667	True	False	True	False	False	False
ERR346596	ERR346596.416825	J558.5	JH4	93.878	81.250	False	True	False	True	False	False
ERR346596	ERR346596.416921	ki4		66.667		True	False	True	False	False	False
ERR346596	ERR346596.416826	J558.15	JH4	96.907	81.250	False	True	False	True	False	False
ERR346596	ERR346596.416966	J558.18A,J558.54,J558.83.189		50.000		True	False	True	False	False	False
ERR346596	ERR346596.416976	7183.3pg.5,VH7183.a3psi.5		75.000		True	False	True	False	False	False
ERR346596	ERR346596.417026	J558.17	JH3	26.316	100.000	True	False	True	False	False	False
ERR346596	ERR346596.417000	J558.20	JH1	4.167	93.333	True	False	True	False	False	False
ERR346596	ERR346596.417022	J558.33	JH4	91.837	81.250	False	True	False	True	False	False
ERR346596	ERR346596.417074	J558.h	JH2	53.125	93.333	True	False	True	False	False	False
ERR346596	ERR346596.417111	J558.19	JH2	88.776	66.667	False	True	False	True	False	False
ERR346596	ERR346596.417236	VHSM7.a3.93	JH2	14.583	100.000	True	False	True	False	False	False
ERR346596	ERR346596.417349	VHQ52.a19.61	JH2	13.684	100.000	True	False	True	False	False	False
ERR346596	ERR346596.417301	J558.52	JH2	97.959	30.769	False	True	False	True	False	False
ERR346596	ERR346596.417344	J558.41pg.131		83.333		True	False	True	False	False	False
ERR346596	ERR346596.417514	VHSM7.a3.93	JH3	28.866	92.308	True	False	True	False	False	False
ERR346596	ERR346596.417554	J558.h	JH4	83.673	100.000	True	False	True	False	False	False
ERR346596	ERR346596.417587	VHSM7.a3.93	JH3	98.958	78.571	False	True	False	True	False	False
ERR346596	ERR346596.417609	VH7183.a4.6,VHD6.96	JH4	14.433	100.000	True	False	True	False	False	False
ERR346596	ERR346596.417655	J558.3.90,J558.50		80.000		True	False	True	False	False	False
ERR346596	ERR346596.417632	J558.45	JH4	89.583	82.353	False	True	False	True	False	False
ERR346596	ERR346596.417728	VHQ52.a27.79	JH1	83.505	100.000	True	False	True	False	False	False
ERR346596	ERR346596.417816	J558.13,J558.54.148	JH4	51.042	100.000	True	False	True	False	False	False
ERR346596	ERR346596.417903	J558.27pg.117,J558.38pg.128	JH4	11.828	100.000	True	False	True	False	False	False
ERR346596	ERR346596.417904	J558.h	JH4	84.694	92.857	True	False	True	False	False	False
ERR346596	ERR346596.418153	J558.47	JH2	54.639	100.000	True	False	True	False	False	False
ERR346596	ERR346596.418179	VHSM7.a3.93	JH3	64.583	100.000	True	False	True	False	False	False
ERR346596	ERR346596.418199	J558.h	JH3	87.629	53.846	False	True	False	True	False	False
ERR346596	ERR346596.418334	J558.29	JH4	4.167	100.000	True	False	True	False	False	False
ERR346596	ERR346596.418365	VHQ52.a27.79,VOx-1	JH3	13.684	100.000	True	False	True	False	False	False
ERR346596	ERR346596.418387	Q52.3.8,VHQ52.a3.8	JH2	80.000	100.000	True	False	True	False	False	False
ERR346596	ERR346596.418547	J558.19	JH2	79.592	100.000	True	False	True	False	False	False
ERR346596	ERR346596.418700	J558.h	JH4	82.474	92.857	True	False	True	False	False	False
ERR346596	ERR346596.418729	Q52.1pg.2,VHQ52.a1psi.2		62.500		True	False	True	False	False	False
ERR346596	ERR346596.418905	VH7183.a4.6,VHD6.96	JH4	45.361	100.000	True	False	True	False	False	False
ERR346596	ERR346596.418927	J558.13,J558.54.148	JH4	22.917	93.333	True	False	True	False	False	False
ERR346596	ERR346596.418984	VHQ52.a27.79,VOx-1	JH2	9.375	100.000	True	False	True	False	False	False
ERR346596	ERR346596.418893	J558.29	JH3	29.787	100.000	True	False	True	False	False	False
ERR346596	ERR346596.419047	J558.50	JH3	82.653	100.000	True	False	True	False	False	False
ERR346596	ERR346596.418930	J558.83.189	JH4	82.653	100.000	True	False	True	False	False	False
ERR346596	ERR346596.419178	VHQ52.a22.67	JH2	84.375	100.000	True	False	True	False	False	False
ERR346596	ERR346596.419149	J558.37.127	JH4	30.208	100.000	True	False	True	False	False	False
ERR346596	ERR346596.419207	J558.45	JH2	64.286	100.000	True	False	True	False	False	False
ERR346596	ERR346596.419267	3:3.9,7183.7.10,VH7183.a7.10	JH2	98.958	80.000	False	True	False	True	False	False
ERR346596	ERR346596.419260	J558.54.148	JH2	16.495	100.000	True	False	True	False	False	False
ERR346596	ERR346596.419325	VH36-60.a6.114	JH2	40.816	100.000	True	False	True	False	False	False
ERR346596	ERR346596.419288	Q52.1pg.2,VHQ52.a1psi.2		62.500		True	False	True	False	False	False
ERR346596	ERR346596.419244	VHQ52.a9.26	JH4	81.443	100.000	True	False	True	False	False	False
ERR346596	ERR346596.419311	J558.47	JH1	8.333	87.500	True	False	True	False	False	False
ERR346596	ERR346596.419403	J558.5	JH4	94.898	81.250	False	True	False	True	False	False
ERR346596	ERR346596.419499	J558.4	JH3	94.898	38.462	False	True	False	True	False	False
ERR346596	ERR346596.419583	J558.h	JH4	84.536	92.857	True	False	True	False	False	False
ERR346596	ERR346596.419621	SM7.1.44,SM7.2.49,VHSM7.a3.93	JH2	80.000	100.000	True	False	True	False	False	False
ERR346596	ERR346596.419698	J558.50	JH3	22.680	100.000	True	False	True	False	False	False
ERR346596	ERR346596.419720	VHQ52.a27.79	JH1	9.278	100.000	True	False	True	False	False	False
ERR346596	ERR346596.419817	J558.45	JH4	97.938	57.143	False	True	False	True	False	False
ERR346596	ERR346596.419800	J558.19	JH3	77.320	100.000	True	False	True	False	False	False
ERR346596	ERR346596.419896	VHQ52.a27.79	JH1	81.443	100.000	True	False	True	False	False	False
ERR346596	ERR346596.419878	J558.8	JH2	52.577	100.000	True	False	True	False	False	False
ERR346596	ERR346596.419917	VHQ52.a15.42	JH4	77.083	100.000	True	False	True	False	False	False
ERR346596	ERR346596.419945	SM7.1.44,SM7.2.49,VHSM7.a3.93	JH2	80.000	100.000	True	False	True	False	False	False
ERR346596	ERR346596.419936	J558.34.124	JH1	91.753	43.750	False	True	False	True	False	False
ERR346596	ERR346596.419985	J558.13	JH3	50.515	100.000	True	False	True	False	False	False
ERR346596	ERR346596.419994	VHX24.a1.84	JH2	17.526	100.000	True	False	True	False	False	False
ERR346596	ERR346596.420015	SM7.1.44,SM7.2.49,VHSM7.a3.93	JH2	80.000	100.000	True	False	True	False	False	False
ERR346596	ERR346596.420131	J558.46	JH4	64.948	87.500	True	False	True	False	False	False
ERR346596	ERR346596.420230	J558.8	JH4	27.835	100.000	True	False	True	False	False	False
ERR346596	ERR346596.420431	J558.3.90,J558.50	JH3	23.077	100.000	True	False	True	False	False	False
ERR346596	ERR346596.420445	J558.26	JH4	63.542	100.000	True	False	True	False	False	False
ERR346596	ERR346596.420536	VHQ52.a19.61	JH4	98.947	35.714	False	True	False	True	False	False
ERR346596	ERR346596.420526	J558.21pg.111,J558.25pg.115	JH3	84.694	100.000	True	False	True	False	False	False
ERR346596	ERR346596.420637	J558.5	JH4	6.186	100.000	True	False	True	False	False	False
ERR346596	ERR346596.420598	J558.17	JH2	57.895	100.000	True	False	True	False	False	False
ERR346596	ERR346596.420694	VH7183.a4.6,VHD6.96	JH4	46.392	100.000	True	False	True	False	False	False
ERR346596	ERR346596.420652	7183.3pg.5,VH7183.a23psi.39,VH7183.a3psi.5	JH2	71.429	100.000	True	False	True	False	False	False
ERR346596	ERR346596.420740	VHSM7.a3.93	JH2	83.505	100.000	True	False	True	False	False	False
ERR346596	ERR346596.420689	J558.35	JH4	36.458	100.000	True	False	True	False	False	False
ERR346596	ERR346596.420642	J558.38pg.128	JH2	70.000	100.000	True	False	True	False	False	False
ERR346596	ERR346596.420803	J558.70pg.171,J558.n	JH3	88.660	84.615	False	True	False	True	False	False
ERR346596	ERR346596.420887	VHSM7.a3.93	JH2	76.042	100.000	True	False	True	False	False	False
ERR346596	ERR346596.420933	VH7183.a30.50	JH2	92.857	80.000	False	True	False	True	False	False
ERR346596	ERR346596.421035	VHQ52.a2.4	JH2	96.907	57.143	False	True	False	True	False	False
ERR346596	ERR346596.421091	VHQ52.a27.79	JH1	81.443	93.333	True	False	True	False	False	False
ERR346596	ERR346596.421160	J558.50	JH3	84.536	100.000	True	False	True	False	False	False
ERR346596	ERR346596.421229	Q52.3.8,VHQ52.a3.8	JH4	16.842	93.750	True	False	True	False	False	False
ERR346596	ERR346596.421272	J558.19	JH2	92.632	54.545	False	True	False	True	False	False
ERR346596	ERR346596.421279	J558.54.148	JH3	43.299	100.000	True	False	True	False	False	False
ERR346596	ERR346596.421397	J558.19		66.667		True	False	True	False	False	False
ERR346596	ERR346596.421574	VH61-1P,VH7183.a47.76	JH4	15.464	100.000	True	False	True	False	False	False
ERR346596	ERR346596.421542	J558.h	JH4	83.158	100.000	True	False	True	False	False	False
ERR346596	ERR346596.421743	VHA1	JH2	97.938	80.000	False	True	False	True	False	False
ERR346596	ERR346596.421643	J558.17	JH3	47.368	100.000	True	False	True	False	False	False
ERR346596	ERR346596.421715	J558.5	JH4	68.041	81.250	True	True	True	True	False	False
ERR346596	ERR346596.421824	VHQ52.a27.79,VOx-1	JH4	71.579	100.000	True	False	True	False	False	False
ERR346596	ERR346596.421898	VHQ52.a27.79,VOx-1	JH4	16.842	92.857	True	False	True	False	False	False
ERR346596	ERR346596.421947	J558.50	JH3	83.696	100.000	True	False	True	False	False	False
ERR346596	ERR346596.421870	J558.35	JH2	7.292	100.000	True	False	True	False	False	False
ERR346596	ERR346596.421880	J558.16.106,J558.2,J558.21pg.111	JH3	80.000	100.000	True	False	True	False	False	False
ERR346596	ERR346596.422017	J606.4.82		50.000		True	False	True	False	False	False
ERR346596	ERR346596.422087	J558.5	JH3	59.375	100.000	True	False	True	False	False	False
ERR346596	ERR346596.422137	J558.50	JH3	82.653	100.000	True	False	True	False	False	False
ERR346596	ERR346596.422180	VHA1	JH2	97.959	80.000	False	True	False	True	False	False
ERR346596	ERR346596.422152	VHS107.a3.106	JH2	56.436	92.308	True	False	True	False	False	False
ERR346596	ERR346596.422199	VH7183.a4.6,VHD6.96	JH4	96.907	84.615	False	True	False	True	False	False
ERR346596	ERR346596.422220	VH7183.a19.31	JH1	47.959	100.000	True	False	True	False	False	False
ERR346596	ERR346596.422190	J558.54.148	JH3	92.784	83.333	False	True	False	True	False	False
ERR346596	ERR346596.422188	J558.45	JH1	15.306	100.000	True	False	True	False	False	False
ERR346596	ERR346596.422330	J558.38pg.128	JH2	70.000	100.000	True	False	True	False	False	False
ERR346596	ERR346596.422507	J558.24,J558.80.186		66.667		True	False	True	False	False	False
ERR346596	ERR346596.422569	J558.h	JH4	81.443	92.857	True	False	True	False	False	False
ERR346596	ERR346596.422580	VH36-60.a2.90	JH2	94.845	23.077	False	True	False	True	False	False
ERR346596	ERR346596.422642	VH7183.27b,VH7183.7b	JH3	93.878	58.333	False	True	False	True	False	False
ERR346596	ERR346596.422740	J558.79.184,J558.h	JH4	80.851	87.500	True	False	True	False	False	False
ERR346596	ERR346596.422967	J558.h	JH4	82.653	92.857	True	False	True	False	False	False
ERR346596	ERR346596.423000	VHSM7.a3.93	JH2	84.375	100.000	True	False	True	False	False	False
ERR346596	ERR346596.423015	J558.47	JH4	8.247	93.750	True	False	True	False	False	False
ERR346596	ERR346596.423076	VHQ52.a27.79,VOx-1	JH2	54.737	100.000	True	False	True	False	False	False
ERR346596	ERR346596.422998	Q52.3.8,VHQ52.a3.8	JH4	81.443	93.750	True	False	True	False	False	False
ERR346596	ERR346596.423179	VHQ52.a27.79,VOx-1	JH4	7.368	100.000	True	False	True	False	False	False
ERR346596	ERR346596.423323	J558.33	JH4	90.722	81.250	False	True	False	True	False	False
ERR346596	ERR346596.423435	J558.18	JH4	95.833	76.923	False	True	False	True	False	False
ERR346596	ERR346596.423567	J558.50	JH3	81.633	100.000	True	False	True	False	False	False
ERR346596	ERR346596.423615	VH7183.a4.6,VHD6.96	JH4	96.875	80.000	False	True	False	True	False	False
ERR346596	ERR346596.423846	J558.h	JH4	82.474	92.857	True	False	True	False	False	False
ERR346596	ERR346596.423884	J558.h	JH4	82.474	92.857	True	False	True	False	False	False
ERR346596	ERR346596.423939	J558.5	JH4	94.898	81.250	False	True	False	True	False	False
ERR346596	ERR346596.423961	J558.50	JH3	81.250	100.000	True	False	True	False	False	False
ERR346596	ERR346596.423988	J558.70pg.171,J558.n	JH4	61.224	100.000	True	False	True	False	False	False
ERR346596	ERR346596.423997	VHQ52.a23.68	JH2	69.231	100.000	True	False	True	False	False	False
ERR346596	ERR346596.424025	VHQ52.a27.79,VOx-1	JH2	78.947	100.000	True	False	True	False	False	False
ERR346596	ERR346596.424041	J606.4.82	JH2	9.091	100.000	True	False	True	False	False	False
ERR346596	ERR346596.424100	J558.64.162,J558.74.176	JH3	9.375	100.000	True	False	True	False	False	False
ERR346596	ERR346596.423945	VHS107.a3.106	JH1	49.505	100.000	True	False	True	False	False	False
ERR346596	ERR346596.424198	J558.h	JH4	82.474	92.857	True	False	True	False	False	False
ERR346596	ERR346596.424204	J558.h	JH4	84.536	92.857	True	False	True	False	False	False
ERR346596	ERR346596.424464	J558.k	JH2	63.636	100.000	True	False	True	False	False	False
ERR346596	ERR346596.424475	J558.41pg.131	JH4	71.429	100.000	True	False	True	False	False	False
ERR346596	ERR346596.424457	VHQ52.a27.79	JH1	10.309	93.333	True	False	True	False	False	False
ERR346596	ERR346596.424420	VHQ52.a27.79	JH2	92.784	78.571	False	True	False	True	False	False
ERR346596	ERR346596.424539	J558.h	JH2	40.625	93.333	True	False	True	False	False	False
ERR346596	ERR346596.424484	J558.41pg.131	JH2	83.333	100.000	True	False	True	False	False	False
ERR346596	ERR346596.424510	J558.h	JH4	81.633	92.857	True	False	True	False	False	False
ERR346596	ERR346596.424573	VHX24.a2.89	JH4	66.327	100.000	True	False	True	False	False	False
ERR346596	ERR346596.424580	VHQ52.a2.4	JH2	33.333	93.333	True	False	True	False	False	False
ERR346596	ERR346596.424545	J558.50	JH3	81.443	100.000	True	False	True	False	False	False
ERR346596	ERR346596.424754	VHSM7.a3.93	JH3	50.515	100.000	True	False	True	False	False	False
ERR346596	ERR346596.424794	VHSM7.a3.93	JH2	83.333	100.000	True	False	True	False	False	False
ERR346596	ERR346596.424891	J558.16.106	JH1	3.125	100.000	True	False	True	False	False	False
ERR346596	ERR346596.424921	VHSM7.a3.93	JH2	36.458	100.000	True	False	True	False	False	False
ERR346596	ERR346596.424985	VHQ52.a22.67	JH2	94.792	84.615	False	True	False	True	False	False
ERR346596	ERR346596.424993	J558.35	JH4	24.742	100.000	True	False	True	False	False	False
ERR346596	ERR346596.425017	J558.50	JH3	83.505	92.857	True	False	True	False	False	False
ERR346596	ERR346596.425014	VHSM7.a3.93	JH3	50.000	92.308	True	False	True	False	False	False
ERR346596	ERR346596.425080	SM7.1.44,SM7.2.49,VHSM7.a3.93	JH2	77.778	100.000	True	False	True	False	False	False
ERR346596	ERR346596.425099	VHSM7.a3.93	JH1	91.837	46.667	False	True	False	True	False	False
ERR346596	ERR346596.425128	J558.17	JH2	93.548	78.571	False	True	False	True	False	False
ERR346596	ERR346596.425147	J558.83.189	JH4	94.737	80.000	False	True	False	True	False	False
ERR346596	ERR346596.425033	J558.1	JH1	82.292	100.000	True	False	True	False	False	False
ERR346596	ERR346596.425234	J558.55.149	JH2	13.542	100.000	True	False	True	False	False	False
ERR346596	ERR346596.425293	J558.21pg.111,J558.25pg.115	JH3	83.673	100.000	True	False	True	False	False	False
ERR346596	ERR346596.425210	J558.37	JH2	6.250	100.000	True	False	True	False	False	False
ERR346596	ERR346596.425403	J558.h	JH4	82.292	93.750	True	False	True	False	False	False
ERR346596	ERR346596.425442	VHQ52.a12.33	JH3	29.167	100.000	True	False	True	False	False	False
ERR346596	ERR346596.425588	J558.29	JH4	5.102	100.000	True	False	True	False	False	False
ERR346596	ERR346596.425608	VHQ52.a27.79	JH1	79.167	100.000	True	False	True	False	False	False
ERR346596	ERR346596.425622	J558.44	JH1	45.833	100.000	True	False	True	False	False	False
ERR346596	ERR346596.425643	VH7183.a7.10	JH3	17.526	100.000	True	False	True	False	False	False
ERR346596	ERR346596.425718	Q52.3.8,VHQ52.a3.8	JH4	79.167	93.750	True	False	True	False	False	False
ERR346596	ERR346596.425860	J558.48,J558.k	JH2,JH3	70.000	100.000	True	False	True	False	False	False
ERR346596	ERR346596.425924	VHSM7.a3.93	JH3	57.292	100.000	True	False	True	False	False	False
ERR346596	ERR346596.425971	VHQ52.a15.42	JH4	38.144	93.333	True	False	True	False	False	False
ERR346596	ERR346596.425940	VH7183.9,VH7183.a15.24	JH3	48.980	92.308	True	False	True	False	False	False
ERR346596	ERR346596.426022	VHSM7.a3.93	JH2	84.375	100.000	True	False	True	False	False	False
ERR346596	ERR346596.426082	J558.k	JH4	73.196	100.000	True	False	True	False	False	False
ERR346596	ERR346596.426203	J558.33	JH3	40.206	100.000	True	False	True	False	False	False
ERR346596	ERR346596.426245	VHSM7.a3.93	JH2	8.247	100.000	True	False	True	False	False	False
ERR346596	ERR346596.426247	J558.47	JH2	54.639	100.000	True	False	True	False	False	False
ERR346596	ERR346596.426321	VH7183.a30.50	JH3	44.898	100.000	True	False	True	False	False	False
ERR346596	ERR346596.426322	J558.50	JH3	84.694	100.000	True	False	True	False	False	False
ERR346596	ERR346596.426347	J558.50	JH3	81.633	100.000	True	False	True	False	False	False
ERR346596	ERR346596.426266	J558.f,VH104B		80.000		True	False	True	False	False	False
ERR346596	ERR346596.426380	J558.64.162,J558.74.176	JH3	29.897	100.000	True	False	True	False	False	False
ERR346596	ERR346596.426378	VH36-60.a2.90	JH4	96.907	82.353	False	True	False	True	False	False
ERR346596	ERR346596.426535	J558.h	JH4	82.474	92.857	True	False	True	False	False	False
ERR346596	ERR346596.426538	J558.17	JH3	53.125	100.000	True	False	True	False	False	False
ERR346596	ERR346596.426596	VHS107.a3.106	JH4	51.485	100.000	True	False	True	False	False	False
ERR346596	ERR346596.426584	V11,VHS107.a3.106	JH1	17.000	100.000	True	False	True	False	False	False
ERR346596	ERR346596.426519	VHQ52.a27.79	JH1	40.625	100.000	True	False	True	False	False	False
ERR346596	ERR346596.426645	VHQ52.a22.67	JH1	4.124	100.000	True	False	True	False	False	False
ERR346596	ERR346596.426565	VHSM7.a3.93	JH3	36.458	100.000	True	False	True	False	False	False
ERR346596	ERR346596.426723	J558.5	JH2	14.433	91.667	True	False	True	False	False	False
ERR346596	ERR346596.426742	J558.64.162,J558.74.176	JH3	9.278	93.333	True	False	True	False	False	False
ERR346596	ERR346596.426855	V11,VHS107.a3.106	JH1	45.000	100.000	True	False	True	False	False	False
ERR346596	ERR346596.426857	VH61-1P,VH7183.a47.76	JH4	43.299	100.000	True	False	True	False	False	False
ERR346596	ERR346596.426821	J558.12.102	JH1	9.278	100.000	True	False	True	False	False	False
ERR346596	ERR346596.426952	J558.2	JH3	89.691	78.571	False	True	False	True	False	False
ERR346596	ERR346596.426908	J558.16.106	JH3	92.784	84.615	False	True	False	True	False	False
ERR346596	ERR346596.427153	J558.5	JH4	92.784	81.250	False	True	False	True	False	False
ERR346596	ERR346596.427141	J558.29	JH4	55.208	100.000	True	False	True	False	False	False
ERR346596	ERR346596.427143	J558.l	JH4	68.041	93.750	True	False	True	False	False	False
ERR346596	ERR346596.427142	J558.17	JH3	8.333	93.333	True	False	True	False	False	False
ERR346596	ERR346596.427146	J558.29	JH4	64.583	100.000	True	False	True	False	False	False
ERR346596	ERR346596.427270	VHSM7.a3.93	JH2	83.505	100.000	True	False	True	False	False	False
ERR346596	ERR346596.427278	VHQ52.a27.79	JH1	59.375	100.000	True	False	True	False	False	False
ERR346596	ERR346596.427338	J558.47	JH2	54.167	100.000	True	False	True	False	False	False
ERR346596	ERR346596.427283	VH61-1P,VH7183.a47.76	JH4	7.216	100.000	True	False	True	False	False	False
ERR346596	ERR346596.427555	V11,VHS107.a3.106	JH1	77.000	100.000	True	False	True	False	False	False
ERR346596	ERR346596.427558	VH7183.a37.59	JH3	6.250	100.000	True	False	True	False	False	False
ERR346596	ERR346596.427620	J558.70pg.171,J558.n	JH4	84.694	88.235	True	False	True	False	False	False
ERR346596	ERR346596.427612	J558.45	JH3	84.536	100.000	True	False	True	False	False	False
ERR346596	ERR346596.427725	J558.37	JH3	5.102	100.000	True	False	True	False	False	False
ERR346596	ERR346596.427753	J558.h	JH4	84.536	92.857	True	False	True	False	False	False
ERR346596	ERR346596.427797	J558.17	JH2	92.632	78.571	False	True	False	True	False	False
ERR346596	ERR346596.427819	VHQ52.a27.79	JH1	83.505	100.000	True	False	True	False	False	False
ERR346596	ERR346596.427883	J558.17	JH3	4.167	100.000	True	False	True	False	False	False
ERR346596	ERR346596.427828	VHQ52.a22.67	JH2	77.083	100.000	True	False	True	False	False	False
ERR346596	ERR346596.427972	VHSM7.a3.93	JH4	46.392	100.000	True	False	True	False	False	False
ERR346596	ERR346596.427993	VHS107.a3.106	JH1	15.842	100.000	True	False	True	False	False	False
ERR346596	ERR346596.428029	Q52.3.8,VHQ52.a3.8		50.000		True	False	True	False	False	False
ERR346596	ERR346596.428073	J558.50	JH3	82.474	100.000	True	False	True	False	False	False
ERR346596	ERR346596.428115	SM7.1.44,SM7.2.49,VHSM7.a3.93	JH2	77.778	100.000	True	False	True	False	False	False
ERR346596	ERR346596.428211	J558.37,J558.38,J558.39		80.000		True	False	True	False	False	False
ERR346596	ERR346596.428223	J558.45	JH4	68.041	93.750	True	False	True	False	False	False
ERR346596	ERR346596.428295	J558.19	JH2	76.042	100.000	True	False	True	False	False	False
ERR346596	ERR346596.428335	VHX24.a1.84	JH3	8.247	100.000	True	False	True	False	False	False
ERR346596	ERR346596.428284	VH7183.a4.6,VHD6.96	JH4	47.959	100.000	True	False	True	False	False	False
ERR346596	ERR346596.428366	J558.h	JH4	83.673	93.333	True	False	True	False	False	False
ERR346596	ERR346596.428559	VHQ52.a27.79	JH1	15.625	100.000	True	False	True	False	False	False
ERR346596	ERR346596.428675	J558.12.102	JH4	54.167	100.000	True	False	True	False	False	False
ERR346596	ERR346596.428786	J558.50	JH3	84.536	100.000	True	False	True	False	False	False
ERR346596	ERR346596.428872	J558.45	JH1	89.796	60.000	False	True	False	True	False	False
ERR346596	ERR346596.428873	J558.23	JH2	51.042	100.000	True	False	True	False	False	False
ERR346596	ERR346596.428839	J558.83.189	JH2	7.216	100.000	True	False	True	False	False	False
ERR346596	ERR346596.429020	J558.50	JH3	84.375	100.000	True	False	True	False	False	False
ERR346596	ERR346596.428995	VHQ52.a27.79,VOx-1	JH4	93.750	81.818	False	True	False	True	False	False
ERR346596	ERR346596.428991	J558.50	JH3	84.536	100.000	True	False	True	False	False	False
ERR346596	ERR346596.429045	VHQ52.a27.79,VOx-1	JH4	10.417	100.000	True	False	True	False	False	False
ERR346596	ERR346596.429072	bl1,cz1		57.143		True	False	True	False	False	False
ERR346596	ERR346596.429191	J558.29	JH4	4.167	100.000	True	False	True	False	False	False
ERR346596	ERR346596.429305	SM7.1.44,SM7.2.49,VHSM7.a3.93	JH2	77.778	100.000	True	False	True	False	False	False
ERR346596	ERR346596.429356	VHSM7.a4.108	JH2	97.959	35.714	False	True	False	True	False	False
ERR346596	ERR346596.429560	J558.45	JH1	62.887	100.000	True	False	True	False	False	False
ERR346596	ERR346596.429592	J558.83.189	JH2	64.583	100.000	True	False	True	False	False	False
ERR346596	ERR346596.429581	J558.70pg.171,J558.n	JH4	89.583	82.353	False	True	False	True	False	False
ERR346596	ERR346596.429706	J558.17	JH4	39.583	93.333	True	False	True	False	False	False
ERR346596	ERR346596.429746	J558.h	JH4	84.694	100.000	True	False	True	False	False	False
ERR346596	ERR346596.429703	VHSM7.a3.93	JH3	56.250	100.000	True	False	True	False	False	False
ERR346596	ERR346596.429730	VH36-60.a2.90	JH4	42.268	100.000	True	False	True	False	False	False
ERR346596	ERR346596.429805	J558.27pg.117	JH3	11.458	100.000	True	False	True	False	False	False
ERR346596	ERR346596.429867	VH7183.a4.6,VHD6.96	JH3	6.122	91.667	True	False	True	False	False	False
ERR346596	ERR346596.429925	J558.33	JH3	92.857	69.231	False	True	False	True	False	False
ERR346596	ERR346596.429962	J558.50	JH3	84.375	100.000	True	False	True	False	False	False
ERR346596	ERR346596.429993	J558.34.124	JH1	90.816	82.353	False	True	False	True	False	False
ERR346596	ERR346596.429943	J558.13,J558.14,J558.15		77.778		True	False	True	False	False	False
ERR346596	ERR346596.430055	J558.50	JH3	84.375	100.000	True	False	True	False	False	False
ERR346596	ERR346596.429974	J558.48,J558.k	JH2,JH3	66.667	100.000	True	False	True	False	False	False
ERR346596	ERR346596.430132	J558.47	JH1	34.694	100.000	True	False	True	False	False	False
ERR346596	ERR346596.430150	VHSM7.a3.93	JH2	83.333	100.000	True	False	True	False	False	False
ERR346596	ERR346596.430200	J558.83.189	JH2	11.340	100.000	True	False	True	False	False	False
ERR346596	ERR346596.430267	VHQ52.a27.79	JH1	51.042	100.000	True	False	True	False	False	False
ERR346596	ERR346596.430330	VHQ52.a27.79,VOx-1	JH4	27.368	100.000	True	False	True	False	False	False
ERR346596	ERR346596.430368	VHSM7.a3.93	JH2	82.474	100.000	True	False	True	False	False	False
ERR346596	ERR346596.430457	VH61-1P,VH7183.a47.76	JH4	31.250	100.000	True	False	True	False	False	False
ERR346596	ERR346596.430472	J558.48,J558.k	JH2,JH3	66.667	100.000	True	False	True	False	False	False
ERR346596	ERR346596.430558	J558.54.148	JH3	76.596	91.667	True	False	True	False	False	False
ERR346596	ERR346596.430517	J558.h	JH4	81.250	93.750	True	False	True	False	False	False
ERR346596	ERR346596.430623	J558.39	JH3	57.732	100.000	True	False	True	False	False	False
ERR346596	ERR346596.430604	J558.17	JH3	65.263	100.000	True	False	True	False	False	False
ERR346596	ERR346596.430768	J558.h	JH2	84.536	100.000	True	False	True	False	False	False
ERR346596	ERR346596.430874	MAI1,MBK2,PWK2		66.667		True	False	True	False	False	False
ERR346596	ERR346596.430883	J558.27	JH4	6.122	100.000	True	False	True	False	False	False
ERR346596	ERR346596.430980	H13-3	JH2,JH3,JH4	77.778	100.000	True	False	True	False	False	False
ERR346596	ERR346596.431095	J558.12	JH1	93.878	46.667	False	True	False	True	False	False
ERR346596	ERR346596.431136	VHQ52.a27.79	JH1	81.250	100.000	True	False	True	False	False	False
ERR346596	ERR346596.431123	SM7.1.44,SM7.2.49,VHSM7.a3.93	JH2	77.778	100.000	True	False	True	False	False	False
ERR346596	ERR346596.431174	VHSM7.a3.93	JH3	78.125	100.000	True	False	True	False	False	False
ERR346596	ERR346596.431200	J558.50	JH3	83.505	100.000	True	False	True	False	False	False
ERR346596	ERR346596.431194	VHSM7.a3.93	JH2	84.536	100.000	True	False	True	False	False	False
ERR346596	ERR346596.431188	J558.50	JH3	83.505	100.000	True	False	True	False	False	False
ERR346596	ERR346596.431290	J558.21pg.111,J558.25pg.115	JH3	82.474	100.000	True	False	True	False	False	False
ERR346596	ERR346596.431390	J558.44	JH2	95.876	64.286	False	True	False	True	False	False
ERR346596	ERR346596.431486	7183.3pg.5,VH7183.a3psi.5		66.667		True	False	True	False	False	False
ERR346596	ERR346596.431533	J558.h	JH4	82.474	87.500	True	False	True	False	False	False
ERR346596	ERR346596.431659	J558.19	JH3	26.042	100.000	True	False	True	False	False	False
ERR346596	ERR346596.431747	J558.h	JH4	84.694	92.857	True	False	True	False	False	False
ERR346596	ERR346596.431873	J558.38,J558.e	JH2	53.846	75.000	True	True	True	True	False	False
ERR346596	ERR346596.432043	J558.54.148	JH3	38.776	91.667	True	False	True	False	False	False
ERR346596	ERR346596.432142	J558.19.109,J558.37.127	JH3	10.989	100.000	True	False	True	False	False	False
ERR346596	ERR346596.432158	J558.50	JH3	83.333	100.000	True	False	True	False	False	False
ERR346596	ERR346596.432278	7183.15pg.26,S107.2pg.43	JH4	80.000	100.000	True	False	True	False	False	False
ERR346596	ERR346596.432504	J558.21pg.111,J558.25pg.115	JH3	81.443	100.000	True	False	True	False	False	False
ERR346596	ERR346596.432562	J558.83.189	JH2	65.625	100.000	True	False	True	False	False	False
ERR346596	ERR346596.432556	VHQ52.a22.67	JH2	54.167	100.000	True	False	True	False	False	False
ERR346596	ERR346596.432677	VHJ606.a6.127#	JH2	74.000	100.000	True	False	True	False	False	False
ERR346596	ERR346596.432642	VH7183.a36psi.58	JH4	81.818	100.000	True	False	True	False	False	False
ERR346596	ERR346596.432669	J558.21pg.111,J558.25pg.115	JH3	89.796	66.667	False	True	False	True	False	False
ERR346596	ERR346596.432830	VH7183.7b	JH4	16.162	100.000	True	False	True	False	False	False
ERR346596	ERR346596.432873	J558.f	JH1	29.897	100.000	True	False	True	False	False	False
ERR346596	ERR346596.432832	V11,VHS107.a3.106	JH2	67.327	100.000	True	False	True	False	False	False
ERR346596	ERR346596.432947	VHX24.a1.84	JH3	17.526	100.000	True	False	True	False	False	False
ERR346596	ERR346596.432987	J558.21pg.111,J558.25pg.115	JH3	83.505	100.000	True	False	True	False	False	False
ERR346596	ERR346596.433017	J558.32	JH2	53.333	100.000	True	False	True	False	False	False
ERR346596	ERR346596.433148	J558.70pg.171,J558.n	JH4	91.753	82.353	False	True	False	True	False	False
ERR346596	ERR346596.433156	VHX24.a1.84	JH3	40.206	91.667	True	False	True	False	False	False
ERR346596	ERR346596.433180	VHS107.a3.106	JH2	55.446	100.000	True	False	True	False	False	False
ERR346596	ERR346596.433200	J558.29	JH4	38.144	100.000	True	False	True	False	False	False
ERR346596	ERR346596.433225	V11,VHS107.a3.106	JH2	45.000	100.000	True	False	True	False	False	False
ERR346596	ERR346596.433301	J558.72.173,VH124	JH2	57.292	100.000	True	False	True	False	False	False
ERR346596	ERR346596.433329	J558.5	JH4	77.320	88.235	True	False	True	False	False	False
ERR346596	ERR346596.433339	VH7183.7b	JH4	54.082	100.000	True	False	True	False	False	False
ERR346596	ERR346596.433417	J558.19	JH3	98.969	28.571	False	True	False	True	False	False
ERR346596	ERR346596.433390	VHSM7.a4.108	JH1	7.292	100.000	True	False	True	False	False	False
ERR346596	ERR346596.433393	J558.17	JH3	6.250	100.000	True	False	True	False	False	False
ERR346596	ERR346596.433481	J558.79.184,J558.h	JH4	7.216	100.000	True	False	True	False	False	False
ERR346596	ERR346596.433577	J558.50	JH3	81.250	100.000	True	False	True	False	False	False
ERR346596	ERR346596.433557	J558.5	JH4	94.898	81.250	False	True	False	True	False	False
ERR346596	ERR346596.433648	J558.40pg.130	JH3	60.000	100.000	True	False	True	False	False	False
ERR346596	ERR346596.433654	J558.54.148	JH3	5.155	91.667	True	False	True	False	False	False
ERR346596	ERR346596.433733	J558.8	JH3	84.694	100.000	True	False	True	False	False	False
ERR346596	ERR346596.433742	J558.2	JH3	42.708	100.000	True	False	True	False	False	False
ERR346596	ERR346596.433883	J558.l	JH4	80.000	100.000	True	False	True	False	False	False
ERR346596	ERR346596.433887	J558.29	JH3	51.042	100.000	True	False	True	False	False	False
ERR346596	ERR346596.433893	VHQ52.a27.79	JH1	71.875	100.000	True	False	True	False	False	False
ERR346596	ERR346596.433968	J558.17	JH2	66.667	100.000	True	False	True	False	False	False
ERR346596	ERR346596.433941	VHSM7.a3.93	JH3	36.082	100.000	True	False	True	False	False	False
ERR346596	ERR346596.434102	J558.50	JH3	84.536	100.000	True	False	True	False	False	False
ERR346596	ERR346596.434208	J558.5	JH4	93.814	81.250	False	True	False	True	False	False
ERR346596	ERR346596.434241	J558.54.148	JH3	94.898	83.333	False	True	False	True	False	False
ERR346596	ERR346596.434391	J558.50	JH3	83.673	100.000	True	False	True	False	False	False
ERR346596	ERR346596.434566	V11,VHS107.a3.106	JH1	84.524	85.714	True	False	True	False	False	False
ERR346596	ERR346596.434612	Q52.3.8,VHQ52.a3.8	JH4	78.125	93.750	True	False	True	False	False	False
ERR346596	ERR346596.434693	VH7183.a7.10	JH4	8.163	92.857	True	False	True	False	False	False
ERR346596	ERR346596.434722	J558.45	JH4	38.144	100.000	True	False	True	False	False	False
ERR346596	ERR346596.434775	VHSM7.a3.93	JH3	52.577	100.000	True	False	True	False	False	False
ERR346596	ERR346596.434836	J558.64.162,J558.74.176	JH3	8.247	100.000	True	False	True	False	False	False
ERR346596	ERR346596.434808	V11,VHS107.a3.106	JH1	97.000	42.857	False	True	False	True	False	False
ERR346596	ERR346596.434890	J558.33	JH4	92.784	81.250	False	True	False	True	False	False
ERR346596	ERR346596.434885	J558.21pg.111,J558.25pg.115	JH3	83.505	100.000	True	False	True	False	False	False
ERR346596	ERR346596.434932	VHQ52.a8.22	JH4	92.708	81.250	False	True	False	True	False	False
ERR346596	ERR346596.435080	J558.4	JH2	5.208	100.000	True	False	True	False	False	False
ERR346596	ERR346596.435180	Q52.3.8,VHQ52.a3.8	JH4	79.167	93.750	True	False	True	False	False	False
ERR346596	ERR346596.435231	J558.19	JH1	37.755	93.750	True	False	True	False	False	False
ERR346596	ERR346596.435187	J558.h	JH3	83.505	100.000	True	False	True	False	False	False
ERR346596	ERR346596.435302	J558.46	JH4	15.625	93.750	True	False	True	False	False	False
ERR346596	ERR346596.435269	J558.19	JH2	32.990	100.000	True	False	True	False	False	False
ERR346596	ERR346596.435396	VHQ52.a27.79,VOx-1	JH2	6.250	100.000	True	False	True	False	False	False
ERR346596	ERR346596.435391	J558.50	JH3	83.673	100.000	True	False	True	False	False	False
ERR346596	ERR346596.435491	J558.83.189	JH2	14.583	100.000	True	False	True	False	False	False
ERR346596	ERR346596.435523	J558.21pg.111,J558.25pg.115	JH3	83.505	100.000	True	False	True	False	False	False
ERR346596	ERR346596.435532	V11,VHS107.a3.106	JH1	6.000	100.000	True	False	True	False	False	False
ERR346596	ERR346596.435570	J558.50	JH3	84.694	100.000	True	False	True	False	False	False
ERR346596	ERR346596.435638	VHSM7.a4.108	JH2	63.542	100.000	True	False	True	False	False	False
ERR346596	ERR346596.435708	VHQ52.a27.79	JH1	81.250	100.000	True	False	True	False	False	False
ERR346596	ERR346596.435767	J558.33	JH3	24.211	92.308	True	False	True	False	False	False
ERR346596	ERR346596.435789	VHSM7.a3.93	JH1	75.556	94.118	True	False	True	False	False	False
ERR346596	ERR346596.435795	J558.1	JH1	79.381	100.000	True	False	True	False	False	False
ERR346596	ERR346596.435926	J558.52	JH2	66.327	100.000	True	False	True	False	False	False
ERR346596	ERR346596.435941	J558.89pg.195	JH3	60.204	100.000	True	False	True	False	False	False
ERR346596	ERR346596.435989	VHQ52.a27.79	JH1	81.250	100.000	True	False	True	False	False	False
ERR346596	ERR346596.435991	VHSM7.a3.93	JH3	8.247	100.000	True	False	True	False	False	False
ERR346596	ERR346596.435994	Q52.1pg.2,VHQ52.a1psi.2		62.500		True	False	True	False	False	False
ERR346596	ERR346596.435997	J558.41pg.131	JH1,JH3	83.333	100.000	True	False	True	False	False	False
ERR346596	ERR346596.436015	J558.35	JH2	98.969	46.667	False	True	False	True	False	False
ERR346596	ERR346596.436012	VHJ606.a6.127#	JH2	9.184	100.000	True	False	True	False	False	False
ERR346596	ERR346596.436050	J558.50	JH3	64.948	100.000	True	False	True	False	False	False
ERR346596	ERR346596.436089	VHQ52.a27.79,VOx-1	JH4	6.316	92.857	True	False	True	False	False	False
ERR346596	ERR346596.436004	J558.50	JH3	83.505	100.000	True	False	True	False	False	False
ERR346596	ERR346596.436107	J558.2	JH4	16.327	92.308	True	False	True	False	False	False
ERR346596	ERR346596.436085	VH124	JH4	55.670	100.000	True	False	True	False	False	False
ERR346596	ERR346596.436123	J558.33	JH3	30.208	100.000	True	False	True	False	False	False
ERR346596	ERR346596.436200	J558.55.149	JH2	9.278	100.000	True	False	True	False	False	False
ERR346596	ERR346596.436296	H13-3	JH4	19.588	100.000	True	False	True	False	False	False
ERR346596	ERR346596.436390	VHQ52.a2.4	JH2	77.083	100.000	True	False	True	False	False	False
ERR346596	ERR346596.436456	7183.6pg.9,7183.8pg.14,VH7183.a20psi.34	JH2	77.778	100.000	True	False	True	False	False	False
ERR346596	ERR346596.436467	J558.19	JH2	7.216	100.000	True	False	True	False	False	False
ERR346596	ERR346596.436524	J558.35	JH2	63.542	100.000	True	False	True	False	False	False
ERR346596	ERR346596.436516	J558.55.149	JH2	9.375	100.000	True	False	True	False	False	False
ERR346596	ERR346596.436565	J558.47	JH2	14.583	100.000	True	False	True	False	False	False
ERR346596	ERR346596.436613	J558.44	JH2	5.155	100.000	True	False	True	False	False	False
ERR346596	ERR346596.436591	J558.50	JH3	81.633	100.000	True	False	True	False	False	False
ERR346596	ERR346596.436655	VHSM7.a3.93	JH2	25.773	100.000	True	False	True	False	False	False
ERR346596	ERR346596.436660	VHSM7.a3.93	JH2	51.064	92.308	True	False	True	False	False	False
ERR346596	ERR346596.436700	VHQ52.a27.79,VOx-1	JH4	64.211	100.000	True	False	True	False	False	False
ERR346596	ERR346596.436964	J558.5	JH4	90.816	81.250	False	True	False	True	False	False
ERR346596	ERR346596.437095	VH7183.a4.6,VHD6.96	JH4	97.959	28.571	False	True	False	True	False	False
ERR346596	ERR346596.437224	VH7183.a36psi.58	JH4	81.818	100.000	True	False	True	False	False	False
ERR346596	ERR346596.437206	J558.1	JH4	84.536	100.000	True	False	True	False	False	False
ERR346596	ERR346596.437243	VHQ52.a27.79	JH2	92.708	84.615	False	True	False	True	False	False
ERR346596	ERR346596.437327	VHQ52.a27.79,VOx-1	JH4	8.421	100.000	True	False	True	False	False	False
ERR346596	ERR346596.437355	J558.40	JH2	11.340	100.000	True	False	True	False	False	False
ERR346596	ERR346596.437329	J558.64.162,J558.74.176	JH1	27.083	100.000	True	False	True	False	False	False
ERR346596	ERR346596.437367	VHSM7.a3.93	JH4	55.670	100.000	True	False	True	False	False	False
ERR346596	ERR346596.437381	J558.54.148	JH3	95.876	83.333	False	True	False	True	False	False
ERR346596	ERR346596.437446	VH36-60.a2.90	JH4	95.833	82.353	False	True	False	True	False	False
ERR346596	ERR346596.437506	VHQ52.a27.79	JH1	81.250	100.000	True	False	True	False	False	False
ERR346596	ERR346596.437722	J558.17	JH2	47.917	100.000	True	False	True	False	False	False
ERR346596	ERR346596.437713	J558.50	JH3	84.694	100.000	True	False	True	False	False	False
ERR346596	ERR346596.437724	J558.h	JH4	32.990	100.000	True	False	True	False	False	False
ERR346596	ERR346596.437778	J558.50	JH3	82.653	100.000	True	False	True	False	False	False
ERR346596	ERR346596.437845	J558.50	JH3	84.536	100.000	True	False	True	False	False	False
ERR346596	ERR346596.437875	J558.l	JH4	51.546	93.750	True	False	True	False	False	False
ERR346596	ERR346596.437915	J558.5	JH4	94.845	81.250	False	True	False	True	False	False
ERR346596	ERR346596.437982	V11,VHS107.a3.106	JH1	98.000	68.750	False	True	False	True	False	False
ERR346596	ERR346596.438068	VHS107.a3.106	JH1	48.515	100.000	True	False	True	False	False	False
ERR346596	ERR346596.438114	VHQ52.a27.79	JH1	82.292	100.000	True	False	True	False	False	False
ERR346596	ERR346596.438111	J558.h	JH4	83.505	92.857	True	False	True	False	False	False
ERR346596	ERR346596.438143	J558.k	JH4	5.102	100.000	True	False	True	False	False	False
ERR346596	ERR346596.438194	J558.17	JH4	6.250	100.000	True	False	True	False	False	False
ERR346596	ERR346596.438199	J558.17	JH2	42.105	84.615	True	True	True	True	False	False
ERR346596	ERR346596.438352	J558.17	JH3	51.579	100.000	True	False	True	False	False	False
ERR346596	ERR346596.438346	Q52.3.8,VHQ52.a3.8	JH4	78.125	93.750	True	False	True	False	False	False
ERR346596	ERR346596.438375	J558.23	JH4	84.783	100.000	True	False	True	False	False	False
ERR346596	ERR346596.438513	J558.37.127	JH4	91.753	66.667	False	True	False	True	False	False
ERR346596	ERR346596.438520	J558.54.148	JH2	6.186	100.000	True	False	True	False	False	False
ERR346596	ERR346596.438526	J558.5	JH4	90.816	81.250	False	True	False	True	False	False
ERR346596	ERR346596.438638	SM7.1.44,SM7.2.49,VHSM7.a3.93	JH2	80.000	100.000	True	False	True	False	False	False
ERR346596	ERR346596.438713	J558.83.189	JH2	19.792	100.000	True	False	True	False	False	False
ERR346596	ERR346596.438756	J558.35	JH2	66.316	100.000	True	False	True	False	False	False
ERR346596	ERR346596.438749	J558.50	JH3	79.592	100.000	True	False	True	False	False	False
ERR346596	ERR346596.438806	J558.47	JH2	9.278	93.333	True	False	True	False	False	False
ERR346596	ERR346596.438813	J558.39	JH3	11.458	100.000	True	False	True	False	False	False
ERR346596	ERR346596.438851	J558.5	JH4	93.814	81.250	False	True	False	True	False	False
ERR346596	ERR346596.438941	J558.50	JH3	84.536	100.000	True	False	True	False	False	False
ERR346596	ERR346596.439071	J558.45	JH4	92.708	82.353	False	True	False	True	False	False
ERR346596	ERR346596.439086	J558.50	JH3	83.505	92.857	True	False	True	False	False	False
ERR346596	ERR346596.439035	36-60.8.74,J558.45,J558.58.154		83.333		True	False	True	False	False	False
ERR346596	ERR346596.439151	VHSM7.a3.93	JH2	64.286	100.000	True	False	True	False	False	False
ERR346596	ERR346596.439308	J558.2	JH3	90.625	84.615	False	True	False	True	False	False
ERR346596	ERR346596.439397	J558.54.148	JH3	22.340	100.000	True	False	True	False	False	False
ERR346596	ERR346596.439474	VH7183.a37.59	JH4	4.211	93.333	True	False	True	False	False	False
ERR346596	ERR346596.439502	VH36-60.a2.90	JH4	54.639	100.000	True	False	True	False	False	False
ERR346596	ERR346596.439514	J558.45	JH4	8.333	100.000	True	False	True	False	False	False
ERR346596	ERR346596.439569	J558.h	JH4	84.694	92.857	True	False	True	False	False	False
ERR346596	ERR346596.439752	VHSM7.a3.93	JH1	50.000	100.000	True	False	True	False	False	False
ERR346596	ERR346596.439967	J558.39	JH3	15.464	100.000	True	False	True	False	False	False
ERR346596	ERR346596.439976	J558.h	JH4	83.505	86.667	True	False	True	False	False	False
ERR346596	ERR346596.439973	VHQ52.a27.79,VOx-1	JH4	81.250	100.000	True	False	True	False	False	False
ERR346596	ERR346596.439968	J558.5	JH4	94.845	81.250	False	True	False	True	False	False
ERR346596	ERR346596.439924	VHQ52.a27.79	JH2	77.320	100.000	True	False	True	False	False	False
ERR346596	ERR346596.440120	J558.50	JH3	84.536	100.000	True	False	True	False	False	False
ERR346596	ERR346596.440229	VH108A	JH4	43.750	100.000	True	False	True	False	False	False
ERR346596	ERR346596.440232	J558.h	JH4	82.653	92.857	True	False	True	False	False	False
ERR346596	ERR346596.440337	VHSM7.a3.93	JH2	83.505	100.000	True	False	True	False	False	False
ERR346596	ERR346596.440244	7183.19.36,VH7183.32b	JH2	75.000	100.000	True	False	True	False	False	False
ERR346596	ERR346596.440486	VHSM7.a3.93	JH2	24.742	84.615	True	True	True	True	False	False
ERR346596	ERR346596.440553	VHQ52.a27.79	JH1	54.167	100.000	True	False	True	False	False	False
ERR346596	ERR346596.440483	J558.h	JH4	83.333	93.750	True	False	True	False	False	False
ERR346596	ERR346596.440603	J558.26.116,J558.5,J558.8	JH1	26.042	100.000	True	False	True	False	False	False
ERR346596	ERR346596.440692	J558.50	JH3	84.694	100.000	True	False	True	False	False	False
ERR346596	ERR346596.440771	VH36-60.a1.85	JH4	48.454	100.000	True	False	True	False	False	False
ERR346596	ERR346596.440870	J558.50	JH3	84.694	100.000	True	False	True	False	False	False
ERR346596	ERR346596.440968	VHQ52.a27.79,VOx-1	JH4	34.375	100.000	True	False	True	False	False	False
ERR346596	ERR346596.440922	VHA1	JH2	98.969	80.000	False	True	False	True	False	False
ERR346596	ERR346596.441014	J558.33	JH3	7.216	100.000	True	False	True	False	False	False
ERR346596	ERR346596.441065	J558.l	JH1	33.333	100.000	True	False	True	False	False	False
ERR346596	ERR346596.441076	J558.50	JH3	81.633	100.000	True	False	True	False	False	False
ERR346596	ERR346596.441150	J558.h	JH4	84.536	93.750	True	False	True	False	False	False
ERR346596	ERR346596.441152	J558.h	JH4	83.673	100.000	True	False	True	False	False	False
ERR346596	ERR346596.441132	J558.29	JH4	4.167	100.000	True	False	True	False	False	False
ERR346596	ERR346596.441489	J558.50	JH3	84.694	100.000	True	False	True	False	False	False
ERR346596	ERR346596.441507	J558.k	JH4	31.250	100.000	True	False	True	False	False	False
ERR346596	ERR346596.441501	J558.1.85	JH2	60.000	100.000	True	False	True	False	False	False
ERR346596	ERR346596.441572	J558.54.148	JH2	54.167	100.000	True	False	True	False	False	False
ERR346596	ERR346596.441654	J558.46	JH2	5.208	100.000	True	False	True	False	False	False
ERR346596	ERR346596.441746	VHQ52.a27.79	JH1	13.542	100.000	True	False	True	False	False	False
ERR346596	ERR346596.441739	J558.2	JH3	67.010	71.429	True	True	True	True	False	False
ERR346596	ERR346596.441813	VH36-60.a8.117,VH36-60.a9.121#	JH2	95.876	80.000	False	True	False	True	False	False
ERR346596	ERR346596.441806	VHSM7.a1.83	JH2	35.417	100.000	True	False	True	False	False	False
ERR346596	ERR346596.441829	VHQ52.a27.79,VOx-1	JH4	78.125	100.000	True	False	True	False	False	False
ERR346596	ERR346596.441922	J558.13	JH3	74.468	100.000	True	False	True	False	False	False
ERR346596	ERR346596.441969	VHSM7.a3.93	JH2	83.505	100.000	True	False	True	False	False	False
ERR346596	ERR346596.442096	J558.l	JH1	17.895	100.000	True	False	True	False	False	False
ERR346596	ERR346596.442138	J558.17	JH2	92.708	84.615	False	True	False	True	False	False
ERR346596	ERR346596.442159	J558.32	JH2	83.333	92.857	True	False	True	False	False	False
ERR346596	ERR346596.442150	VHSM7.a3.93	JH3	62.887	100.000	True	False	True	False	False	False
ERR346596	ERR346596.442207	VHQ52.a27.79,VOx-1	JH4	81.250	100.000	True	False	True	False	False	False
ERR346596	ERR346596.442446	VHSM7.a3.93	JH3	58.763	100.000	True	False	True	False	False	False
ERR346596	ERR346596.442441	VHSM7.a3.93	JH2	6.250	100.000	True	False	True	False	False	False
ERR346596	ERR346596.442440	J558.50	JH3	82.653	100.000	True	False	True	False	False	False
ERR346596	ERR346596.442462	VHQ52.a27.79	JH1	98.958	46.667	False	True	False	True	False	False
ERR346596	ERR346596.442549	J558.20	JH3	10.638	73.333	True	True	True	True	False	False
ERR346596	ERR346596.442564	J558.14pg.104	JH1	71.429	100.000	True	False	True	False	False	False
ERR346596	ERR346596.442692	J558.44	JH3	37.500	100.000	True	False	True	False	False	False
ERR346596	ERR346596.442800	VH7183.a4.6,VHD6.96	JH4	6.186	92.857	True	False	True	False	False	False
ERR346596	ERR346596.442820	J558.45	JH4	91.753	82.353	False	True	False	True	False	False
ERR346596	ERR346596.442919	J558.17	JH3	63.441	100.000	True	False	True	False	False	False
ERR346596	ERR346596.443012	Q52.2.4,Q52.5.13,Q52.7.18	JH4	83.333	100.000	True	False	True	False	False	False
ERR346596	ERR346596.442994	3:3.9,7183.7.10,VH7183.7b	JH1	27.835	100.000	True	False	True	False	False	False
ERR346596	ERR346596.443162	ki4	JK4	66.667	100.000	True	False	True	False	False	False
ERR346596	ERR346596.443205	J558.5	JH4	92.857	75.000	False	True	False	True	False	False
ERR346596	ERR346596.443299	SM7.1.44,SM7.2.49,VHSM7.a3.93	JH2	80.000	100.000	True	False	True	False	False	False
ERR346596	ERR346596.443288	J558.70pg.171,J558.n	JH4	93.878	43.750	False	True	False	True	False	False
ERR346596	ERR346596.443456	J558.70pg.171,J558.n	JH4	82.105	100.000	True	False	True	False	False	False
ERR346596	ERR346596.443517	V102	JH2	84.783	93.333	True	False	True	False	False	False
ERR346596	ERR346596.443647	VHQ52.a2.4	JH2	55.208	100.000	True	False	True	False	False	False
ERR346596	ERR346596.443916	J558.83.189	JH2	47.917	100.000	True	False	True	False	False	False
ERR346596	ERR346596.443870	J558.5	JH4	94.898	81.250	False	True	False	True	False	False
ERR346596	ERR346596.443929	J558.h	JH2	83.505	100.000	True	False	True	False	False	False
ERR346596	ERR346596.443954	7183.2.3,VH7183.a2.3	JH3	10.309	100.000	True	False	True	False	False	False
ERR346596	ERR346596.444193	VHQ52.a27.79,VOx-1	JH2	95.876	16.667	False	True	False	True	False	False
ERR346596	ERR346596.444259	VHQ52.a27.79	JH1	81.250	100.000	True	False	True	False	False	False
ERR346596	ERR346596.444319	J558.5	JH4	98.980	82.353	False	True	False	True	False	False
ERR346596	ERR346596.444333	VH7183.a4.6,VHD6.96	JH4	15.464	92.857	True	False	True	False	False	False
ERR346596	ERR346596.444462	J558.14pg.104		71.429		True	False	True	False	False	False
ERR346596	ERR346596.444589	J558.35	JH2	74.737	100.000	True	False	True	False	False	False
ERR346596	ERR346596.444699	VH7183.7b	JH3	64.948	100.000	True	False	True	False	False	False
ERR346596	ERR346596.444612	J558.45	JH1	63.918	100.000	True	False	True	False	False	False
ERR346596	ERR346596.444800	J558.29,J558.30,J558.4.93	JH2	100.000	75.000	False	True	False	True	False	False
ERR346596	ERR346596.444819	J558.h	JH4	84.783	100.000	True	False	True	False	False	False
ERR346596	ERR346596.444980	J558.38pg.128	JH2	70.000	100.000	True	False	True	False	False	False
ERR346596	ERR346596.444960	J558.h	JH4	84.536	92.857	True	False	True	False	False	False
ERR346596	ERR346596.445021	J558.21pg.111,J558.25pg.115	JH3	84.536	100.000	True	False	True	False	False	False
ERR346596	ERR346596.445117	MAI1,MBK2,PWK2		66.667		True	False	True	False	False	False
ERR346596	ERR346596.445140	J558.15	JH3	46.875	100.000	True	False	True	False	False	False
ERR346596	ERR346596.445224	J558.18	JH3	51.042	100.000	True	False	True	False	False	False
ERR346596	ERR346596.445240	VHSM7.a3.93	JH2	81.443	100.000	True	False	True	False	False	False
ERR346596	ERR346596.445272	J558.17	JH2	98.958	80.000	False	True	False	True	False	False
ERR346596	ERR346596.445390	J558.5	JH4	93.814	81.250	False	True	False	True	False	False
ERR346596	ERR346596.445408	VHQ52.a27.79,VOx-1	JH4	32.632	100.000	True	False	True	False	False	False
ERR346596	ERR346596.445430	MAI1,MBK2,PWK2		66.667		True	False	True	False	False	False
ERR346596	ERR346596.445515	J558.17	JH2	34.375	100.000	True	False	True	False	False	False
ERR346596	ERR346596.445711	VHQ52.a23.68	JH2	69.231	100.000	True	False	True	False	False	False
ERR346596	ERR346596.445716	VHSM7.a3.93	JH2	83.333	100.000	True	False	True	False	False	False
ERR346596	ERR346596.445730	J558.64.162,J558.74.176	JH1	8.247	100.000	True	False	True	False	False	False
ERR346596	ERR346596.445875	J558.83.189	JH2	6.122	100.000	True	False	True	False	False	False
ERR346596	ERR346596.445887	Q52.3.8,VHQ52.a3.8	JH4	28.125	93.333	True	False	True	False	False	False
ERR346596	ERR346596.446192	J558.3.90,J558.50		80.000		True	False	True	False	False	False
ERR346596	ERR346596.446217	J558.50	JH3	84.536	100.000	True	False	True	False	False	False
ERR346596	ERR346596.446316	J558.h	JH2	83.505	100.000	True	False	True	False	False	False
ERR346596	ERR346596.446357	VHQ52.a27.79,VOx-1	JH4	81.250	100.000	True	False	True	False	False	False
ERR346596	ERR346596.446397	VHSM7.a3.93	JH2	10.417	100.000	True	False	True	False	False	False
ERR346596	ERR346596.446429	Vh10.2a	JH4	92.929	82.353	False	True	False	True	False	False
ERR346596	ERR346596.446365	J606.4.82	JH3	77.000	100.000	True	False	True	False	False	False
ERR346596	ERR346596.446425	V102	JH2	84.375	100.000	True	False	True	False	False	False
ERR346596	ERR346596.446663	J558.h	JH4	84.536	100.000	True	False	True	False	False	False
ERR346596	ERR346596.446774	J558.19	JH2	31.959	100.000	True	False	True	False	False	False
ERR346596	ERR346596.446829	VHQ52.a22.67	JH2	93.750	53.846	False	True	False	True	False	False
ERR346596	ERR346596.446879	J558.64.162,J558.74.176	JH3	40.206	100.000	True	False	True	False	False	False
ERR346596	ERR346596.446911	J558.50	JH3	83.505	100.000	True	False	True	False	False	False
ERR346596	ERR346596.446909	J558.50	JH3	83.505	100.000	True	False	True	False	False	False
ERR346596	ERR346596.446988	J558.19	JH3	34.021	92.308	True	False	True	False	False	False
ERR346596	ERR346596.446970	J558.h	JH4	84.694	100.000	True	False	True	False	False	False
ERR346596	ERR346596.447100	J606.4.82	JH3	10.000	100.000	True	False	True	False	False	False
ERR346596	ERR346596.447222	bb1,bb1.1,cr1	JK3	60.000	100.000	True	False	True	False	False	False
ERR346596	ERR346596.447375	J558.48,J558.k	JH2,JH3	70.000	100.000	True	False	True	False	False	False
ERR346596	ERR346596.447384	J558.h	JH2	84.536	100.000	True	False	True	False	False	False
ERR346596	ERR346596.447533	J558.l	JH4	56.250	93.333	True	False	True	False	False	False
ERR346596	ERR346596.447635	VHQ52.a27.79	JH1	80.208	100.000	True	False	True	False	False	False
ERR346596	ERR346596.447687	VHSM7.a3.93	JH3	6.186	100.000	True	False	True	False	False	False
ERR346596	ERR346596.447745	V11,VHS107.a3.106	JH1	33.000	100.000	True	False	True	False	False	False
ERR346596	ERR346596.447702	J558.14pg.104		71.429		True	False	True	False	False	False
ERR346596	ERR346596.447802	J558.70pg.171,J558.n	JH4	89.691	82.353	False	True	False	True	False	False
ERR346596	ERR346596.447862	J558.48,J558.k	JH2,JH3	70.000	100.000	True	False	True	False	False	False
ERR346596	ERR346596.447898	J558.12.102	JH4	47.423	100.000	True	False	True	False	False	False
ERR346596	ERR346596.448167	J558.50	JH3	83.673	100.000	True	False	True	False	False	False
ERR346596	ERR346596.448179	VHQ52.a27.79,VOx-1	JH4	52.632	100.000	True	False	True	False	False	False
ERR346596	ERR346596.448247	7183.15pg.26		77.778		True	False	True	False	False	False
ERR346596	ERR346596.448265	J606.4.82	JH2	84.848	100.000	True	False	True	False	False	False
ERR346596	ERR346596.448270	J558.h	JH4	84.536	92.857	True	False	True	False	False	False
ERR346596	ERR346596.448303	J558.13	JH3	3.125	100.000	True	False	True	False	False	False
ERR346596	ERR346596.448311	VHA1	JH2	44.792	86.667	True	False	True	False	False	False
ERR346596	ERR346596.448338	J558.h	JH4	82.474	92.857	True	False	True	False	False	False
ERR346596	ERR346596.448345	J558.50	JH3	83.505	100.000	True	False	True	False	False	False
ERR346596	ERR346596.448468	J558.15	JH4	96.939	81.250	False	True	False	True	False	False
ERR346596	ERR346596.448477	J558.54.148	JH2	95.918	35.714	False	True	False	True	False	False
ERR346596	ERR346596.448610	J558.54.148	JH2	51.020	93.333	True	False	True	False	False	False
ERR346596	ERR346596.448700	J558.18.108,J558.36.126	JH1	80.000	100.000	True	False	True	False	False	False
ERR346596	ERR346596.448643	J558.47	JH2	10.417	100.000	True	False	True	False	False	False
ERR346596	ERR346596.448745	3:3.9,7183.7.10,VH7183.7b	JH1	96.907	46.667	False	True	False	True	False	False
ERR346596	ERR346596.448799	J558.35	JH4	18.750	100.000	True	False	True	False	False	False
ERR346596	ERR346596.448800	J558.20	JH1	74.227	93.333	True	False	True	False	False	False
ERR346596	ERR346596.448777	J558.50	JH3	84.536	100.000	True	False	True	False	False	False
ERR346596	ERR346596.448867	VHQ52.a8.22	JH2	62.500	100.000	True	False	True	False	False	False
ERR346596	ERR346596.448847	J558.47	JH1	94.898	82.353	False	True	False	True	False	False
ERR346596	ERR346596.448916	J558.21pg.111,J558.25pg.115	JH3	83.505	100.000	True	False	True	False	False	False
ERR346596	ERR346596.449036	J558.54.148	JH2	64.894	100.000	True	False	True	False	False	False
ERR346596	ERR346596.449117	J558.47	JH3	77.778	100.000	True	False	True	False	False	False
ERR346596	ERR346596.449092	VHQ52.a22.67	JH1	57.732	100.000	True	False	True	False	False	False
ERR346596	ERR346596.449393	VHQ52.a27.79	JH1	79.167	100.000	True	False	True	False	False	False
ERR346596	ERR346596.449489	VHSM7.a1.83	JH2	30.612	100.000	True	False	True	False	False	False
ERR346596	ERR346596.449437	VHX24.a1.84	JH3	47.917	93.333	True	False	True	False	False	False
ERR346596	ERR346596.449620	J558.8	JH3	41.667	100.000	True	False	True	False	False	False
ERR346596	ERR346596.449609	J558.17	JH3	41.053	100.000	True	False	True	False	False	False
ERR346596	ERR346596.449618	J558.41pg.131	JH2	83.333	100.000	True	False	True	False	False	False
ERR346596	ERR346596.449727	J558.50	JH3	83.505	100.000	True	False	True	False	False	False
ERR346596	ERR346596.449789	VH36-60.a1.85	JH4	49.485	100.000	True	False	True	False	False	False
ERR346596	ERR346596.449848	J558.50	JH3	82.653	100.000	True	False	True	False	False	False
ERR346596	ERR346596.449866	VHQ52.a27.79	JH1	80.208	100.000	True	False	True	False	False	False
ERR346596	ERR346596.449906	V11,VHS107.a3.106	JH1	5.000	100.000	True	False	True	False	False	False
ERR346596	ERR346596.449784	Q52.3.8,VHQ52.a3.8	JH4	7.368	93.333	True	False	True	False	False	False
ERR346596	ERR346596.450012	VHSM7.a4.108	JH3	52.632	100.000	True	False	True	False	False	False
ERR346596	ERR346596.450088	J558.44	JH2	78.351	100.000	True	False	True	False	False	False
ERR346596	ERR346596.450089	J558.46	JH4	40.625	87.500	True	False	True	False	False	False
ERR346596	ERR346596.450047	J558.45	JH3	15.306	100.000	True	False	True	False	False	False
ERR346596	ERR346596.450097	J558.5	JH4	13.402	81.250	True	True	True	True	False	False
ERR346596	ERR346596.450143	J558.8	JH3	6.186	100.000	True	False	True	False	False	False
ERR346596	ERR346596.450267	V11,VHS107.a3.106	JH1	47.525	100.000	True	False	True	False	False	False
ERR346596	ERR346596.450272	J558.h	JH4	82.653	92.857	True	False	True	False	False	False
ERR346596	ERR346596.450428	VHSM7.a3.93	JH2	82.474	100.000	True	False	True	False	False	False
ERR346596	ERR346596.450412	J558.21pg.111,J558.25pg.115	JH3	82.292	100.000	True	False	True	False	False	False
ERR346596	ERR346596.450572	J558.22	JH3	51.042	100.000	True	False	True	False	False	False
ERR346596	ERR346596.450642	J558.h	JH2	54.082	86.667	True	False	True	False	False	False
ERR346596	ERR346596.450666	J558.32	JH2	84.694	92.857	True	False	True	False	False	False
ERR346596	ERR346596.450710	VH7183.7b	JH4	60.204	100.000	True	False	True	False	False	False
ERR346596	ERR346596.450805	J558.45	JH3	84.536	100.000	True	False	True	False	False	False
ERR346596	ERR346596.450873	J558.5	JH4	93.878	81.250	False	True	False	True	False	False
ERR346596	ERR346596.450973	J558.h	JH4	83.505	100.000	True	False	True	False	False	False
ERR346596	ERR346596.450926	VHQ52.a27.79	JH1	96.875	40.000	False	True	False	True	False	False
ERR346596	ERR346596.451012	VHX24.a1.84	JH3	96.939	80.000	False	True	False	True	False	False
ERR346596	ERR346596.451020	VHSM7.a3.93	JH3	5.208	100.000	True	False	True	False	False	False
ERR346596	ERR346596.451156	VHSM7.a3.93	JH2	55.670	100.000	True	False	True	False	False	False
ERR346596	ERR346596.451160	J558.29	JH4	6.250	100.000	True	False	True	False	False	False
ERR346596	ERR346596.451171	J558.50	JH3	82.653	100.000	True	False	True	False	False	False
ERR346596	ERR346596.451221	J558.4	JH4	73.958	100.000	True	False	True	False	False	False
ERR346596	ERR346596.451136	VH7183.a37.59	JH4	5.208	93.333	True	False	True	False	False	False
ERR346596	ERR346596.451326	J558.18A,J558.54,J558.83.189	JH1	50.000	100.000	True	False	True	False	False	False
ERR346596	ERR346596.451350	J558.8	JH3	84.694	100.000	True	False	True	False	False	False
ERR346596	ERR346596.451450	VHSM7.a3.93	JH4	58.763	100.000	True	False	True	False	False	False
ERR346596	ERR346596.451466	Q52.1pg.2,VHQ52.a1psi.2		62.500		True	False	True	False	False	False
ERR346596	ERR346596.451499	J558.47	JH2	7.292	100.000	True	False	True	False	False	False
ERR346596	ERR346596.451555	J558.h	JH4	84.694	92.857	True	False	True	False	False	False
ERR346596	ERR346596.451591	VHSM7.a3.93	JH2	7.292	100.000	True	False	True	False	False	False
ERR346596	ERR346596.451606	J558.48,J558.k	JH2,JH3	70.000	100.000	True	False	True	False	False	False
ERR346596	ERR346596.451504	J558.h	JH4	84.694	92.857	True	False	True	False	False	False
ERR346596	ERR346596.451663	J558.k	JH4	5.155	100.000	True	False	True	False	False	False
ERR346596	ERR346596.451667	S107.4.65	JH4	50.000	100.000	True	False	True	False	False	False
ERR346596	ERR346596.451648	J558.46	JH2	14.583	100.000	True	False	True	False	False	False
ERR346596	ERR346596.451724	VHQ52.a24.72	JH3	42.268	100.000	True	False	True	False	False	False
ERR346596	ERR346596.451748	VHSM7.a3.93	JH2	22.680	100.000	True	False	True	False	False	False
ERR346596	ERR346596.452074	VHSM7.a3.93	JH3	15.464	100.000	True	False	True	False	False	False
ERR346596	ERR346596.452092	VHSM7.a3.93	JH2	5.155	100.000	True	False	True	False	False	False
ERR346596	ERR346596.452118	J558.15	JH3	38.542	100.000	True	False	True	False	False	False
ERR346596	ERR346596.452401	J558.24,J558.80.186		66.667		True	False	True	False	False	False
ERR346596	ERR346596.452417	VH61-1P,VH7183.a47.76	JH4	98.980	40.000	False	True	False	True	False	False
ERR346596	ERR346596.452361	J558.17	JH2	5.263	92.308	True	False	True	False	False	False
ERR346596	ERR346596.452514	J558.47	JH4	8.247	100.000	True	False	True	False	False	False
ERR346596	ERR346596.452535	J558.h	JH4	83.505	93.750	True	False	True	False	False	False
ERR346596	ERR346596.452493	VHQ52.a27.79,VOx-1	JH4	7.368	100.000	True	False	True	False	False	False
ERR346596	ERR346596.452641	J606.4.82	JH2	56.000	100.000	True	False	True	False	False	False
ERR346596	ERR346596.452645	J558.33	JH2	60.000	100.000	True	False	True	False	False	False
ERR346596	ERR346596.452669	J558.1	JH1	80.412	100.000	True	False	True	False	False	False
ERR346596	ERR346596.452702	J558.33	JH2	97.938	38.462	False	True	False	True	False	False
ERR346596	ERR346596.452725	VHSM7.a3.93	JH2	82.474	100.000	True	False	True	False	False	False
ERR346596	ERR346596.452729	VHSM7.a3.93	JH4	8.333	100.000	True	False	True	False	False	False
ERR346596	ERR346596.452860	VHS107.a3.106	JH4	36.634	100.000	True	False	True	False	False	False
ERR346596	ERR346596.452906	VHQ52.a27.79	JH1	72.917	100.000	True	False	True	False	False	False
ERR346596	ERR346596.452883	J558.45	JH2	84.536	92.857	True	False	True	False	False	False
ERR346596	ERR346596.452941	VHQ52.a27.79	JH1	81.250	100.000	True	False	True	False	False	False
ERR346596	ERR346596.452946	J558.14pg.104	JH4	71.429	100.000	True	False	True	False	False	False
ERR346596	ERR346596.453130	J558.50	JH3	80.412	100.000	True	False	True	False	False	False
ERR346596	ERR346596.453157	J558.20	JH3	96.907	42.857	False	True	False	True	False	False
ERR346596	ERR346596.453227	J558.25pg.115	JH3	84.536	100.000	True	False	True	False	False	False
ERR346596	ERR346596.453208	Q52.3.8,VHQ52.a3.8	JH2	80.208	100.000	True	False	True	False	False	False
ERR346596	ERR346596.453343	VHSM7.a3.93	JH3	53.191	92.308	True	False	True	False	False	False
ERR346596	ERR346596.453359	J558.64.162,J558.74.176	JH3	49.485	100.000	True	False	True	False	False	False
ERR346596	ERR346596.453500	Q52.1pg.2,VHQ52.a1psi.2		62.500		True	False	True	False	False	False
ERR346596	ERR346596.453522	J558.17,J558.6.96	JH3	57.143	100.000	True	False	True	False	False	False
ERR346596	ERR346596.453550	VHS107.a3.106	JH1	6.931	40.000	True	True	True	True	False	False
ERR346596	ERR346596.453580	J558.47	JH3	11.340	100.000	True	False	True	False	False	False
ERR346596	ERR346596.453639	J606.4.82	JH2	76.768	100.000	True	False	True	False	False	False
ERR346596	ERR346596.453669	VHSM7.a3.93	JH2	49.485	100.000	True	False	True	False	False	False
ERR346596	ERR346596.453668	J558.41pg.131	JH2,JH3	83.333	100.000	True	False	True	False	False	False
ERR346596	ERR346596.453877	J558.17	JH2	6.250	84.615	True	True	True	True	False	False
ERR346596	ERR346596.454004	J558.50	JH3	82.653	100.000	True	False	True	False	False	False
ERR346596	ERR346596.454044	VH36-60.a1.85	JH1	88.776	84.615	False	True	False	True	False	False
ERR346596	ERR346596.454009	J558.5	JH4	97.938	82.353	False	True	False	True	False	False
ERR346596	ERR346596.454006	J558.45	JH4	11.458	93.750	True	False	True	False	False	False
ERR346596	ERR346596.454184	VHQ52.a19.61	JH4	97.895	56.250	False	True	False	True	False	False
ERR346596	ERR346596.454702	VHQ52.a19.61	JH2	82.105	100.000	True	False	True	False	False	False
ERR346596	ERR346596.454669	VHQ52.a27.79,VOx-1	JH4	30.526	100.000	True	False	True	False	False	False
ERR346596	ERR346596.454815	VH36-60.a6.114	JH4	42.391	100.000	True	False	True	False	False	False
ERR346596	ERR346596.454776	J558.46	JH4	52.083	87.500	True	False	True	False	False	False
ERR346596	ERR346596.454881	J558.35	JH2	31.250	100.000	True	False	True	False	False	False
ERR346596	ERR346596.454770	VH124	JH4	41.667	100.000	True	False	True	False	False	False
ERR346596	ERR346596.454805	VHSM7.a3.93	JH3	30.928	100.000	True	False	True	False	False	False
ERR346596	ERR346596.454826	VH7183.a4.6,VHD6.96	JH4	15.464	100.000	True	False	True	False	False	False
ERR346596	ERR346596.455060	VHSM7.a3.93	JH2	8.247	100.000	True	False	True	False	False	False
ERR346596	ERR346596.455169	J558.h	JH4	83.673	100.000	True	False	True	False	False	False
ERR346596	ERR346596.455164	J558.h	JH4	83.505	100.000	True	False	True	False	False	False
ERR346596	ERR346596.455206	J558.17	JH2	35.789	100.000	True	False	True	False	False	False
ERR346596	ERR346596.455243	J558.17	JH3	37.895	100.000	True	False	True	False	False	False
ERR346596	ERR346596.455244	VHSM7.a3.93	JH2	84.375	100.000	True	False	True	False	False	False
ERR346596	ERR346596.455217	J606.1.79,J606.4.82,VH22.1	JH1	77.778	100.000	True	False	True	False	False	False
ERR346596	ERR346596.455386	3:3.9,7183.7.10,VH7183.a7.10	JH1	6.186	100.000	True	False	True	False	False	False
ERR346596	ERR346596.455415	VH36-60.a2.90	JH3	27.835	100.000	True	False	True	False	False	False
ERR346596	ERR346596.455447	Q52.3.8,VHQ52.a3.8		50.000		True	False	True	False	False	False
ERR346596	ERR346596.455466	J558.64.162,J558.74.176	JH1	51.546	100.000	True	False	True	False	False	False
ERR346596	ERR346596.455532	Q52.3.8,VHQ52.a3.8	JH3	81.053	100.000	True	False	True	False	False	False
ERR346596	ERR346596.455565	J558.h	JH4	84.536	93.750	True	False	True	False	False	False
ERR346596	ERR346596.455618	VHQ52.a27.79,VOx-1	JH4	78.947	92.857	True	False	True	False	False	False
ERR346596	ERR346596.455626	J558.h	JH4	82.979	93.750	True	False	True	False	False	False
ERR346596	ERR346596.455710	VHQ52.a24.72	JH3	36.082	93.333	True	False	True	False	False	False
ERR346596	ERR346596.455639	VHX24.a1.84	JH3	17.526	100.000	True	False	True	False	False	False
ERR346596	ERR346596.455841	VHQ52.a27.79	JH1	81.250	100.000	True	False	True	False	False	False
ERR346596	ERR346596.455773	J558.2	JH4	55.670	100.000	True	False	True	False	False	False
ERR346596	ERR346596.455816	3:3.9,7183.7.10,VH7183.a7.10	JH2	98.969	80.000	False	True	False	True	False	False
ERR346596	ERR346596.456024	J558.61.157,V3	JH2	55.102	100.000	True	False	True	False	False	False
ERR346596	ERR346596.456055	J558.24,J558.80.186		66.667		True	False	True	False	False	False
ERR346596	ERR346596.456046	VH61-1P,VH7183.a47.76	JH4	23.711	100.000	True	False	True	False	False	False
ERR346596	ERR346596.456082	J558.54.148	JH2	5.208	93.333	True	False	True	False	False	False
ERR346596	ERR346596.456072	VH36-60.a2.90	JH4	95.876	82.353	False	True	False	True	False	False
ERR346596	ERR346596.456176	J558.h	JH4	83.158	92.857	True	False	True	False	False	False
ERR346596	ERR346596.456460	S107.2pg.43	JH4	75.000	100.000	True	False	True	False	False	False
ERR346596	ERR346596.456515	VHSM7.a3.93	JH2	82.474	100.000	True	False	True	False	False	False
ERR346596	ERR346596.456587	J558.50	JH3	81.633	85.714	True	False	True	False	False	False
ERR346596	ERR346596.456582	3:3.9,7183.7.10,VH7183.a7.10	JH2	75.000	93.333	True	False	True	False	False	False
ERR346596	ERR346596.456619	J558.54.148	JH2	52.083	93.333	True	False	True	False	False	False
ERR346596	ERR346596.456654	VHQ52.a27.79,VOx-1	JH4	22.105	100.000	True	False	True	False	False	False
ERR346596	ERR346596.456701	VHSM7.a3.93	JH4	95.918	80.000	False	True	False	True	False	False
ERR346596	ERR346596.456796	J558.5	JH4	94.898	81.250	False	True	False	True	False	False
ERR346596	ERR346596.456935	J558.50	JH3	84.694	100.000	True	False	True	False	False	False
ERR346596	ERR346596.457002	VHQ52.a27.79,VOx-1	JH4	78.947	100.000	True	False	True	False	False	False
ERR346596	ERR346596.457049	VHSM7.a3.93	JH4	19.792	100.000	True	False	True	False	False	False
ERR346596	ERR346596.457006	VHQ52.a27.79,VOx-1	JH4	78.947	100.000	True	False	True	False	False	False
ERR346596	ERR346596.457084	J558.47	JH2	25.773	100.000	True	False	True	False	False	False
ERR346596	ERR346596.457114	VH7183.a4.6,VHD6.96	JH4	75.510	100.000	True	False	True	False	False	False
ERR346596	ERR346596.457032	VHS107.a3.106	JH1	41.584	100.000	True	False	True	False	False	False
ERR346596	ERR346596.457185	V1,VHS107.a1.81	JH2	7.071	100.000	True	False	True	False	False	False
ERR346596	ERR346596.457182	J558.h	JH4	82.474	92.857	True	False	True	False	False	False
ERR346596	ERR346596.457218	J558.h	JH4	84.536	93.333	True	False	True	False	False	False
ERR346596	ERR346596.457242	VHQ52.a27.79	JH1	8.333	100.000	True	False	True	False	False	False
ERR346596	ERR346596.457480	J558.20	JH2	16.495	93.333	True	False	True	False	False	False
ERR346596	ERR346596.457541	J558.5	JH4	92.857	81.250	False	True	False	True	False	False
ERR346596	ERR346596.457641	VHS107.a3.106	JH1	47.000	100.000	True	False	True	False	False	False
ERR346596	ERR346596.457667	V11,VHS107.a3.106	JH1	48.000	100.000	True	False	True	False	False	False
ERR346596	ERR346596.457774	J558.50	JH3	84.536	100.000	True	False	True	False	False	False
ERR346596	ERR346596.457802	J558.h	JH4	18.557	100.000	True	False	True	False	False	False
ERR346596	ERR346596.457868	J558.h	JH4	80.412	93.750	True	False	True	False	False	False
ERR346596	ERR346596.457939	VHSM7.a3.93	JH3	96.875	84.615	False	True	False	True	False	False
ERR346596	ERR346596.458036	VHQ52.a27.79	JH2	81.250	100.000	True	False	True	False	False	False
ERR346596	ERR346596.458138	VHQ52.a27.79,VOx-1	JH4	82.105	100.000	True	False	True	False	False	False
ERR346596	ERR346596.458211	J558.54.148	JH2	95.876	42.857	False	True	False	True	False	False
ERR346596	ERR346596.458275	VHSM7.a3.93	JH3	44.211	100.000	True	False	True	False	False	False
ERR346596	ERR346596.458231	J558.70pg.171,J558.n	JH4	32.292	100.000	True	False	True	False	False	False
ERR346596	ERR346596.458404	J558.2	JH4	36.735	92.308	True	False	True	False	False	False
ERR346596	ERR346596.458485	J558.21pg.111,J558.25pg.115	JH3	84.694	100.000	True	False	True	False	False	False
ERR346596	ERR346596.458493	J558.33		78.125		True	False	True	False	False	False
ERR346596	ERR346596.458540	SM7.3.54	JH1,JH2,JH3	80.000	100.000	True	False	True	False	False	False
ERR346596	ERR346596.458771	V11,VHS107.a3.106	JH1	77.000	100.000	True	False	True	False	False	False
ERR346596	ERR346596.458815	J558.50	JH3	84.536	100.000	True	False	True	False	False	False
ERR346596	ERR346596.458811	SM7.1.44,SM7.2.49,VHSM7.a3.93	JH1,JH2	77.778	100.000	True	False	True	False	False	False
ERR346596	ERR346596.458842	J558.55.149	JH2	17.526	100.000	True	False	True	False	False	False
ERR346596	ERR346596.458850	VH36-60.a6.114	JH4	46.739	100.000	True	False	True	False	False	False
ERR346596	ERR346596.458873	J558.h	JH4	83.505	92.857	True	False	True	False	False	False
ERR346596	ERR346596.458902	VH36-60.a1.85	JH2	97.959	25.000	False	True	False	True	False	False
ERR346596	ERR346596.459043	VH7183.7b	JH4	45.918	100.000	True	False	True	False	False	False
ERR346596	ERR346596.459042	J558.21pg.111,J558.25pg.115	JH3	81.443	100.000	True	False	True	False	False	False
ERR346596	ERR346596.459172	VHQ52.a13.37	JH2	17.526	100.000	True	False	True	False	False	False
ERR346596	ERR346596.459196	J558.50	JH3	83.505	100.000	True	False	True	False	False	False
ERR346596	ERR346596.459271	J558.f	JH2	42.268	100.000	True	False	True	False	False	False
ERR346596	ERR346596.459318	J558.h	JH4	84.375	93.333	True	False	True	False	False	False
ERR346596	ERR346596.459317	ki4		66.667		True	False	True	False	False	False
ERR346596	ERR346596.459371	J558.h	JH4	82.474	92.857	True	False	True	False	False	False
ERR346596	ERR346596.459409	J558.37	JH3	57.292	100.000	True	False	True	False	False	False
ERR346596	ERR346596.459389	VH7183.a19.31	JH3	27.551	92.857	True	False	True	False	False	False
ERR346596	ERR346596.459501	J558.45	JH4	6.186	100.000	True	False	True	False	False	False
ERR346596	ERR346596.459513	VH7183.a4.6,VHD6.96	JH4	6.122	100.000	True	False	True	False	False	False
ERR346596	ERR346596.459498	VHSM7.a4.108	JH2	78.351	100.000	True	False	True	False	False	False
ERR346596	ERR346596.459620	J558.50	JH3	84.536	100.000	True	False	True	False	False	False
ERR346596	ERR346596.459739	VH61-1P,VH7183.a47.76	JH4	78.351	100.000	True	False	True	False	False	False
ERR346596	ERR346596.459782	VHA1	JH2	98.969	21.429	False	True	False	True	False	False
ERR346596	ERR346596.459715	J558.h	JH4	83.505	93.750	True	False	True	False	False	False
ERR346596	ERR346596.459845	J558.h	JH4	84.694	92.857	True	False	True	False	False	False
ERR346596	ERR346596.459919	J558.23	JH4	5.208	100.000	True	False	True	False	False	False
ERR346596	ERR346596.459893	J558.44	JH4	39.583	93.333	True	False	True	False	False	False
ERR346596	ERR346596.459998	J558.h	JH4	84.536	100.000	True	False	True	False	False	False
ERR346596	ERR346596.459999	VH7183.a37.59	JH4	77.320	100.000	True	False	True	False	False	False
ERR346596	ERR346596.460090	J558.15	JH4	100.000	81.250	False	True	False	True	False	False
ERR346596	ERR346596.460112	J558.70pg.171,J558.n	JH4	21.429	100.000	True	False	True	False	False	False
ERR346596	ERR346596.460069	J558.45	JH4	38.542	100.000	True	False	True	False	False	False
ERR346596	ERR346596.460195	J558.45	JH4	36.082	100.000	True	False	True	False	False	False
ERR346596	ERR346596.460185	VHSM7.a3.93	JH2	96.907	30.769	False	True	False	True	False	False
ERR346596	ERR346596.460294	VHSM7.a3.93	JH2	59.375	100.000	True	False	True	False	False	False
ERR346596	ERR346596.460343	J558.70pg.171,J558.n	JH4	31.633	100.000	True	False	True	False	False	False
ERR346596	ERR346596.460432	J558.50	JH3	84.536	100.000	True	False	True	False	False	False
ERR346596	ERR346596.460485	J558.14pg.104		71.429		True	False	True	False	False	False
ERR346596	ERR346596.460686	VHQ52.a13.37	JH3	44.792	100.000	True	False	True	False	False	False
ERR346596	ERR346596.460726	VH36-60.a1.85	JH4	40.816	93.750	True	False	True	False	False	False
ERR346596	ERR346596.460812	VH7183.a4.6,VHD6.96	JH4	27.835	92.857	True	False	True	False	False	False
ERR346596	ERR346596.460904	VHQ52.a27.79,VOx-1	JH4	58.947	100.000	True	False	True	False	False	False
ERR346596	ERR346596.460944	VHSM7.a3.93	JH3	56.250	100.000	True	False	True	False	False	False
ERR346596	ERR346596.460962	J606.4.82	JH2	8.511	100.000	True	False	True	False	False	False
ERR346596	ERR346596.461055	J558.8	JH3	84.694	100.000	True	False	True	False	False	False
ERR346596	ERR346596.461196	VHSM7.a3.93	JH2	83.505	100.000	True	False	True	False	False	False
ERR346596	ERR346596.461355	VHQ52.a27.79,VOx-1	JH4	53.125	100.000	True	False	True	False	False	False
ERR346596	ERR346596.461421	J558.29	JH4	46.875	100.000	True	False	True	False	False	False
ERR346596	ERR346596.461433	VH36-60.a2.90	JH4	64.948	93.750	True	False	True	False	False	False
ERR346596	ERR346596.461418	VHSM7.a3.93	JH3	5.208	100.000	True	False	True	False	False	False
ERR346596	ERR346596.461439	J558.21pg.111,J558.25pg.115	JH3	38.542	100.000	True	False	True	False	False	False
ERR346596	ERR346596.461444	SM7.1.44,SM7.2.49,VHSM7.a3.93	JH2	77.778	100.000	True	False	True	False	False	False
ERR346596	ERR346596.461525	VHQ52.a27.79,VOx-1	JH4	81.053	100.000	True	False	True	False	False	False
ERR346596	ERR346596.461527	J558.8	JH3	64.948	100.000	True	False	True	False	False	False
ERR346596	ERR346596.461620	J558.79.184,J558.h	JH4	84.536	100.000	True	False	True	False	False	False
ERR346596	ERR346596.461692	VHS107.a3.106	JH1	64.000	100.000	True	False	True	False	False	False
ERR346596	ERR346596.461733	J558.8	JH2	91.837	42.857	False	True	False	True	False	False
ERR346596	ERR346596.461844	Q52.1pg.2,VHQ52.a1psi.2		62.500		True	False	True	False	False	False
ERR346596	ERR346596.461808	VHQ52.a23.68	JH2	69.231	100.000	True	False	True	False	False	False
ERR346596	ERR346596.461840	J558.79.184,J558.h	JH4	84.536	100.000	True	False	True	False	False	False
ERR346596	ERR346596.461915	J558.k	JH4	37.500	100.000	True	False	True	False	False	False
ERR346596	ERR346596.461976	VH36-60.a2.90	JH4	41.237	93.750	True	False	True	False	False	False
ERR346596	ERR346596.462345	VHS107.a3.106	JH2	43.564	100.000	True	False	True	False	False	False
ERR346596	ERR346596.462333	J558.18	JH4	57.292	100.000	True	False	True	False	False	False
ERR346596	ERR346596.462464	J558.33	JH3	43.750	100.000	True	False	True	False	False	False
ERR346596	ERR346596.462583	VHSM7.a3.93	JH3	6.250	100.000	True	False	True	False	False	False
ERR346596	ERR346596.462641	J558.32	JH4	15.625	100.000	True	False	True	False	False	False
ERR346596	ERR346596.462693	VHQ52.a27.79	JH2	81.250	100.000	True	False	True	False	False	False
ERR346596	ERR346596.462723	J558.37,J558.38,J558.39		80.000		True	False	True	False	False	False
ERR346596	ERR346596.462755	VH7183.a7.10	JH3	27.551	100.000	True	False	True	False	False	False
ERR346596	ERR346596.463003	J558.50	JH3	81.633	100.000	True	False	True	False	False	False
ERR346596	ERR346596.462958	VHQ52.a27.79	JH1	8.333	100.000	True	False	True	False	False	False
ERR346596	ERR346596.463087	J558.50	JH3	82.653	100.000	True	False	True	False	False	False
ERR346596	ERR346596.463067	V11,VHS107.a3.106	JH2	9.901	93.333	True	False	True	False	False	False
ERR346596	ERR346596.463084	J558.33	JH3	19.388	100.000	True	False	True	False	False	False
ERR346596	ERR346596.463113	J558.44	JH2	98.958	80.000	False	True	False	True	False	False
ERR346596	ERR346596.463419	VH36-60.a2.90	JH3	40.860	100.000	True	False	True	False	False	False
ERR346596	ERR346596.463470	VHQ52.a27.79,VOx-1	JH4	80.000	100.000	True	False	True	False	False	False
ERR346596	ERR346596.463435	VHQ52.a27.79	JH3	80.412	92.308	True	False	True	False	False	False
ERR346596	ERR346596.463511	VHQ52.a27.79	JH4	55.670	100.000	True	False	True	False	False	False
ERR346596	ERR346596.463502	VHQ52.a27.79	JH3	9.278	92.308	True	False	True	False	False	False
ERR346596	ERR346596.463569	J558.h	JH4	84.694	100.000	True	False	True	False	False	False
ERR346596	ERR346596.463615	VH36-60.a2.90	JH4	96.739	82.353	False	True	False	True	False	False
ERR346596	ERR346596.463566	J606.4.82	JH2	47.475	100.000	True	False	True	False	False	False
ERR346596	ERR346596.463630	VHS107.a3.106	JH1	35.644	100.000	True	False	True	False	False	False
ERR346596	ERR346596.463730	VH7183.a4.6,VHD6.96	JH4	7.216	100.000	True	False	True	False	False	False
ERR346596	ERR346596.463767	VHSM7.a3.93	JH1	26.316	100.000	True	False	True	False	False	False
ERR346596	ERR346596.463820	J558.21pg.111,J558.25pg.115	JH3	83.505	100.000	True	False	True	False	False	False
ERR346596	ERR346596.463866	VHQ52.a27.79,VOx-1	JH4	16.667	100.000	True	False	True	False	False	False
ERR346596	ERR346596.463909	J558.8	JH3	84.536	100.000	True	False	True	False	False	False
ERR346596	ERR346596.463942	J558.54.148	JH3	37.500	100.000	True	False	True	False	False	False
ERR346596	ERR346596.463974	J606.4.82	JH2	33.333	100.000	True	False	True	False	False	False
ERR346596	ERR346596.464032	J558.19.109	JH4	8.247	92.857	True	False	True	False	False	False
ERR346596	ERR346596.464191	J558.68pg.168		75.000		True	False	True	False	False	False
ERR346596	ERR346596.464224	J558.8	JH3	84.694	100.000	True	False	True	False	False	False
ERR346596	ERR346596.464263	VHSM7.a3.93	JH2	82.474	100.000	True	False	True	False	False	False
ERR346596	ERR346596.464395	J558.39	JH3	93.814	38.462	False	True	False	True	False	False
ERR346596	ERR346596.464392	J558.70pg.171,J558.n	JH4	84.536	88.235	True	False	True	False	False	False
ERR346596	ERR346596.464413	J558.47	JH2	8.247	93.333	True	False	True	False	False	False
ERR346596	ERR346596.464485	J558.17	JH2	37.500	100.000	True	False	True	False	False	False
ERR346596	ERR346596.464611	VH7183.a4.6,VHD6.96	JH4	93.814	35.714	False	True	False	True	False	False
ERR346596	ERR346596.464682	J558.i	JH3	45.918	100.000	True	False	True	False	False	False
ERR346596	ERR346596.464969	Q52.7.18,VHQ52.a7.18	JH3	42.105	100.000	True	False	True	False	False	False
ERR346596	ERR346596.464965	J558.20	JH3	75.258	100.000	True	False	True	False	False	False
ERR346596	ERR346596.464999	VHSM7.a3.93	JH4	67.010	93.333	True	False	True	False	False	False
ERR346596	ERR346596.465029	J558.47	JH2	96.939	83.333	False	True	False	True	False	False
ERR346596	ERR346596.465124	J558.23	JH4	53.608	100.000	True	False	True	False	False	False
ERR346596	ERR346596.465202	J558.18A,J558.54,J558.83.189		50.000		True	False	True	False	False	False
ERR346596	ERR346596.465317	J558.29	JH4	43.299	100.000	True	False	True	False	False	False
ERR346596	ERR346596.465370	V11,VHS107.a3.106	JH1	98.000	50.000	False	True	False	True	False	False
ERR346596	ERR346596.465397	J558.h	JH4	45.361	100.000	True	False	True	False	False	False
ERR346596	ERR346596.465594	J558.h	JH4	82.474	100.000	True	False	True	False	False	False
ERR346596	ERR346596.465627	VH7183.a4.6,VHD6.96	JH4	35.052	92.857	True	False	True	False	False	False
ERR346596	ERR346596.465666	VHX24.a1.84	JH3	63.918	100.000	True	False	True	False	False	False
ERR346596	ERR346596.465738	J558.21pg.111,J558.25pg.115	JH3	83.505	100.000	True	False	True	False	False	False
ERR346596	ERR346596.465774	J558.13,J558.54.148	JH4	7.216	100.000	True	False	True	False	False	False
ERR346596	ERR346596.465781	J558.h	JH4	82.474	92.857	True	False	True	False	False	False
ERR346596	ERR346596.465849	ki4		66.667		True	False	True	False	False	False
ERR346596	ERR346596.465888	J558.h	JH4	83.505	93.750	True	False	True	False	False	False
ERR346596	ERR346596.466009	SM7.1.44,SM7.2.49,VHSM7.a3.93	JH2	80.000	100.000	True	False	True	False	False	False
ERR346596	ERR346596.466172	J558.14pg.104	JH4	71.429	100.000	True	False	True	False	False	False
ERR346596	ERR346596.466306	J558.15	JH4	97.959	81.250	False	True	False	True	False	False
ERR346596	ERR346596.466303	J558.79.184,J558.h	JH4	83.505	93.750	True	False	True	False	False	False
ERR346596	ERR346596.466384	J558.50	JH3	81.633	100.000	True	False	True	False	False	False
ERR346596	ERR346596.466411	VHQ52.a9.26	JH4	97.895	75.000	False	True	False	True	False	False
ERR346596	ERR346596.466563	J558.5	JH4	93.878	81.250	False	True	False	True	False	False
ERR346596	ERR346596.466619	J558.20		47.619		True	False	True	False	False	False
ERR346596	ERR346596.466609	J558.2	JH2	42.268	100.000	True	False	True	False	False	False
ERR346596	ERR346596.466725	J558.2	JH2	76.289	100.000	True	False	True	False	False	False
ERR346596	ERR346596.467063	J558.50	JH3	83.673	92.857	True	False	True	False	False	False
ERR346596	ERR346596.467093	J558.5	JH4	93.878	81.250	False	True	False	True	False	False
ERR346596	ERR346596.467132	J558.18A,J558.54,J558.83.189		50.000		True	False	True	False	False	False
ERR346596	ERR346596.467346	VHQ52.a27.79,VOx-1	JH2	29.787	100.000	True	False	True	False	False	False
ERR346596	ERR346596.467327	VHX24.a1.84	JH3	31.633	93.333	True	False	True	False	False	False
ERR346596	ERR346596.467439	J558.h	JH4	81.915	93.750	True	False	True	False	False	False
ERR346596	ERR346596.467636	V11,VHS107.a3.106	JH1	8.000	100.000	True	False	True	False	False	False
ERR346596	ERR346596.467794	J558.14pg.104		71.429		True	False	True	False	False	False
ERR346596	ERR346596.467845	VHSM7.a3.93	JH3	59.794	100.000	True	False	True	False	False	False
ERR346596	ERR346596.467878	J558.18	JH4	61.458	100.000	True	False	True	False	False	False
ERR346596	ERR346596.467887	J558.h	JH4	84.615	93.750	True	False	True	False	False	False
ERR346596	ERR346596.468091	VH36-60.a8.117,VH36-60.a9.121#	JH2	60.417	93.333	True	False	True	False	False	False
ERR346596	ERR346596.468132	J558.50	JH3	84.536	100.000	True	False	True	False	False	False
ERR346596	ERR346596.468102	VH7183.a37.59	JH4	83.505	100.000	True	False	True	False	False	False
ERR346596	ERR346596.468130	J558.70pg.171,J558.n	JH4	57.292	100.000	True	False	True	False	False	False
ERR346596	ERR346596.468129	VH7183.a7.10	JH3	29.592	100.000	True	False	True	False	False	False
ERR346596	ERR346596.468157	VHSM7.a3.93	JH3	57.292	100.000	True	False	True	False	False	False
ERR346596	ERR346596.468226	VH7183.a19.31	JH1	65.306	100.000	True	False	True	False	False	False
ERR346596	ERR346596.468290	VH36-60.a8.117,VH36-60.a9.121#	JH2	6.186	100.000	True	False	True	False	False	False
ERR346596	ERR346596.468274	VHA1	JH2	96.907	80.000	False	True	False	True	False	False
ERR346596	ERR346596.468250	VHS107.a3.106	JH1	45.545	100.000	True	False	True	False	False	False
ERR346596	ERR346596.468368	J558.5	JH4	94.845	81.250	False	True	False	True	False	False
ERR346596	ERR346596.468424	J558.h	JH4	82.653	92.857	True	False	True	False	False	False
ERR346596	ERR346596.468385	J558.h	JH4	84.536	93.750	True	False	True	False	False	False
ERR346596	ERR346596.468585	H13-3	JH3	90.816	80.000	False	True	False	True	False	False
ERR346596	ERR346596.468711	J558.79.184,J558.h	JH4	9.184	100.000	True	False	True	False	False	False
ERR346596	ERR346596.468858	VHSM7.a3.93	JH2	84.375	100.000	True	False	True	False	False	False
ERR346596	ERR346596.468891	J558.47	JH2	7.216	100.000	True	False	True	False	False	False
ERR346596	ERR346596.468981	SM7.1.44,SM7.2.49,SM7.3.54		77.778		True	False	True	False	False	False
ERR346596	ERR346596.469114	J558.50	JH3	84.694	100.000	True	False	True	False	False	False
ERR346596	ERR346596.469191	J558.50	JH3	84.694	100.000	True	False	True	False	False	False
ERR346596	ERR346596.469298	J558.h	JH4	84.536	93.750	True	False	True	False	False	False
ERR346596	ERR346596.469404	J558.70pg.171,J558.n	JH3	86.598	38.462	False	True	False	True	False	False
ERR346596	ERR346596.469507	J558.89pg.195	JH3	61.224	100.000	True	False	True	False	False	False
ERR346596	ERR346596.469419	J558.15	JH4	18.557	86.667	True	False	True	False	False	False
ERR346596	ERR346596.469515	J558.70pg.171,J558.n	JH4	65.979	100.000	True	False	True	False	False	False
ERR346596	ERR346596.469595	VH36-60.a2.90	JH4	94.792	76.471	False	True	False	True	False	False
ERR346596	ERR346596.469631	VH36-60.a1.85	JH4	19.388	93.750	True	False	True	False	False	False
ERR346596	ERR346596.469612	VHS107.a3.106	JH2	97.030	84.615	False	True	False	True	False	False
ERR346596	ERR346596.469743	J558.h	JH4	83.333	93.750	True	False	True	False	False	False
ERR346596	ERR346596.469809	VHA1	JH2	42.708	93.333	True	False	True	False	False	False
ERR346596	ERR346596.469941	J558.50	JH3	83.673	100.000	True	False	True	False	False	False
ERR346596	ERR346596.469936	VH36-60.a1.85	JH2	66.667	92.857	True	False	True	False	False	False
ERR346596	ERR346596.470147	J558.40	JH3	42.708	100.000	True	False	True	False	False	False
ERR346596	ERR346596.470228	J558.20	JH3	12.500	100.000	True	False	True	False	False	False
ERR346596	ERR346596.470229	J558.29	JH2	58.333	100.000	True	False	True	False	False	False
ERR346596	ERR346596.470319	VHSM7.a4.108	JH3	7.368	100.000	True	False	True	False	False	False
ERR346596	ERR346596.470213	VH50.1,VH7183.a13.20	JH2	26.531	100.000	True	False	True	False	False	False
ERR346596	ERR346596.470366	J558.20	JH1	6.186	93.333	True	False	True	False	False	False
ERR346596	ERR346596.470374	VH36-60.a1.85	JH4	42.857	100.000	True	False	True	False	False	False
ERR346596	ERR346596.470394	Vh10.2a	JH4	93.939	82.353	False	True	False	True	False	False
ERR346596	ERR346596.470378	J558.50	JH3	83.505	100.000	True	False	True	False	False	False
ERR346596	ERR346596.470481	J558.79.184,J558.h	JH4	80.851	87.500	True	False	True	False	False	False
ERR346596	ERR346596.470535	J558.5	JH4	94.845	81.250	False	True	False	True	False	False
ERR346596	ERR346596.470539	J558.h	JH4	84.694	100.000	True	False	True	False	False	False
ERR346596	ERR346596.470561	J558.12.102	JH1	36.458	100.000	True	False	True	False	False	False
ERR346596	ERR346596.470639	VHQ52.a27.79,VOx-1	JH4	12.500	100.000	True	False	True	False	False	False
ERR346596	ERR346596.470678	VH108A	JH1	50.000	100.000	True	False	True	False	False	False
ERR346596	ERR346596.470811	J558.12.102	JH4	13.542	100.000	True	False	True	False	False	False
ERR346596	ERR346596.471244	VHQ52.a12.33	JH2	34.444	100.000	True	False	True	False	False	False
ERR346596	ERR346596.471240	V11,VHS107.a3.106	JH1	84.000	100.000	True	False	True	False	False	False
ERR346596	ERR346596.471336	J558.45	JH4	5.208	93.750	True	False	True	False	False	False
ERR346596	ERR346596.471398	VH7183.a4.6,VHD6.96	JH4	9.278	92.857	True	False	True	False	False	False
ERR346596	ERR346596.471434	VHQ52.a27.79,VOx-1	JH4	78.125	100.000	True	False	True	False	False	False
ERR346596	ERR346596.471665	J558.79.184	JH3	79.348	100.000	True	False	True	False	False	False
ERR346596	ERR346596.471591	J558.8.98		71.429		True	False	True	False	False	False
ERR346596	ERR346596.471664	VHS107.a3.106	JH1	25.743	100.000	True	False	True	False	False	False
ERR346596	ERR346596.471746	VHQ52.a27.79	JH1	83.505	100.000	True	False	True	False	False	False
ERR346596	ERR346596.471867	VHQ52.a24.72	JH3	14.583	100.000	True	False	True	False	False	False
ERR346596	ERR346596.471857	VHQ52.a27.79	JH1	54.167	100.000	True	False	True	False	False	False
ERR346596	ERR346596.471900	V11,VHS107.a3.106	JH1	99.010	56.250	False	True	False	True	False	False
ERR346596	ERR346596.472029	VHSM7.a3.93	JH2	83.505	100.000	True	False	True	False	False	False
ERR346596	ERR346596.472104	Q52.3.8,VHQ52.a3.8	JH4	10.309	100.000	True	False	True	False	False	False
ERR346596	ERR346596.471979	VH36-60.a2.90	JH4	95.876	82.353	False	True	False	True	False	False
ERR346596	ERR346596.472053	J558.50	JH3	96.939	28.571	False	True	False	True	False	False
ERR346596	ERR346596.472188	J558.44	JH2	9.278	100.000	True	False	True	False	False	False
ERR346596	ERR346596.472339	J558.8	JH3	83.673	100.000	True	False	True	False	False	False
ERR346596	ERR346596.472412	VHSM7.a3.93	JH2	82.474	100.000	True	False	True	False	False	False
ERR346596	ERR346596.472415	J558.17	JH2	20.833	100.000	True	False	True	False	False	False
ERR346596	ERR346596.472492	J558.1,J558.12,J558.13.103	JH2	100.000	75.000	False	True	False	True	False	False
ERR346596	ERR346596.472436	VHS107.a3.106	JH1	49.505	100.000	True	False	True	False	False	False
ERR346596	ERR346596.472521	J558.13	JH3	5.208	100.000	True	False	True	False	False	False
ERR346596	ERR346596.472764	Q52.3.8,VHQ52.a3.8	JH4	33.684	93.333	True	False	True	False	False	False
ERR346596	ERR346596.472814	J558.h	JH4	83.158	92.857	True	False	True	False	False	False
ERR346596	ERR346596.472849	J558.12	JH2	55.670	100.000	True	False	True	False	False	False
ERR346596	ERR346596.472878	J558.5	JH4	94.898	81.250	False	True	False	True	False	False
ERR346596	ERR346596.472986	J558.33	JH4	89.796	81.250	False	True	False	True	False	False
ERR346596	ERR346596.473002	J558.45	JH4	88.542	82.353	False	True	False	True	False	False
ERR346596	ERR346596.473064	VHQ52.a2.4,VHQ52.a21.63	JH1	71.579	100.000	True	False	True	False	False	False
ERR346596	ERR346596.473236	VHSM7.a3.93	JH3	7.292	100.000	True	False	True	False	False	False
ERR346596	ERR346596.473309	VH7183.a28.48	JH4	70.408	100.000	True	False	True	False	False	False
ERR346596	ERR346596.473452	J558.50	JH3	81.443	100.000	True	False	True	False	False	False
ERR346596	ERR346596.473508	J558.39	JH3	38.542	100.000	True	False	True	False	False	False
ERR346596	ERR346596.473513	VH36-60.a2.90	JH4	96.875	82.353	False	True	False	True	False	False
ERR346596	ERR346596.473487	J558.5	JH3	4.124	100.000	True	False	True	False	False	False
ERR346596	ERR346596.473543	SM7.1.44,SM7.2.49,VHSM7.a3.93	JH2	77.778	100.000	True	False	True	False	False	False
ERR346596	ERR346596.473701	ki4	JK4	66.667	100.000	True	False	True	False	False	False
ERR346596	ERR346596.473736	J558.44	JH3	9.375	100.000	True	False	True	False	False	False
ERR346596	ERR346596.474071	J558.5	JH4	94.845	81.250	False	True	False	True	False	False
ERR346596	ERR346596.474064	VHQ52.a27.79	JH1	37.113	100.000	True	False	True	False	False	False
ERR346596	ERR346596.474152	VHS107.a3.106	JH1	46.535	100.000	True	False	True	False	False	False
ERR346596	ERR346596.474213	H13-3	JH3	91.837	73.333	False	True	False	True	False	False
ERR346596	ERR346596.474371	VHQ52.a22.67	JH1	90.625	75.000	False	True	False	True	False	False
ERR346596	ERR346596.474439	VHSM7.a3.93	JH4	11.340	100.000	True	False	True	False	False	False
ERR346596	ERR346596.474446	J558.29	JH4	16.495	100.000	True	False	True	False	False	False
ERR346596	ERR346596.474339	J558.19	JH1	9.278	100.000	True	False	True	False	False	False
ERR346596	ERR346596.474542	VH7183.a4.6,VHD6.96	JH4	17.347	100.000	True	False	True	False	False	False
ERR346596	ERR346596.474576	VHSM7.a3.93	JH3	7.292	100.000	True	False	True	False	False	False
ERR346596	ERR346596.474539	VH36-60.a1.85	JH2	38.542	100.000	True	False	True	False	False	False
ERR346596	ERR346596.474564	VHQ52.a8.22	JH2	80.208	92.857	True	False	True	False	False	False
ERR346596	ERR346596.474764	VHQ52.a27.79,VOx-1	JH4	76.842	100.000	True	False	True	False	False	False
ERR346596	ERR346596.474890	J558.45	JH4	8.333	100.000	True	False	True	False	False	False
ERR346596	ERR346596.474898	J558.2	JH3	85.567	70.000	False	True	False	True	False	False
ERR346596	ERR346596.475036	VH36-60.a1.85	JH2	52.083	100.000	True	False	True	False	False	False
ERR346596	ERR346596.475030	VHQ52.a27.79,VOx-1	JH4	27.368	100.000	True	False	True	False	False	False
ERR346596	ERR346596.475023	V11,VHS107.a3.106	JH1	51.000	100.000	True	False	True	False	False	False
ERR346596	ERR346596.475218	J558.50	JH3	83.516	100.000	True	False	True	False	False	False
ERR346596	ERR346596.475249	J558.13,J558.54.148	JH4	38.144	100.000	True	False	True	False	False	False
ERR346596	ERR346596.475235	J558.22	JH3	7.216	100.000	True	False	True	False	False	False
ERR346596	ERR346596.475352	VH36-60.a1.85	JH4	64.948	100.000	True	False	True	False	False	False
ERR346596	ERR346596.475406	J558.k	JH4	95.918	43.750	False	True	False	True	False	False
ERR346596	ERR346596.475541	VHSM7.a3.93	JH2	43.750	100.000	True	False	True	False	False	False
ERR346596	ERR346596.475597	J558.2	JH4	84.536	100.000	True	False	True	False	False	False
ERR346596	ERR346596.475571	J558.h	JH4	84.536	92.857	True	False	True	False	False	False
ERR346596	ERR346596.475620	J558.45	JH1	56.701	100.000	True	False	True	False	False	False
ERR346596	ERR346596.475808	J558.h	JH4	82.474	81.250	True	True	True	True	False	False
ERR346596	ERR346596.475873	J558.50	JH3	84.694	100.000	True	False	True	False	False	False
ERR346596	ERR346596.475957	VH36-60.a2.90	JH1	71.429	100.000	True	False	True	False	False	False
ERR346596	ERR346596.476039	VH36-60.a2.90	JH3	25.773	100.000	True	False	True	False	False	False
ERR346596	ERR346596.476023	VH7183.7b	JH4	79.592	92.308	True	False	True	False	False	False
ERR346596	ERR346596.476128	J558.50	JH3	83.673	100.000	True	False	True	False	False	False
ERR346596	ERR346596.476180	VH7183.a4.6,VHD6.96	JH4	75.510	100.000	True	False	True	False	False	False
ERR346596	ERR346596.476197	J558.20	JH1	96.939	60.000	False	True	False	True	False	False
ERR346596	ERR346596.476209	VHX24.a1.84	JH3	96.939	80.000	False	True	False	True	False	False
ERR346596	ERR346596.476235	J558.17	JH4	6.250	100.000	True	False	True	False	False	False
ERR346596	ERR346596.476272	VHS107.a3.106	JH2	35.644	100.000	True	False	True	False	False	False
ERR346596	ERR346596.476302	SM7.1.44,SM7.2.49,SM7.3.54		75.000		True	False	True	False	False	False
ERR346596	ERR346596.476384	J558.24,J558.80.186		66.667		True	False	True	False	False	False
ERR346596	ERR346596.476397	J558.29	JH4	94.845	30.769	False	True	False	True	False	False
ERR346596	ERR346596.476407	J558.39	JH3	10.309	100.000	True	False	True	False	False	False
ERR346596	ERR346596.476447	J558.5	JH3	84.536	100.000	True	False	True	False	False	False
ERR346596	ERR346596.476535	J558.h	JH4	84.536	92.857	True	False	True	False	False	False
ERR346596	ERR346596.476666	SM7.1.44,SM7.2.49,VHSM7.a3.93	JH2	77.778	100.000	True	False	True	False	False	False
ERR346596	ERR346596.476727	J558.k	JH4	68.750	100.000	True	False	True	False	False	False
ERR346596	ERR346596.476746	VHQ52.a27.79	JH2	81.443	100.000	True	False	True	False	False	False
ERR346596	ERR346596.476768	VHQ52.a27.79	JH1	80.208	100.000	True	False	True	False	False	False
ERR346596	ERR346596.476795	7183.3pg.5,VH7183.a3psi.5		75.000		True	False	True	False	False	False
ERR346596	ERR346596.476844	VHX24.a1.84	JH1	32.653	100.000	True	False	True	False	False	False
ERR346596	ERR346596.476842	J558.50	JH3	82.653	100.000	True	False	True	False	False	False
ERR346596	ERR346596.476895	VH108A	JH3	57.292	100.000	True	False	True	False	False	False
ERR346596	ERR346596.477000	J558.3.90,J558.50	JH4	30.612	100.000	True	False	True	False	False	False
ERR346596	ERR346596.477058	J558.35	JH2	93.814	66.667	False	True	False	True	False	False
ERR346596	ERR346596.477069	J558.54.148	JH3	92.784	83.333	False	True	False	True	False	False
ERR346596	ERR346596.477065	VHQ52.a27.79	JH1	81.250	100.000	True	False	True	False	False	False
ERR346596	ERR346596.477060	J558.50	JH3	82.653	100.000	True	False	True	False	False	False
ERR346596	ERR346596.477216	Vh10.2a	JH3	16.162	100.000	True	False	True	False	False	False
ERR346596	ERR346596.477241	Q52.1pg.2,VHQ52.a1psi.2		62.500		True	False	True	False	False	False
ERR346596	ERR346596.477415	3:3.9,7183.7.10,VH7183.7b	JH1	9.278	100.000	True	False	True	False	False	False
ERR346596	ERR346596.477885	VHQ52.a27.79,VOx-1	JH4	31.250	100.000	True	False	True	False	False	False
ERR346596	ERR346596.477978	J558.18	JH3	7.292	100.000	True	False	True	False	False	False
ERR346596	ERR346596.477990	J558.1,J558.12,J558.15pg.105		77.778		True	False	True	False	False	False
ERR346596	ERR346596.478164	J558.18	JH2	52.577	91.667	True	False	True	False	False	False
ERR346596	ERR346596.478228	VHQ52.a27.79	JH2	94.845	84.615	False	True	False	True	False	False
ERR346596	ERR346596.478208	J558.17,J558.22,J558.23	JH2	100.000	75.000	False	True	False	True	False	False
ERR346596	ERR346596.478300	VHS107.a3.106	JH1	16.832	100.000	True	False	True	False	False	False
ERR346596	ERR346596.478301	ay4		75.000		True	False	True	False	False	False
ERR346596	ERR346596.478329	J558.17	JH2	25.000	92.308	True	False	True	False	False	False
ERR346596	ERR346596.478338	VHQ52.a27.79	JH1	21.649	100.000	True	False	True	False	False	False
ERR346596	ERR346596.478346	VHQ52.a27.79,VOx-1	JH4	81.250	100.000	True	False	True	False	False	False
ERR346596	ERR346596.478391	J558.47	JH2	7.292	100.000	True	False	True	False	False	False
ERR346596	ERR346596.478493	J558.21pg.111,J558.25pg.115	JH3	82.474	100.000	True	False	True	False	False	False
ERR346596	ERR346596.478487	J558.f	JH2	4.167	100.000	True	False	True	False	False	False
ERR346596	ERR346596.478548	J558.23	JH4	57.292	100.000	True	False	True	False	False	False
ERR346596	ERR346596.478640	21-1,21-10,21-2		80.000		True	False	True	False	False	False
ERR346596	ERR346596.478678	J558.64.162,J558.74.176	JH3	9.375	100.000	True	False	True	False	False	False
ERR346596	ERR346596.478749	V11,VHS107.a3.106	JH1	47.000	100.000	True	False	True	False	False	False
ERR346596	ERR346596.478773	VH7183.a4.6,VHD6.96	JH4	65.979	92.857	True	False	True	False	False	False
ERR346596	ERR346596.478837	VHQ52.a27.79	JH2	92.784	84.615	False	True	False	True	False	False
ERR346596	ERR346596.478812	J558.50	JH3	84.694	100.000	True	False	True	False	False	False
ERR346596	ERR346596.478875	J558.50	JH3	84.536	100.000	True	False	True	False	False	False
ERR346596	ERR346596.478940	J558.12	JH3	29.167	92.857	True	False	True	False	False	False
ERR346596	ERR346596.478962	J558.f	JH1	32.990	100.000	True	False	True	False	False	False
ERR346596	ERR346596.479027	J558.50	JH3	82.653	85.714	True	False	True	False	False	False
ERR346596	ERR346596.479136	J558.37.127	JH3	15.625	100.000	True	False	True	False	False	False
ERR346596	ERR346596.479151	J558.54.148	JH2	94.898	64.286	False	True	False	True	False	False
ERR346596	ERR346596.479204	J558.83.189	JH4	8.247	100.000	True	False	True	False	False	False
ERR346596	ERR346596.479178	VHS107.a3.106	JH1	41.584	100.000	True	False	True	False	False	False
ERR346596	ERR346596.479331	VH61-1P,VH7183.a47.76	JH4	94.898	30.769	False	True	False	True	False	False
ERR346596	ERR346596.479437	J558.h	JH4	82.979	93.750	True	False	True	False	False	False
ERR346596	ERR346596.479479	VHSM7.a4.108	JH4	60.825	100.000	True	False	True	False	False	False
ERR346596	ERR346596.479524	J558.40	JH2	8.247	100.000	True	False	True	False	False	False
ERR346596	ERR346596.479639	J558.h	JH4	13.187	100.000	True	False	True	False	False	False
ERR346596	ERR346596.479662	J558.18	JH4	9.375	100.000	True	False	True	False	False	False
ERR346596	ERR346596.479802	J558.5	JH4	92.857	81.250	False	True	False	True	False	False
ERR346596	ERR346596.480041	J558.79.184,J558.h	JH4	45.833	100.000	True	False	True	False	False	False
ERR346596	ERR346596.480001	VHSM7.a3.93	JH3	8.247	100.000	True	False	True	False	False	False
ERR346596	ERR346596.480169	J558.17	JH3	55.208	100.000	True	False	True	False	False	False
ERR346596	ERR346596.480118	VH7183.a7.10	JH4	6.122	92.308	True	False	True	False	False	False
ERR346596	ERR346596.480259	J558.19	JH2	62.887	100.000	True	False	True	False	False	False
ERR346596	ERR346596.480292	J558.h	JH4	83.673	92.857	True	False	True	False	False	False
ERR346596	ERR346596.480314	VH7183.a7.10	JH4	96.939	43.750	False	True	False	True	False	False
ERR346596	ERR346596.480319	VHSM7.a3.93	JH4	25.000	100.000	True	False	True	False	False	False
ERR346596	ERR346596.480373	J558.64.162,J558.74.176	JH3	70.103	100.000	True	False	True	False	False	False
ERR346596	ERR346596.480346	J558.50	JH3	40.625	100.000	True	False	True	False	False	False
ERR346596	ERR346596.480418	S107.3.62,V11,VHS107.a2psi.82	JH1	66.667	100.000	True	False	True	False	False	False
ERR346596	ERR346596.480542	VH36-60.a2.90	JH3	6.250	100.000	True	False	True	False	False	False
ERR346596	ERR346596.480607	VH108A	JH4	7.292	100.000	True	False	True	False	False	False
ERR346596	ERR346596.480631	J558.19	JH3	96.939	38.462	False	True	False	True	False	False
ERR346596	ERR346596.480634	VHSM7.a3.93	JH3	59.375	100.000	True	False	True	False	False	False
ERR346596	ERR346596.480593	J558.64.162,J558.74.176	JH1	24.468	100.000	True	False	True	False	False	False
ERR346596	ERR346596.480599	VHQ52.a27.79	JH1	26.042	100.000	True	False	True	False	False	False
ERR346596	ERR346596.480649	J558.50	JH3	82.653	100.000	True	False	True	False	False	False
ERR346596	ERR346596.480734	J558.h	JH4	84.536	100.000	True	False	True	False	False	False
ERR346596	ERR346596.480820	J558.19.109,J558.31.121,J558.37.127		72.727		True	False	True	False	False	False
ERR346596	ERR346596.480870	J558.39	JH3	56.701	100.000	True	False	True	False	False	False
ERR346596	ERR346596.480767	J558.50	JH3	84.536	100.000	True	False	True	False	False	False
ERR346596	ERR346596.480790	VHSM7.a3.93	JH3	30.208	100.000	True	False	True	False	False	False
ERR346596	ERR346596.480897	J558.45	JH4	44.792	100.000	True	False	True	False	False	False
ERR346596	ERR346596.480953	J558.40	JH2	45.361	100.000	True	False	True	False	False	False
ERR346596	ERR346596.480954	V11,VHS107.a3.106	JH1	24.000	100.000	True	False	True	False	False	False
ERR346596	ERR346596.481004	SM7.1.44,SM7.2.49,SM7.3.54		75.000		True	False	True	False	False	False
ERR346596	ERR346596.481043	J558.20	JH2	16.495	100.000	True	False	True	False	False	False
ERR346596	ERR346596.481050	VH7183.a19.31	JH4	28.571	100.000	True	False	True	False	False	False
ERR346596	ERR346596.481108	VHA1	JH2	66.667	93.333	True	False	True	False	False	False
ERR346596	ERR346596.481143	J558.50	JH3	84.694	100.000	True	False	True	False	False	False
ERR346596	ERR346596.481146	J558.50	JH3	80.612	100.000	True	False	True	False	False	False
ERR346596	ERR346596.481249	J558.h	JH4	84.375	93.750	True	False	True	False	False	False
ERR346596	ERR346596.481255	J558.h	JH4	81.443	92.857	True	False	True	False	False	False
ERR346596	ERR346596.481399	J558.45	JH2	11.340	100.000	True	False	True	False	False	False
ERR346596	ERR346596.481514	J558.29	JH4	37.113	100.000	True	False	True	False	False	False
ERR346596	ERR346596.481503	VH7183.a35.57	JH2	32.653	100.000	True	False	True	False	False	False
ERR346596	ERR346596.481651	J558.14pg.104	JH4	71.429	100.000	True	False	True	False	False	False
ERR346596	ERR346596.481660	VH61-1P,VH7183.a47.76	JH2	8.247	100.000	True	False	True	False	False	False
ERR346596	ERR346596.481750	J558.64.162,J558.74.176	JH2	51.020	100.000	True	False	True	False	False	False
ERR346596	ERR346596.481770	VH7183.9,VH7183.a15.24	JH4	82.474	100.000	True	False	True	False	False	False
ERR346596	ERR346596.481781	V11,VHS107.a3.106	JH1	7.000	93.750	True	False	True	False	False	False
ERR346596	ERR346596.481809	J558.15	JH4	50.515	93.750	True	False	True	False	False	False
ERR346596	ERR346596.481879	VH37.1,VH7183.a16.27	JH1	29.897	100.000	True	False	True	False	False	False
ERR346596	ERR346596.481932	VHSM7.a3.93	JH2	52.577	100.000	True	False	True	False	False	False
ERR346596	ERR346596.482064	VHSM7.a3.93	JH3	15.464	100.000	True	False	True	False	False	False
ERR346596	ERR346596.482086	J558.13	JH3	25.773	100.000	True	False	True	False	False	False
ERR346596	ERR346596.482137	J558.h	JH4	82.292	93.750	True	False	True	False	False	False
ERR346596	ERR346596.482299	J558.50	JH3	84.694	100.000	True	False	True	False	False	False
ERR346596	ERR346596.482328	J558.20	JH1	68.041	93.333	True	False	True	False	False	False
ERR346596	ERR346596.482368	H13-3	JH3	15.464	92.308	True	False	True	False	False	False
ERR346596	ERR346596.482448	VH7183.a4.6,VHD6.96	JH2	5.102	100.000	True	False	True	False	False	False
ERR346596	ERR346596.482596	J558.33	JH2	91.837	28.571	False	True	False	True	False	False
ERR346596	ERR346596.482716	VH36-60.a6.114	JH4	77.083	100.000	True	False	True	False	False	False
ERR346596	ERR346596.482828	VHSM7.a3.93	JH3	72.165	100.000	True	False	True	False	False	False
ERR346596	ERR346596.482756	VHS107.a3.106	JH1	50.495	100.000	True	False	True	False	False	False
ERR346596	ERR346596.482859	J558.29	JH4	75.510	100.000	True	False	True	False	False	False
ERR346596	ERR346596.482850	J558.5	JH4	94.898	81.250	False	True	False	True	False	False
ERR346596	ERR346596.482855	J558.44	JH2	29.897	100.000	True	False	True	False	False	False
ERR346596	ERR346596.482831	J558.5	JH3	57.732	100.000	True	False	True	False	False	False
ERR346596	ERR346596.482868	J558.45	JH4	38.144	100.000	True	False	True	False	False	False
ERR346596	ERR346596.482965	VHQ52.a27.79,VOx-1	JH4	77.895	100.000	True	False	True	False	False	False
ERR346596	ERR346596.483001	VHQ52.a27.79,VOx-1	JH4	69.474	100.000	True	False	True	False	False	False
ERR346596	ERR346596.483131	VHSM7.a3.93	JH4	59.375	100.000	True	False	True	False	False	False
ERR346596	ERR346596.483153	VHQ52.a2.4	JH2	76.042	100.000	True	False	True	False	False	False
ERR346596	ERR346596.483100	J558.13	JH3	94.845	50.000	False	True	False	True	False	False
ERR346596	ERR346596.483187	VHSM7.a3.93	JH4	56.701	100.000	True	False	True	False	False	False
ERR346596	ERR346596.483241	J558.12.102	JH4	23.711	100.000	True	False	True	False	False	False
ERR346596	ERR346596.483194	VH7183.7b	JH1	100.000	66.667	False	True	False	True	False	False
ERR346596	ERR346596.483290	J558.50	JH4	35.052	100.000	True	False	True	False	False	False
ERR346596	ERR346596.483269	J558.70pg.171,J558.n	JH4	54.167	100.000	True	False	True	False	False	False
ERR346596	ERR346596.483250	J558.46	JH4	98.969	40.000	False	True	False	True	False	False
ERR346596	ERR346596.483273	J558.50	JH3	85.567	69.231	False	True	False	True	False	False
ERR346596	ERR346596.483346	J558.64.162,J558.74.176	JH3	53.608	100.000	True	False	True	False	False	False
ERR346596	ERR346596.483369	VHQ52.a27.79,VOx-1	JH2	80.208	100.000	True	False	True	False	False	False
ERR346596	ERR346596.483417	Q52.1pg.2,VHQ52.a1psi.2		62.500		True	False	True	False	False	False
ERR346596	ERR346596.483457	VHSM7.a1.83	JH4	8.333	100.000	True	False	True	False	False	False
ERR346596	ERR346596.483826	VHQ52.a27.79	JH2	81.443	100.000	True	False	True	False	False	False
ERR346596	ERR346596.483818	VHQ52.a27.79,VOx-1	JH4	70.833	100.000	True	False	True	False	False	False
ERR346596	ERR346596.483925	J558.5	JH4	91.837	81.250	False	True	False	True	False	False
ERR346596	ERR346596.483956	J558.20	JH1	13.043	100.000	True	False	True	False	False	False
ERR346596	ERR346596.483989	J558.70pg.171,J558.n	JH3	84.536	92.857	True	False	True	False	False	False
ERR346596	ERR346596.484046	J558.5	JH4	94.898	81.250	False	True	False	True	False	False
ERR346596	ERR346596.484075	J558.5	JH4	98.980	82.353	False	True	False	True	False	False
ERR346596	ERR346596.484151	J558.21pg.111,J558.25pg.115	JH3	83.505	100.000	True	False	True	False	False	False
ERR346596	ERR346596.484204	J558.48	JH2	93.684	78.571	False	True	False	True	False	False
ERR346596	ERR346596.484259	J558.50	JH3	82.653	100.000	True	False	True	False	False	False
ERR346596	ERR346596.484317	J558.18A,J558.54,J558.83.189	JH1	50.000	100.000	True	False	True	False	False	False
ERR346596	ERR346596.484419	J558.h	JH4	82.474	93.750	True	False	True	False	False	False
ERR346596	ERR346596.484481	J558.61.157,V3	JH2	14.583	100.000	True	False	True	False	False	False
ERR346596	ERR346596.484530	J558.21pg.111,J558.25pg.115	JH3	83.505	100.000	True	False	True	False	False	False
ERR346596	ERR346596.484547	VH104B	JH3	5.208	100.000	True	False	True	False	False	False
ERR346596	ERR346596.484572	J558.l	JH4	54.167	93.333	True	False	True	False	False	False
ERR346596	ERR346596.484579	J558.20	JH1	66.667	93.333	True	False	True	False	False	False
ERR346596	ERR346596.484634	J558.39	JH3	51.020	100.000	True	False	True	False	False	False
ERR346596	ERR346596.484622	J558.h	JH4	84.536	100.000	True	False	True	False	False	False
ERR346596	ERR346596.484686	J558.54.148	JH3	95.876	83.333	False	True	False	True	False	False
ERR346596	ERR346596.484690	V11,VHS107.a3.106	JH1	51.000	100.000	True	False	True	False	False	False
ERR346596	ERR346596.484705	J558.39	JH3	25.773	100.000	True	False	True	False	False	False
ERR346596	ERR346596.484712	J558.38pg.128	JH2	70.000	100.000	True	False	True	False	False	False
ERR346596	ERR346596.484531	VH7183.a46.75	JH4	6.122	100.000	True	False	True	False	False	False
ERR346596	ERR346596.484720	VHSM7.a3.93	JH2	83.505	100.000	True	False	True	False	False	False
ERR346596	ERR346596.484786	J558.50	JH3	83.696	100.000	True	False	True	False	False	False
ERR346596	ERR346596.484813	VHSM7.a3.93	JH3	17.526	100.000	True	False	True	False	False	False
ERR346596	ERR346596.484989	VHQ52.a19.61	JH2	9.375	100.000	True	False	True	False	False	False
ERR346596	ERR346596.485016	VHQ52.a27.79	JH1	7.292	93.750	True	False	True	False	False	False
ERR346596	ERR346596.485053	J558.21pg.111,J558.25pg.115	JH3	83.505	100.000	True	False	True	False	False	False
ERR346596	ERR346596.485066	J558.40	JH3	5.208	100.000	True	False	True	False	False	False
ERR346596	ERR346596.485159	V11,VHS107.a3.106	JH1	96.907	68.750	False	True	False	True	False	False
ERR346596	ERR346596.485100	VH7183.a4.6,VHD6.96	JH4	7.143	93.333	True	False	True	False	False	False
ERR346596	ERR346596.485187	VHQ52.a9.26	JH4	97.917	46.667	False	True	False	True	False	False
ERR346596	ERR346596.485328	J558.45	JH3	83.505	100.000	True	False	True	False	False	False
ERR346596	ERR346596.485388	V11,VHS107.a3.106	JH1	48.485	100.000	True	False	True	False	False	False
ERR346596	ERR346596.485407	VHSM7.a3.93	JH2	82.474	100.000	True	False	True	False	False	False
ERR346596	ERR346596.485484	J558.29	JH2	28.125	100.000	True	False	True	False	False	False
ERR346596	ERR346596.485596	J558.48,J558.k	JH2,JH3	70.000	100.000	True	False	True	False	False	False
ERR346596	ERR346596.485606	J558.46	JH4	2.083	93.750	True	False	True	False	False	False
ERR346596	ERR346596.485622	J558.12.102,J558.51	JH2	83.824	91.667	True	False	True	False	False	False
ERR346596	ERR346596.485670	J558.35	JH2	57.895	100.000	True	False	True	False	False	False
ERR346596	ERR346596.485752	J558.17	JH2	92.632	78.571	False	True	False	True	False	False
ERR346596	ERR346596.485789	J558.50	JH3	81.443	92.857	True	False	True	False	False	False
ERR346596	ERR346596.485770	VH36-60.a1.85	JH3	5.155	100.000	True	False	True	False	False	False
ERR346596	ERR346596.485867	J558.54.148	JH2	91.753	50.000	False	True	False	True	False	False
ERR346596	ERR346596.485875	VH36-60.a1.85	JH4	92.857	33.333	False	True	False	True	False	False
ERR346596	ERR346596.485910	MAI1,MBK2,PWK1	JL2,JL3	16.667	50.000	True	True	True	True	False	False
ERR346596	ERR346596.485919	VHS107.a3.106	JH2	50.495	100.000	True	False	True	False	False	False
ERR346596	ERR346596.485993	J558.47	JH2	7.292	100.000	True	False	True	False	False	False
ERR346596	ERR346596.486028	J558.50	JH3	84.536	100.000	True	False	True	False	False	False
ERR346596	ERR346596.486038	VHSM7.a3.93	JH2	80.412	92.857	True	False	True	False	False	False
ERR346596	ERR346596.485927	VH7183.a4.6,VHD6.96	JH4	81.633	93.333	True	False	True	False	False	False
ERR346596	ERR346596.486153	J558.33	JH3	8.333	100.000	True	False	True	False	False	False
ERR346596	ERR346596.486351	VHSM7.a3.93	JH2	63.542	100.000	True	False	True	False	False	False
ERR346596	ERR346596.486499	VHSM7.a3.93	JH2	25.000	100.000	True	False	True	False	False	False
ERR346596	ERR346596.486550	VHSM7.a4.108	JH2	6.250	100.000	True	False	True	False	False	False
ERR346596	ERR346596.486536	J558.i	JH3	51.613	100.000	True	False	True	False	False	False
ERR346596	ERR346596.486600	VHSM7.a4.108	JH2	57.143	100.000	True	False	True	False	False	False
ERR346596	ERR346596.486669	VHSM7.a1.83	JH2	96.907	84.615	False	True	False	True	False	False
ERR346596	ERR346596.486701	VH7183.a4.6,VHD6.96	JH4	40.206	100.000	True	False	True	False	False	False
ERR346596	ERR346596.486723	J558.5	JH4	3.125	88.235	True	False	True	False	False	False
ERR346596	ERR346596.486718	VHX24.a1.84	JH3	96.939	38.462	False	True	False	True	False	False
ERR346596	ERR346596.486770	J558.47	JH4	36.458	100.000	True	False	True	False	False	False
ERR346596	ERR346596.486757	J558.5	JH4	77.083	88.235	True	False	True	False	False	False
ERR346596	ERR346596.486818	VHSM7.a4.108	JH2	60.000	100.000	True	False	True	False	False	False
ERR346596	ERR346596.486849	VH36-60.a1.85	JH4	92.857	60.000	False	True	False	True	False	False
ERR346596	ERR346596.486889	J558.47	JH2	98.969	64.286	False	True	False	True	False	False
ERR346596	ERR346596.486964	J558.13,J558.54.148,J558.i	JH4	31.250	100.000	True	False	True	False	False	False
ERR346596	ERR346596.486979	VHSM7.a3.93	JH3	17.526	100.000	True	False	True	False	False	False
ERR346596	ERR346596.486994	J558.39	JH3	53.125	100.000	True	False	True	False	False	False
ERR346596	ERR346596.487206	VHSM7.a3.93	JH2	6.250	100.000	True	False	True	False	False	False
ERR346596	ERR346596.487365	J558.50	JH3	66.667	100.000	True	False	True	False	False	False
ERR346596	ERR346596.487472	J558.h	JH4	84.536	100.000	True	False	True	False	False	False
ERR346596	ERR346596.487630	J558.33	JH4	31.959	93.333	True	False	True	False	False	False
ERR346596	ERR346596.487894	J558.14pg.104	JH4	71.429	100.000	True	False	True	False	False	False
ERR346596	ERR346596.487910	VHQ52.a2.4	JH1	11.340	100.000	True	False	True	False	False	False
ERR346596	ERR346596.487923	VHQ52.a27.79,VOx-1	JH4	57.895	100.000	True	False	True	False	False	False
ERR346596	ERR346596.487976	J558.15	JH4	97.938	81.250	False	True	False	True	False	False
ERR346596	ERR346596.488005	VHS107.a3.106	JH1	24.000	100.000	True	False	True	False	False	False
ERR346596	ERR346596.488012	VH36-60.a1.85	JH4	92.857	81.250	False	True	False	True	False	False
ERR346596	ERR346596.487994	VHX24.a1.84	JH3	89.691	80.000	False	True	False	True	False	False
ERR346596	ERR346596.488117	SM7.1.44,SM7.2.49,VHSM7.a3.93	JH2	80.000	100.000	True	False	True	False	False	False
ERR346596	ERR346596.488083	J558.29	JH3	18.557	100.000	True	False	True	False	False	False
ERR346596	ERR346596.488112	J558.h	JH4	8.333	100.000	True	False	True	False	False	False
ERR346596	ERR346596.488214	VHSM7.a3.93	JH2	7.143	100.000	True	False	True	False	False	False
ERR346596	ERR346596.488191	J558.h	JH4	82.292	93.750	True	False	True	False	False	False
ERR346596	ERR346596.488298	VHQ52.a27.79	JH1	72.165	100.000	True	False	True	False	False	False
ERR346596	ERR346596.488572	J558.17	JH3	8.421	100.000	True	False	True	False	False	False
ERR346596	ERR346596.488544	J558.f	JH1	5.102	100.000	True	False	True	False	False	False
ERR346596	ERR346596.488860	J558.l	JH4	55.670	100.000	True	False	True	False	False	False
ERR346596	ERR346596.488844	Q52.1pg.2,VHQ52.a1psi.2		62.500		True	False	True	False	False	False
ERR346596	ERR346596.488947	J558.15	JH3	60.417	100.000	True	False	True	False	False	False
ERR346596	ERR346596.488980	J558.50	JH3	81.522	100.000	True	False	True	False	False	False
ERR346596	ERR346596.489095	VHSM7.a3.93	JH2	30.208	100.000	True	False	True	False	False	False
ERR346596	ERR346596.489099	J558.h	JH4	83.871	92.857	True	False	True	False	False	False
ERR346596	ERR346596.489170	VH7183.a33.55	JH2	34.021	100.000	True	False	True	False	False	False
ERR346596	ERR346596.489314	VHQ52.a27.79,VOx-1	JH2	29.167	84.615	True	True	True	True	False	False
ERR346596	ERR346596.489550	J558.50	JH3	45.918	100.000	True	False	True	False	False	False
ERR346596	ERR346596.489663	J558.h	JH4	84.211	100.000	True	False	True	False	False	False
ERR346596	ERR346596.489659	J558.45	JH4	13.402	100.000	True	False	True	False	False	False
ERR346596	ERR346596.489864	VHSM7.a3.93	JH2	83.505	64.286	True	True	True	True	False	False
ERR346596	ERR346596.489911	J558.37.127	JH4	6.250	100.000	True	False	True	False	False	False
ERR346596	ERR346596.489945	J558.1	JH2	53.608	100.000	True	False	True	False	False	False
ERR346596	ERR346596.489974	J558.64.162,J558.74.176	JH3	98.980	38.462	False	True	False	True	False	False
ERR346596	ERR346596.490056	VH7183.a28.48	JH3	8.163	100.000	True	False	True	False	False	False
ERR346596	ERR346596.490116	J558.17	JH2	4.211	100.000	True	False	True	False	False	False
ERR346596	ERR346596.490167	VHX24.a1.84	JH3	98.980	80.000	False	True	False	True	False	False
ERR346596	ERR346596.490145	S107.1.42,V1,VHS107.a1.81	JH2	71.429	100.000	True	False	True	False	False	False
ERR346596	ERR346596.490238	VHSM7.a3.93	JH2	83.505	92.857	True	False	True	False	False	False
ERR346596	ERR346596.490392	VHA1	JH4	7.216	100.000	True	False	True	False	False	False
ERR346596	ERR346596.490427	J558.5	JH4	94.845	81.250	False	True	False	True	False	False
ERR346596	ERR346596.490475	J558.15	JH4	4.255	86.667	True	False	True	False	False	False
ERR346596	ERR346596.490492	VH36-60.a2.90	JH2	90.722	76.923	False	True	False	True	False	False
ERR346596	ERR346596.490463	J558.22	JH3	5.208	100.000	True	False	True	False	False	False
ERR346596	ERR346596.490488	VHQ52.a27.79,VOx-1	JH4	78.947	100.000	True	False	True	False	False	False
ERR346596	ERR346596.490599	VH7183.a4.6,VHD6.96	JH4	46.392	92.857	True	False	True	False	False	False
ERR346596	ERR346596.490644	J558.45	JH3	32.990	100.000	True	False	True	False	False	False
ERR346596	ERR346596.490608	VH61-1P,VH7183.a47.76	JH4	77.320	100.000	True	False	True	False	False	False
ERR346596	ERR346596.490656	VH36-60.a8.117,VH36-60.a9.121#	JH2	21.649	100.000	True	False	True	False	False	False
ERR346596	ERR346596.490789	VHSM7.a3.93	JH3	42.708	100.000	True	False	True	False	False	False
ERR346596	ERR346596.490787	Q52.1pg.2,VHQ52.a1psi.2		62.500		True	False	True	False	False	False
ERR346596	ERR346596.490805	VHSM7.a3.93	JH4	70.833	100.000	True	False	True	False	False	False
ERR346596	ERR346596.490855	J558.47	JH2	86.598	76.923	False	True	False	True	False	False
ERR346596	ERR346596.490940	VHSM7.a3.93	JH2	64.948	100.000	True	False	True	False	False	False
ERR346596	ERR346596.490984	3:3.9,7183.7.10,VH7183.7b	JH1	57.732	100.000	True	False	True	False	False	False
ERR346596	ERR346596.491005	7183.14.25,VH7183.a33.55	JH2	71.429	100.000	True	False	True	False	False	False
ERR346596	ERR346596.491000	VHQ52.a27.79,VOx-1	JH2	32.990	100.000	True	False	True	False	False	False
ERR346596	ERR346596.491037	VH7183.a4.6,VHD6.96	JH3	78.571	84.615	True	True	True	True	False	False
ERR346596	ERR346596.491043	VH7183.a28.48	JH4	12.245	100.000	True	False	True	False	False	False
ERR346596	ERR346596.491011	J558.29	JH2	41.237	100.000	True	False	True	False	False	False
ERR346596	ERR346596.491112	J558.50	JH3	82.653	100.000	True	False	True	False	False	False
ERR346596	ERR346596.491104	VHSM7.a3.93	JH3	62.500	100.000	True	False	True	False	False	False
ERR346596	ERR346596.491167	J558.h	JH4	83.673	100.000	True	False	True	False	False	False
ERR346596	ERR346596.491264	VH36-60.a2.90	JH3	42.708	92.857	True	False	True	False	False	False
ERR346596	ERR346596.491328	J558.h	JH4	82.474	87.500	True	False	True	False	False	False
ERR346596	ERR346596.491410	J558.39	JH3	7.216	100.000	True	False	True	False	False	False
ERR346596	ERR346596.491361	J558.29	JH3	88.889	84.615	False	True	False	True	False	False
ERR346596	ERR346596.491514	VH61-1P,VH7183.a47.76	JH4	47.423	100.000	True	False	True	False	False	False
ERR346596	ERR346596.491470	J558.64.162,J558.74.176	JH1	77.320	100.000	True	False	True	False	False	False
ERR346596	ERR346596.491491	J558.h	JH4	82.474	93.750	True	False	True	False	False	False
ERR346596	ERR346596.491589	J558.f,VH104B	JH2	80.000	100.000	True	False	True	False	False	False
ERR346596	ERR346596.491657	J558.42	JH1	55.208	100.000	True	False	True	False	False	False
ERR346596	ERR346596.491652	J558.29	JH4	98.969	35.714	False	True	False	True	False	False
ERR346596	ERR346596.492104	J558.17	JH2	89.583	78.571	False	True	False	True	False	False
ERR346596	ERR346596.492160	VHSM7.a3.93	JH2	84.375	100.000	True	False	True	False	False	False
ERR346596	ERR346596.492193	J558.70pg.171,J558.n	JH3	84.694	92.857	True	False	True	False	False	False
ERR346596	ERR346596.492214	J558.83.189	JH1	93.814	81.250	False	True	False	True	False	False
ERR346596	ERR346596.492163	ki4	JK4	66.667	100.000	True	False	True	False	False	False
ERR346596	ERR346596.492181	VHS107.a3.106	JH1	6.931	100.000	True	False	True	False	False	False
ERR346596	ERR346596.492237	J558.h	JH2	84.536	100.000	True	False	True	False	False	False
ERR346596	ERR346596.492328	VHSM7.a3.93	JH2	77.551	100.000	True	False	True	False	False	False
ERR346596	ERR346596.492232	VHA1	JH4	27.835	100.000	True	False	True	False	False	False
ERR346596	ERR346596.492333	VH7183.7b	JH1	7.143	93.750	True	False	True	False	False	False
ERR346596	ERR346596.492336	J558.37.127	JH4	91.753	43.750	False	True	False	True	False	False
ERR346596	ERR346596.492354	VHSM7.a3.93	JH3	78.125	100.000	True	False	True	False	False	False
ERR346596	ERR346596.492356	J558.19	JH1	67.708	100.000	True	False	True	False	False	False
ERR346596	ERR346596.492428	VHSM7.a3.93	JH2	84.375	100.000	True	False	True	False	False	False
ERR346596	ERR346596.492658	J558.33	JH3	9.278	100.000	True	False	True	False	False	False
ERR346596	ERR346596.492589	V1,VHS107.a1.81	JH4	4.950	100.000	True	False	True	False	False	False
ERR346596	ERR346596.492679	VHQ52.a23.68	JH2	76.923	100.000	True	False	True	False	False	False
ERR346596	ERR346596.492682	J558.h	JH4	83.505	93.750	True	False	True	False	False	False
ERR346596	ERR346596.492818	J558.52.145,J558.61.157,J558.77.180	JH2	81.250	100.000	True	False	True	False	False	False
ERR346596	ERR346596.492826	SM7.3.54	JH1,JH2,JH3	80.000	100.000	True	False	True	False	False	False
ERR346596	ERR346596.492849	VHQ52.a27.79,VOx-1	JH4	74.737	100.000	True	False	True	False	False	False
ERR346596	ERR346596.492984	PG.7.41,VH7183.a49psi.80	JH4	71.429	100.000	True	False	True	False	False	False
ERR346596	ERR346596.493017	V11,VHS107.a3.106	JH1	50.000	100.000	True	False	True	False	False	False
ERR346596	ERR346596.493063	J558.19	JH2	34.375	100.000	True	False	True	False	False	False
ERR346596	ERR346596.493076	J558.19	JH4	93.814	81.250	False	True	False	True	False	False
ERR346596	ERR346596.493087	SM7.1.44,SM7.2.49,VHSM7.a3.93	JH2	80.000	100.000	True	False	True	False	False	False
ERR346596	ERR346596.493075	J558.h	JH4	83.673	100.000	True	False	True	False	False	False
ERR346596	ERR346596.493056	J558.44	JH3	61.458	100.000	True	False	True	False	False	False
ERR346596	ERR346596.493118	J558.5	JH4	94.898	81.250	False	True	False	True	False	False
ERR346596	ERR346596.493108	VHX24.a1.84	JH3	75.258	100.000	True	False	True	False	False	False
ERR346596	ERR346596.493104	J558.h	JH4	54.639	100.000	True	False	True	False	False	False
ERR346596	ERR346596.493229	VH7183.a4.6,VHD6.96	JH4	40.206	92.857	True	False	True	False	False	False
ERR346596	ERR346596.493207	J558.h	JH4	81.053	100.000	True	False	True	False	False	False
ERR346596	ERR346596.493330	VHQ52.a27.79,VOx-1	JH1	9.278	100.000	True	False	True	False	False	False
ERR346596	ERR346596.493360	J558.48,J558.k	JH2,JH3	70.000	100.000	True	False	True	False	False	False
ERR346596	ERR346596.493409	SM7.1.44,SM7.2.49,VHSM7.a3.93	JH2	80.000	100.000	True	False	True	False	False	False
ERR346596	ERR346596.493405	J558.50	JH3	82.653	100.000	True	False	True	False	False	False
ERR346596	ERR346596.493507	J558.50	JH3	83.673	100.000	True	False	True	False	False	False
ERR346596	ERR346596.493519	J558.89pg.195	JH3	60.825	100.000	True	False	True	False	False	False
ERR346596	ERR346596.493542	ki4	JK4	66.667	100.000	True	False	True	False	False	False
ERR346596	ERR346596.493657	VHA1	JH2	98.969	80.000	False	True	False	True	False	False
ERR346596	ERR346596.493674	J558.50	JH3	82.653	100.000	True	False	True	False	False	False
ERR346596	ERR346596.493678	VH36-60.a2.90	JH3	40.816	100.000	True	False	True	False	False	False
ERR346596	ERR346596.493855	VHQ52.a27.79	JH1	7.292	100.000	True	False	True	False	False	False
ERR346596	ERR346596.493942	VHQ52.a27.79	JH1	34.021	100.000	True	False	True	False	False	False
ERR346596	ERR346596.494047	J558.55.149	JH2	15.464	100.000	True	False	True	False	False	False
ERR346596	ERR346596.494144	J558.19	JH2	64.583	100.000	True	False	True	False	False	False
ERR346596	ERR346596.494146	J558.8	JH3	84.694	100.000	True	False	True	False	False	False
ERR346596	ERR346596.494228	J558.64.162,J558.74.176	JH3	29.897	100.000	True	False	True	False	False	False
ERR346596	ERR346596.494249	J558.h	JH4	81.250	87.500	True	False	True	False	False	False
ERR346596	ERR346596.494281	ki4	JK4	66.667	100.000	True	False	True	False	False	False
ERR346596	ERR346596.494308	VH36-60.a1.85	JH4	41.837	93.750	True	False	True	False	False	False
ERR346596	ERR346596.494292	V11,VHS107.a3.106	JH1	44.554	100.000	True	False	True	False	False	False
ERR346596	ERR346596.494354	J558.h	JH4	83.505	92.857	True	False	True	False	False	False
ERR346596	ERR346596.494371	VHX24.a1.84	JH3	63.918	100.000	True	False	True	False	False	False
ERR346596	ERR346596.494373	VHS107.a3.106	JH1	48.515	100.000	True	False	True	False	False	False
ERR346596	ERR346596.494370	J558.64.162,J558.74.176	JH3	98.980	38.462	False	True	False	True	False	False
ERR346596	ERR346596.494412	VHQ52.a22.67	JH2	51.042	100.000	True	False	True	False	False	False
ERR346596	ERR346596.494532	VHQ52.a27.79	JH1	76.042	100.000	True	False	True	False	False	False
ERR346596	ERR346596.494632	VHQ52.a27.79,VOx-1	JH4	17.895	100.000	True	False	True	False	False	False
ERR346596	ERR346596.494783	J558.5	JH4	94.898	81.250	False	True	False	True	False	False
ERR346596	ERR346596.494701	VHX24.a1.84	JH3	81.443	100.000	True	False	True	False	False	False
ERR346596	ERR346596.494921	VHA1	JH2	98.969	80.000	False	True	False	True	False	False
ERR346596	ERR346596.494947	J558.50	JH3	83.673	100.000	True	False	True	False	False	False
ERR346596	ERR346596.494969	VHQ52.a27.79,VOx-1	JH4	8.421	100.000	True	False	True	False	False	False
ERR346596	ERR346596.495100	J558.50	JH3	84.536	100.000	True	False	True	False	False	False
ERR346596	ERR346596.495134	VHQ52.a27.79	JH1	79.167	100.000	True	False	True	False	False	False
ERR346596	ERR346596.495109	J558.20	JH3	14.433	100.000	True	False	True	False	False	False
ERR346596	ERR346596.495132	VHA1	JH2	98.980	80.000	False	True	False	True	False	False
ERR346596	ERR346596.495110	J558.h	JH4	15.625	100.000	True	False	True	False	False	False
ERR346596	ERR346596.495301	J558.39	JH3	57.292	100.000	True	False	True	False	False	False
ERR346596	ERR346596.495313	J558.54.148	JH2	42.268	93.333	True	False	True	False	False	False
ERR346596	ERR346596.495317	VHSM7.a3.93	JH3	62.887	100.000	True	False	True	False	False	False
ERR346596	ERR346596.495366	J558.2	JH3	94.845	84.615	False	True	False	True	False	False
ERR346596	ERR346596.495365	VHS107.a3.106	JH2	31.683	100.000	True	False	True	False	False	False
ERR346596	ERR346596.495381	VHSM7.a3.93	JH3	39.583	100.000	True	False	True	False	False	False
ERR346596	ERR346596.495448	VHSM7.a3.93	JH3	47.423	100.000	True	False	True	False	False	False
ERR346596	ERR346596.495506	VHQ52.a19.61	JH2	9.474	100.000	True	False	True	False	False	False
ERR346596	ERR346596.495541	VHQ52.a17.46	JH2	80.412	100.000	True	False	True	False	False	False
ERR346596	ERR346596.495607	J558.37	JH4	37.113	87.500	True	False	True	False	False	False
ERR346596	ERR346596.495642	VHQ52.a22.67	JH2	43.750	100.000	True	False	True	False	False	False
ERR346596	ERR346596.495661	VHSM7.a3.93	JH3	65.979	100.000	True	False	True	False	False	False
ERR346596	ERR346596.495784	J558.47	JH3	44.792	100.000	True	False	True	False	False	False
ERR346596	ERR346596.495753	J558.64.162,J558.74.176	JH3	49.485	100.000	True	False	True	False	False	False
ERR346596	ERR346596.495906	VHSM7.a3.93	JH2	65.979	100.000	True	False	True	False	False	False
ERR346596	ERR346596.495919	VHSM7.a3.93	JH3	63.542	100.000	True	False	True	False	False	False
ERR346596	ERR346596.495838	VHX24.a1.84	JH3	96.939	80.000	False	True	False	True	False	False
ERR346596	ERR346596.495947	J558.18	JH3	41.053	100.000	True	False	True	False	False	False
ERR346596	ERR346596.495969	J558.5	JH4	94.898	81.250	False	True	False	True	False	False
ERR346596	ERR346596.496043	VHQ52.a24.72	JH3	77.895	93.333	True	False	True	False	False	False
ERR346596	ERR346596.496442	J558.47	JH4	13.402	100.000	True	False	True	False	False	False
ERR346596	ERR346596.496698	V11,VHS107.a3.106	JH1	11.000	100.000	True	False	True	False	False	False
ERR346596	ERR346596.496867	VHQ52.a27.79	JH1	74.227	100.000	True	False	True	False	False	False
ERR346596	ERR346596.496843	J558.h	JH3	17.526	100.000	True	False	True	False	False	False
ERR346596	ERR346596.496905	Vh10.2a	JH3	16.000	100.000	True	False	True	False	False	False
ERR346596	ERR346596.496973	Q52.3.8,VHQ52.a3.8	JH3	40.625	100.000	True	False	True	False	False	False
ERR346596	ERR346596.497083	J558.70pg.171,J558.n	JH4	56.250	100.000	True	False	True	False	False	False
ERR346596	ERR346596.497107	VHQ52.a27.79	JH1	57.732	100.000	True	False	True	False	False	False
ERR346596	ERR346596.497097	VHQ52.a27.79,VOx-1	JH2	53.684	93.333	True	False	True	False	False	False
ERR346596	ERR346596.497128	J558.h	JH4	84.694	92.857	True	False	True	False	False	False
ERR346596	ERR346596.497190	J558.5	JH4	92.708	81.250	False	True	False	True	False	False
ERR346596	ERR346596.497259	J558.h	JH4	81.443	100.000	True	False	True	False	False	False
ERR346596	ERR346596.497358	VHSM7.a3.93	JH3	64.583	100.000	True	False	True	False	False	False
ERR346596	ERR346596.497351	VHQ52.a2.4	JH2	78.125	100.000	True	False	True	False	False	False
ERR346596	ERR346596.497359	J558.l	JH4	34.021	93.333	True	False	True	False	False	False
ERR346596	ERR346596.497484	J558.70pg.171,J558.n	JH4	91.753	82.353	False	True	False	True	False	False
ERR346596	ERR346596.497686	VHQ52.a27.79	JH1	59.375	100.000	True	False	True	False	False	False
ERR346596	ERR346596.497729	3:3.9,7183.7.10,VH7183.a7.10	JH2	52.083	93.333	True	False	True	False	False	False
ERR346596	ERR346596.497804	J558.12	JH3	91.837	28.571	False	True	False	True	False	False
ERR346596	ERR346596.497839	J558.54.148	JH2	19.588	100.000	True	False	True	False	False	False
ERR346596	ERR346596.497900	VHSM7.a3.93	JH3	88.660	78.571	False	True	False	True	False	False
ERR346596	ERR346596.498008	J558.h	JH4	82.474	92.857	True	False	True	False	False	False
ERR346596	ERR346596.498035	J558.50	JH3	84.694	100.000	True	False	True	False	False	False
ERR346596	ERR346596.498108	J558.55.149	JH2	50.515	30.769	True	True	True	True	False	False
ERR346596	ERR346596.498064	VH7183.a7.10	JH4	17.347	92.857	True	False	True	False	False	False
ERR346596	ERR346596.498165	J558.39	JH3	6.250	100.000	True	False	True	False	False	False
ERR346596	ERR346596.498200	J558.83.189	JH2	7.216	100.000	True	False	True	False	False	False
ERR346596	ERR346596.498240	7183.2.3,VH7183.1b,VH7183.a2.3	JH2	79.381	100.000	True	False	True	False	False	False
ERR346596	ERR346596.498301	J558.50	JH3	84.694	100.000	True	False	True	False	False	False
ERR346596	ERR346596.498345	VH7183.a4.6,VHD6.96	JH4	9.278	100.000	True	False	True	False	False	False
ERR346596	ERR346596.498353	J558.24,J558.80.186		66.667		True	False	True	False	False	False
ERR346596	ERR346596.498503	J558.37.127	JH3	32.292	100.000	True	False	True	False	False	False
ERR346596	ERR346596.498530	J558.79.184,J558.h	JH4	82.474	93.750	True	False	True	False	False	False
ERR346596	ERR346596.498587	J558.21pg.111,J558.25pg.115	JH3	88.776	60.000	False	True	False	True	False	False
ERR346596	ERR346596.498603	J558.h	JH4	82.474	87.500	True	False	True	False	False	False
ERR346596	ERR346596.498648	J558.46	JH3	20.833	100.000	True	False	True	False	False	False
ERR346596	ERR346596.498675	VH7183.a4.6,VHD6.96	JH4	41.237	92.857	True	False	True	False	False	False
ERR346596	ERR346596.498686	J558.29	JH4	52.577	100.000	True	False	True	False	False	False
ERR346596	ERR346596.498781	VHA1	JH2	98.980	80.000	False	True	False	True	False	False
ERR346596	ERR346596.498766	J558.8	JH4	29.897	100.000	True	False	True	False	False	False
ERR346596	ERR346596.498880	Q52.3.8,VHQ52.a3.8	JH4	79.381	93.750	True	False	True	False	False	False
ERR346596	ERR346596.498889	VHQ52.a27.79,VOx-1	JH2	6.316	100.000	True	False	True	False	False	False
ERR346596	ERR346596.499142	V11,VHS107.a3.106	JH2	84.158	93.333	True	False	True	False	False	False
ERR346596	ERR346596.499164	SM7.1.44,SM7.2.49,VHSM7.a3.93	JH2	80.000	100.000	True	False	True	False	False	False
ERR346596	ERR346596.499179	VHS107.a4.110	JH3	60.784	100.000	True	False	True	False	False	False
ERR346596	ERR346596.499236	VHQ52.a2.4	JH2	76.042	100.000	True	False	True	False	False	False
ERR346596	ERR346596.499283	J558.44	JH4	31.250	93.333	True	False	True	False	False	False
ERR346596	ERR346596.499323	VHQ52.a12.33	JH2	45.361	100.000	True	False	True	False	False	False
ERR346596	ERR346596.499415	VH7183.a28.48	JH3	6.122	100.000	True	False	True	False	False	False
ERR346596	ERR346596.499473	J558.21pg.111,J558.25pg.115	JH3	83.505	100.000	True	False	True	False	False	False
ERR346596	ERR346596.499585	V11,VHS107.a3.106	JH1	49.495	100.000	True	False	True	False	False	False
ERR346596	ERR346596.499629	VH36-60.a6.114	JH2	7.216	86.667	True	False	True	False	False	False
ERR346596	ERR346596.499646	J558.12.102	JH4	92.784	53.846	False	True	False	True	False	False
ERR346596	ERR346596.499773	J558.h	JH4	84.694	92.857	True	False	True	False	False	False
ERR346596	ERR346596.499818	VH50.1,VH7183.a13.20	JH2	42.857	100.000	True	False	True	False	False	False
ERR346596	ERR346596.499857	VHSM7.a3.93	JH4	56.250	92.857	True	False	True	False	False	False
ERR346596	ERR346596.499722	J558.h	JH4	84.536	100.000	True	False	True	False	False	False
ERR346596	ERR346596.499856	J558.45	JH4	44.330	100.000	True	False	True	False	False	False
ERR346596	ERR346596.499923	VHX24.a1.84	JH3	96.939	80.000	False	True	False	True	False	False
ERR346596	ERR346596.499957	SM7.1.44,SM7.2.49,VHSM7.a3.93	JH2	77.778	100.000	True	False	True	False	False	False
ERR346596	ERR346596.500023	VHQ52.a27.79,VOx-1	JH4	82.292	100.000	True	False	True	False	False	False
ERR346596	ERR346596.499992	J558.38pg.128	JH2	72.727	100.000	True	False	True	False	False	False
ERR346596	ERR346596.500005	J558.39	JH3	92.857	69.231	False	True	False	True	False	False
ERR346596	ERR346596.500044	J558.54.148	JH3	55.670	91.667	True	False	True	False	False	False
ERR346596	ERR346596.500130	VH7183.a37.59	JH4	10.526	93.333	True	False	True	False	False	False
ERR346596	ERR346596.500405	J558.h	JH4	80.612	92.857	True	False	True	False	False	False
ERR346596	ERR346596.500421	VHQ52.a17.46	JH2	54.167	91.667	True	False	True	False	False	False
ERR346596	ERR346596.500528	3:3.9,7183.7.10,VH7183.7b	JH2	98.969	80.000	False	True	False	True	False	False
ERR346596	ERR346596.500523	VHSM7.a3.93	JH2	84.536	100.000	True	False	True	False	False	False
ERR346596	ERR346596.500581	Q52.10.33,Q52.13.40,Q52.3.8	JH4	100.000	66.667	False	True	False	True	False	False
ERR346596	ERR346596.500557	VHQ52.a27.79	JH4	81.250	100.000	True	False	True	False	False	False
ERR346596	ERR346596.500598	J558.50	JH3	83.673	100.000	True	False	True	False	False	False
ERR346596	ERR346596.500708	J558.5	JH4	94.898	81.250	False	True	False	True	False	False
ERR346596	ERR346596.500722	J558.h	JH4	82.292	87.500	True	False	True	False	False	False
ERR346596	ERR346596.500877	J558.17	JH2	92.708	84.615	False	True	False	True	False	False
ERR346596	ERR346596.500999	VHQ52.a27.79,VOx-1	JH4	9.375	100.000	True	False	True	False	False	False
ERR346596	ERR346596.500990	7183.3pg.5,VH7183.a3psi.5		62.500		True	False	True	False	False	False
ERR346596	ERR346596.501022	J558.52.145,J558.61.157,J558.a	JH2	83.505	100.000	True	False	True	False	False	False
ERR346596	ERR346596.501027	VHQ52.a27.79	JH1	42.708	100.000	True	False	True	False	False	False
ERR346596	ERR346596.501133	J558.50	JH3	82.653	100.000	True	False	True	False	False	False
ERR346596	ERR346596.501189	J558.41pg.131	JH3	83.333	100.000	True	False	True	False	False	False
ERR346596	ERR346596.501254	VHQ52.a27.79	JH1	81.250	100.000	True	False	True	False	False	False
ERR346596	ERR346596.501315	VHSM7.a3.93	JH3	100.000	38.462	False	True	False	True	False	False
ERR346596	ERR346596.501388	VHSM7.a3.93	JH2	46.392	100.000	True	False	True	False	False	False
ERR346596	ERR346596.501398	J558.33	JH3	45.833	92.308	True	False	True	False	False	False
ERR346596	ERR346596.501447	VHQ52.a2.4	JH2	31.959	100.000	True	False	True	False	False	False
ERR346596	ERR346596.501474	VHS107.a3.106	JH1	11.881	100.000	True	False	True	False	False	False
ERR346596	ERR346596.501592	J558.12.102	JH4	65.909	100.000	True	False	True	False	False	False
ERR346596	ERR346596.501602	J558.83.189	JH4	93.878	83.333	False	True	False	True	False	False
ERR346596	ERR346596.501619	VHQ52.a27.79	JH1	32.292	100.000	True	False	True	False	False	False
ERR346596	ERR346596.501656	MAI1,MBK2,PWK2		66.667		True	False	True	False	False	False
ERR346596	ERR346596.501669	J558.37	JH3	6.186	100.000	True	False	True	False	False	False
ERR346596	ERR346596.501703	VHSM7.a3.93	JH3	36.842	100.000	True	False	True	False	False	False
ERR346596	ERR346596.501699	J558.70pg.171,J558.n	JH4	92.857	56.250	False	True	False	True	False	False
ERR346596	ERR346596.501788	J558.33	JH2	12.500	93.333	True	False	True	False	False	False
ERR346596	ERR346596.501776	VHS107.a3.106	JH1	17.822	100.000	True	False	True	False	False	False
ERR346596	ERR346596.501786	VHQ52.a27.79,VOx-1	JH4	8.421	100.000	True	False	True	False	False	False
ERR346596	ERR346596.501887	J558.2	JH3	62.637	71.429	True	True	True	True	False	False
ERR346596	ERR346596.501897	J558.83.189	JH2	55.208	100.000	True	False	True	False	False	False
ERR346596	ERR346596.501890	J558.83.189	JH2	60.825	100.000	True	False	True	False	False	False
ERR346596	ERR346596.501919	VHSM7.a4.108	JH1	42.268	100.000	True	False	True	False	False	False
ERR346596	ERR346596.501920	VHSM7.a3.93	JH2	8.333	100.000	True	False	True	False	False	False
ERR346596	ERR346596.501954	J558.8	JH3	82.653	100.000	True	False	True	False	False	False
ERR346596	ERR346596.501848	J558.45	JH4	41.237	100.000	True	False	True	False	False	False
ERR346596	ERR346596.501986	J558.h	JH4	82.474	92.857	True	False	True	False	False	False
ERR346596	ERR346596.502055	VHQ52.a27.79	JH1	27.083	100.000	True	False	True	False	False	False
ERR346596	ERR346596.502027	J558.17	JH2	93.684	30.769	False	True	False	True	False	False
ERR346596	ERR346596.502180	VH108A	JH3	31.959	100.000	True	False	True	False	False	False
ERR346596	ERR346596.502185	VHSM7.a3.93	JH2	42.708	100.000	True	False	True	False	False	False
ERR346596	ERR346596.502127	J558.50	JH3	82.653	100.000	True	False	True	False	False	False
ERR346596	ERR346596.502304	J558.29	JH2	6.186	100.000	True	False	True	False	False	False
ERR346596	ERR346596.502357	J558.h	JH4	83.505	92.857	True	False	True	False	False	False
ERR346596	ERR346596.502343	J558.h	JH4	59.794	92.857	True	False	True	False	False	False
ERR346596	ERR346596.502369	J558.39	JH3	72.414	100.000	True	False	True	False	False	False
ERR346596	ERR346596.502445	VH7183.a4.6,VHD6.96	JH4	10.309	92.857	True	False	True	False	False	False
ERR346596	ERR346596.502489	J558.h	JH4	84.694	92.857	True	False	True	False	False	False
ERR346596	ERR346596.502482	J558.45	JH3	96.907	38.462	False	True	False	True	False	False
ERR346596	ERR346596.502547	J558.i	JH2	53.191	100.000	True	False	True	False	False	False
ERR346596	ERR346596.502518	J558.50	JH3	82.653	100.000	True	False	True	False	False	False
ERR346596	ERR346596.502763	VHSM7.a3.93	JH2	83.333	100.000	True	False	True	False	False	False
ERR346596	ERR346596.502793	VH61-1P,VH7183.a47.76	JH4	53.125	100.000	True	False	True	False	False	False
ERR346596	ERR346596.502798	V11,VHS107.a3.106	JH1	50.000	100.000	True	False	True	False	False	False
ERR346596	ERR346596.502814	J558.50	JH3	83.505	100.000	True	False	True	False	False	False
ERR346596	ERR346596.502902	J558.h	JH4	82.653	100.000	True	False	True	False	False	False
ERR346596	ERR346596.502930	J558.h	JH4	83.673	92.857	True	False	True	False	False	False
ERR346596	ERR346596.502935	J558.h	JH4	82.653	100.000	True	False	True	False	False	False
ERR346596	ERR346596.502993	J558.48,J558.k	JH2,JH3	70.000	100.000	True	False	True	False	False	False
ERR346596	ERR346596.502970	J558.79.184,J558.h	JH4	83.505	92.857	True	False	True	False	False	False
ERR346596	ERR346596.503038	Q52.3.8,VHQ52.a3.8	JH4	63.542	93.333	True	False	True	False	False	False
ERR346596	ERR346596.503113	J558.50	JH3	84.536	100.000	True	False	True	False	False	False
ERR346596	ERR346596.503234	VHQ52.a27.79,VOx-1	JH1	78.125	100.000	True	False	True	False	False	False
ERR346596	ERR346596.503240	VHQ52.a27.79	JH2	84.536	84.615	True	True	True	True	False	False
ERR346596	ERR346596.503334	ki4		66.667		True	False	True	False	False	False
ERR346596	ERR346596.503423	J558.16.106	JH3	87.755	84.615	False	True	False	True	False	False
ERR346596	ERR346596.503445	J558.i	JH3	62.245	100.000	True	False	True	False	False	False
ERR346596	ERR346596.503530	VHQ52.a27.79	JH1	81.443	100.000	True	False	True	False	False	False
ERR346596	ERR346596.503549	J558.83.189	JH2	8.163	100.000	True	False	True	False	False	False
ERR346596	ERR346596.503661	VHQ52.a27.79	JH4	11.458	100.000	True	False	True	False	False	False
ERR346596	ERR346596.503705	J558.29	JH4	5.208	100.000	True	False	True	False	False	False
ERR346596	ERR346596.503688	J558.54.148	JH2	9.184	100.000	True	False	True	False	False	False
ERR346596	ERR346596.503777	J558.h	JH4	82.474	92.857	True	False	True	False	False	False
ERR346596	ERR346596.503850	VHQ52.a27.79	JH1	80.412	100.000	True	False	True	False	False	False
ERR346596	ERR346596.503778	VH36-60.a1.85	JH4	34.375	93.333	True	False	True	False	False	False
ERR346596	ERR346596.503782	J558.79.184	JH4	83.505	87.500	True	False	True	False	False	False
ERR346596	ERR346596.503935	J558.47	JH2	9.278	100.000	True	False	True	False	False	False
ERR346596	ERR346596.503836	Q52.10.33,Q52.13.40,Q52.3.8	JH1	100.000	60.000	False	True	False	True	False	False
ERR346596	ERR346596.503966	J558.50	JH3	83.505	100.000	True	False	True	False	False	False
ERR346596	ERR346596.503998	VHQ52.a27.79	JH1	82.292	100.000	True	False	True	False	False	False
ERR346596	ERR346596.503995	J558.18A,J558.54,J558.83.189	JH1	50.000	100.000	True	False	True	False	False	False
ERR346596	ERR346596.504118	VH36-60.a2.90	JH2	45.361	93.333	True	False	True	False	False	False
ERR346596	ERR346596.504246	J558.83.189	JH2	6.250	100.000	True	False	True	False	False	False
ERR346596	ERR346596.504241	VHSM7-13	JH2	64.286	100.000	True	False	True	False	False	False
ERR346596	ERR346596.504290	Q52.1pg.2,VHQ52.a1psi.2		62.500		True	False	True	False	False	False
ERR346596	ERR346596.504299	J558.h	JH4	84.694	100.000	True	False	True	False	False	False
ERR346596	ERR346596.504385	VH7183.a19.31	JH3	5.102	85.714	True	False	True	False	False	False
ERR346596	ERR346596.504510	VH7183.7b	JH3	48.980	100.000	True	False	True	False	False	False
ERR346596	ERR346596.504437	J558.h	JH4	83.505	92.857	True	False	True	False	False	False
ERR346596	ERR346596.504549	J558.50	JH3	82.653	100.000	True	False	True	False	False	False
ERR346596	ERR346596.504584	7183.15pg.26	JH1,JH3	75.000	100.000	True	False	True	False	False	False
ERR346596	ERR346596.504572	J558.47	JH4	51.546	93.750	True	False	True	False	False	False
ERR346596	ERR346596.504634	VH108A	JH1	4.082	100.000	True	False	True	False	False	False
ERR346596	ERR346596.504610	J558.19	JH3	74.490	100.000	True	False	True	False	False	False
ERR346596	ERR346596.504873	V11,VHS107.a3.106	JH1	96.000	64.706	False	True	False	True	False	False
ERR346596	ERR346596.504872	J558.8	JH3	84.694	100.000	True	False	True	False	False	False
ERR346596	ERR346596.504908	J558.19	JH2	100.000	78.571	False	True	False	True	False	False
ERR346596	ERR346596.504919	J558.19	JH2	95.876	63.636	False	True	False	True	False	False
ERR346596	ERR346596.504959	VHQ52.a27.79	JH2	92.708	84.615	False	True	False	True	False	False
ERR346596	ERR346596.504966	J558.19	JH2	65.306	100.000	True	False	True	False	False	False
ERR346596	ERR346596.505015	VH7183.a7.10	JH4	90.722	80.000	False	True	False	True	False	False
ERR346596	ERR346596.505027	VHQ52.a27.79	JH3	92.708	57.143	False	True	False	True	False	False
ERR346596	ERR346596.505048	J558.44	JH1	38.144	100.000	True	False	True	False	False	False
ERR346596	ERR346596.505058	J558.40	JH2	61.856	100.000	True	False	True	False	False	False
ERR346596	ERR346596.505157	J558.54.148	JH2	9.184	100.000	True	False	True	False	False	False
ERR346596	ERR346596.505289	J558.18	JH2	82.474	91.667	True	False	True	False	False	False
ERR346596	ERR346596.505275	VH36-60.a1.85	JH4	69.792	93.750	True	False	True	False	False	False
ERR346596	ERR346596.505407	V11,VHS107.a3.106	JH2	46.535	100.000	True	False	True	False	False	False
ERR346596	ERR346596.505452	VH7183.a4.6,VHD6.96	JH4	29.897	100.000	True	False	True	False	False	False
ERR346596	ERR346596.505487	J558.64.162,J558.74.176	JH3	62.500	100.000	True	False	True	False	False	False
ERR346596	ERR346596.505496	VH61-1P,VH7183.a47.76	JH1,JH3	60.000	100.000	True	False	True	False	False	False
ERR346596	ERR346596.505536	VHSM7.a3.93	JH2	84.375	100.000	True	False	True	False	False	False
ERR346596	ERR346596.505668	J558.50	JH3	84.375	100.000	True	False	True	False	False	False
ERR346596	ERR346596.505735	VHQ52.a19.61	JH2	82.105	100.000	True	False	True	False	False	False
ERR346596	ERR346596.505769	VHSM7.a3.93	JH3	67.708	100.000	True	False	True	False	False	False
ERR346596	ERR346596.505903	VH61-1P,VH7183.a47.76	JH1,JH3	53.333	100.000	True	False	True	False	False	False
ERR346596	ERR346596.505968	VHQ52.a22.67	JH2	48.454	91.667	True	False	True	False	False	False
ERR346596	ERR346596.506016	VHS107.a3.106	JH4	11.111	100.000	True	False	True	False	False	False
ERR346596	ERR346596.505956	VHQ52.a27.79	JH1	80.208	100.000	True	False	True	False	False	False
ERR346596	ERR346596.506021	J558.19	JH2	66.667	100.000	True	False	True	False	False	False
ERR346596	ERR346596.506018	VHQ52.a27.79,VOx-1	JH4	81.053	100.000	True	False	True	False	False	False
ERR346596	ERR346596.506097	J558.33	JH4	90.816	81.250	False	True	False	True	False	False
ERR346596	ERR346596.506111	V11,VHS107.a3.106	JH1	50.495	100.000	True	False	True	False	False	False
ERR346596	ERR346596.506142	VHQ52.a27.79	JH1	26.042	100.000	True	False	True	False	False	False
ERR346596	ERR346596.506154	J558.h	JH4	84.694	100.000	True	False	True	False	False	False
ERR346596	ERR346596.506296	J558.h	JH4	84.694	100.000	True	False	True	False	False	False
ERR346596	ERR346596.506380	J558.13	JH3	35.052	100.000	True	False	True	False	False	False
ERR346596	ERR346596.506484	VH7183.a7.10	JH3	7.143	100.000	True	False	True	False	False	False
ERR346596	ERR346596.506451	J558.45	JH1	40.206	100.000	True	False	True	False	False	False
ERR346596	ERR346596.506557	J558.50	JH3	83.333	100.000	True	False	True	False	False	False
ERR346596	ERR346596.506494	J558.45pg.135,SM7.1.44,SM7.2.49	JH3	77.778	100.000	True	False	True	False	False	False
ERR346596	ERR346596.506727	J558.h	JH4	82.474	92.857	True	False	True	False	False	False
ERR346596	ERR346596.506809	J558.79.184,J558.h	JH4	83.505	100.000	True	False	True	False	False	False
ERR346596	ERR346596.506952	J558.32	JH4	52.083	100.000	True	False	True	False	False	False
ERR346596	ERR346596.506990	Q52.3.8,VHQ52.a3.8	JH4	27.368	93.333	True	False	True	False	False	False
ERR346596	ERR346596.507028	J558.23	JH4	5.208	93.333	True	False	True	False	False	False
ERR346596	ERR346596.507031	V11,VHS107.a3.106	JH1	47.475	100.000	True	False	True	False	False	False
ERR346596	ERR346596.507044	J558.h	JH4	83.673	100.000	True	False	True	False	False	False
ERR346596	ERR346596.507092	VH12.a3.101		40.000		True	False	True	False	False	False
ERR346596	ERR346596.507123	J558.17	JH3	4.444	100.000	True	False	True	False	False	False
ERR346596	ERR346596.507169	J558.54.148	JH3	7.216	91.667	True	False	True	False	False	False
ERR346596	ERR346596.507267	J558.17	JH3	74.737	100.000	True	False	True	False	False	False
ERR346596	ERR346596.507266	VHSM7.a3.93	JH2	72.414	100.000	True	False	True	False	False	False
ERR346596	ERR346596.507485	VHQ52.a27.79	JH1	58.333	100.000	True	False	True	False	False	False
ERR346596	ERR346596.507525	Q52.3.8,VHQ52.a3.8	JH4	79.167	93.750	True	False	True	False	False	False
ERR346596	ERR346596.507543	J558.64.162,J558.74.176	JH3	45.833	100.000	True	False	True	False	False	False
ERR346596	ERR346596.507584	J558.f	JH2	25.000	100.000	True	False	True	False	False	False
ERR346596	ERR346596.507620	J558.h	JH4	78.947	100.000	True	False	True	False	False	False
ERR346596	ERR346596.507680	J558.37.127	JH4	28.571	100.000	True	False	True	False	False	False
ERR346596	ERR346596.507728	V1,VHS107.a1.81	JH2	81.373	75.000	True	True	True	True	False	False
ERR346596	ERR346596.507825	VH61-1P,VH7183.a47.76	JH4	10.309	93.750	True	False	True	False	False	False
ERR346596	ERR346596.508000	J558.35	JH4	30.526	100.000	True	False	True	False	False	False
ERR346596	ERR346596.508018	Q52.2.4,Q52.5.13,Q52.7.18	JH2	100.000	75.000	False	True	False	True	False	False
ERR346596	ERR346596.508080	VHQ52.a27.79,VOx-1	JH2	80.412	100.000	True	False	True	False	False	False
ERR346596	ERR346596.508115	J558.h	JH4	81.443	92.857	True	False	True	False	False	False
ERR346596	ERR346596.508181	J558.50	JH3	84.375	100.000	True	False	True	False	False	False
ERR346596	ERR346596.508231	J558.h	JH4	82.474	87.500	True	False	True	False	False	False
ERR346596	ERR346596.508314	J558.21pg.111	JH3	26.531	100.000	True	False	True	False	False	False
ERR346596	ERR346596.508381	J558.h	JH4	84.694	92.857	True	False	True	False	False	False
ERR346596	ERR346596.508430	J558.50	JH3	82.653	100.000	True	False	True	False	False	False
ERR346596	ERR346596.508432	J558.l	JH4	98.969	50.000	False	True	False	True	False	False
ERR346596	ERR346596.508468	VHQ52.a27.79,VOx-1	JH4	80.000	92.857	True	False	True	False	False	False
ERR346596	ERR346596.508462	VHSM7.a1.83	JH4	15.625	100.000	True	False	True	False	False	False
ERR346596	ERR346596.508489	VH7183.a4.6,VHD6.96	JH4	52.041	93.333	True	False	True	False	False	False
ERR346596	ERR346596.508554	VHQ52.a27.79,VOx-1	JH2	30.208	100.000	True	False	True	False	False	False
ERR346596	ERR346596.508492	VHQ52.a27.79	JH1	28.866	100.000	True	False	True	False	False	False
ERR346596	ERR346596.508579	J558.45	JH3	15.464	100.000	True	False	True	False	False	False
ERR346596	ERR346596.508538	J606.4.82		50.000		True	False	True	False	False	False
ERR346596	ERR346596.508726	J558.33	JH4	91.753	81.250	False	True	False	True	False	False
ERR346596	ERR346596.508767	J558.19	JH3	61.856	100.000	True	False	True	False	False	False
ERR346596	ERR346596.508828	J558.3.90,J558.50	JH3	50.515	100.000	True	False	True	False	False	False
ERR346596	ERR346596.508908	VHSM7.a4.108	JH3	7.292	100.000	True	False	True	False	False	False
ERR346596	ERR346596.509024	VH7183.a4.6,VHD6.96	JH4	40.206	100.000	True	False	True	False	False	False
ERR346596	ERR346596.509007	J558.50	JH3	33.673	100.000	True	False	True	False	False	False
ERR346596	ERR346596.509012	J558.h	JH2	84.536	100.000	True	False	True	False	False	False
ERR346596	ERR346596.509117	J558.83.189	JH2	75.258	100.000	True	False	True	False	False	False
ERR346596	ERR346596.509112	J558.5	JH4	92.784	81.250	False	True	False	True	False	False
ERR346596	ERR346596.509153	J558.h	JH4	84.536	100.000	True	False	True	False	False	False
ERR346596	ERR346596.509209	VH7183.a3psi.5		62.500		True	False	True	False	False	False
ERR346596	ERR346596.509224	J558.38pg.128	JH3	83.505	100.000	True	False	True	False	False	False
ERR346596	ERR346596.509365	H13-3	JH3	44.330	100.000	True	False	True	False	False	False
ERR346596	ERR346596.509306	J558.50	JH3	84.536	100.000	True	False	True	False	False	False
ERR346596	ERR346596.509566	VH108A	JH3	46.875	100.000	True	False	True	False	False	False
ERR346596	ERR346596.509621	J558.54.148	JH3	38.542	91.667	True	False	True	False	False	False
ERR346596	ERR346596.509662	J558.5	JH4	82.474	100.000	True	False	True	False	False	False
ERR346596	ERR346596.509665	VHSM7.a3.93	JH3	90.722	38.462	False	True	False	True	False	False
ERR346596	ERR346596.509898	J558.47	JH4	28.125	100.000	True	False	True	False	False	False
ERR346596	ERR346596.509936	J558.64.162,J558.74.176	JH3	56.701	100.000	True	False	True	False	False	False
ERR346596	ERR346596.509949	VH7183.a28.48	JH3	4.082	100.000	True	False	True	False	False	False
ERR346596	ERR346596.509798	J558.h	JH4	81.443	100.000	True	False	True	False	False	False
ERR346596	ERR346596.510085	VHSM7.a3.93	JH2	84.536	92.857	True	False	True	False	False	False
ERR346596	ERR346596.510124	V11,VHS107.a3.106	JH1	10.000	100.000	True	False	True	False	False	False
ERR346596	ERR346596.510177	J558.45	JH4	92.708	82.353	False	True	False	True	False	False
ERR346596	ERR346596.510203	J558.21pg.111,J558.25pg.115	JH3	45.833	100.000	True	False	True	False	False	False
ERR346596	ERR346596.510193	VHA1	JH2	97.938	80.000	False	True	False	True	False	False
ERR346596	ERR346596.510296	VH7183.a7.10	JH3	6.186	100.000	True	False	True	False	False	False
ERR346596	ERR346596.510253	J558.55.149	JH2	93.878	30.769	False	True	False	True	False	False
ERR346596	ERR346596.510446	J558.37	JH4	94.898	81.250	False	True	False	True	False	False
ERR346596	ERR346596.510454	J558.50	JH3	81.633	100.000	True	False	True	False	False	False
ERR346596	ERR346596.510556	J558.19	JH1	65.979	100.000	True	False	True	False	False	False
ERR346596	ERR346596.510555	J558.21pg.111,J558.25pg.115	JH3	83.505	100.000	True	False	True	False	False	False
ERR346596	ERR346596.510549	J558.i	JH3	92.784	83.333	False	True	False	True	False	False
ERR346596	ERR346596.510598	J558.32	JH2	53.333	100.000	True	False	True	False	False	False
ERR346596	ERR346596.510696	J558.50	JH3	82.653	100.000	True	False	True	False	False	False
ERR346596	ERR346596.510760	J558.70pg.171,J558.n	JH4	43.750	100.000	True	False	True	False	False	False
ERR346596	ERR346596.510757	VHSM7.a3.93	JH2	69.072	100.000	True	False	True	False	False	False
ERR346596	ERR346596.510818	J558.50	JH3	82.474	100.000	True	False	True	False	False	False
ERR346596	ERR346596.510982	VHQ52.a22.67	JH2	6.186	100.000	True	False	True	False	False	False
ERR346596	ERR346596.510965	J558.8	JH3	15.625	100.000	True	False	True	False	False	False
ERR346596	ERR346596.511009	J558.50	JH3	82.292	100.000	True	False	True	False	False	False
ERR346596	ERR346596.511096	J558.h	JH4	84.536	92.857	True	False	True	False	False	False
ERR346596	ERR346596.511079	J558.50	JH3	83.673	100.000	True	False	True	False	False	False
ERR346596	ERR346596.511231	Q52.1pg.2,VHQ52.a1psi.2		62.500		True	False	True	False	False	False
ERR346596	ERR346596.511255	J558.20	JH3	63.918	100.000	True	False	True	False	False	False
ERR346596	ERR346596.511209	J558.32	JH2	71.875	100.000	True	False	True	False	False	False
ERR346596	ERR346596.511299	VHX24.a1.84	JH4	9.184	100.000	True	False	True	False	False	False
ERR346596	ERR346596.511365	J558.20	JH2	7.216	100.000	True	False	True	False	False	False
ERR346596	ERR346596.511428	J558.50	JH3	82.653	100.000	True	False	True	False	False	False
ERR346596	ERR346596.511418	VHX24.a1.84	JH3	6.186	100.000	True	False	True	False	False	False
ERR346596	ERR346596.511494	J558.h	JH4	82.653	85.714	True	False	True	False	False	False
ERR346596	ERR346596.511483	J558.33	JH4	76.042	100.000	True	False	True	False	False	False
ERR346596	ERR346596.511442	VHSM7.a3.93	JH4	26.042	100.000	True	False	True	False	False	False
ERR346596	ERR346596.511623	J558.54.148	JH3	96.939	69.231	False	True	False	True	False	False
ERR346596	ERR346596.511533	J558.64.162,J558.74.176	JH1	49.485	100.000	True	False	True	False	False	False
ERR346596	ERR346596.511771	VHSM7.a3.93	JH2	26.042	92.308	True	False	True	False	False	False
ERR346596	ERR346596.511890	VHSM7.a3.93	JH3	98.969	69.231	False	True	False	True	False	False
ERR346596	ERR346596.511917	J558.50	JH3	83.505	100.000	True	False	True	False	False	False
ERR346596	ERR346596.511918	VH7183.a19.31	JH2	21.429	100.000	True	False	True	False	False	False
ERR346596	ERR346596.511911	VHQ52.a27.79,VOx-1	JH3	8.421	100.000	True	False	True	False	False	False
ERR346596	ERR346596.512045	J558.50	JH3	32.990	100.000	True	False	True	False	False	False
ERR346596	ERR346596.512093	VH61-1P,VH7183.a47.76	JH4	9.278	100.000	True	False	True	False	False	False
ERR346596	ERR346596.512299	J558.50	JH3	84.536	100.000	True	False	True	False	False	False
ERR346596	ERR346596.512328	J558.50	JH3	84.536	100.000	True	False	True	False	False	False
ERR346596	ERR346596.512398	J558.50	JH3	83.673	100.000	True	False	True	False	False	False
ERR346596	ERR346596.512481	J558.64.162,J558.74.176	JH3	40.206	100.000	True	False	True	False	False	False
ERR346596	ERR346596.512510	VH7183.a19.31	JH4	73.563	100.000	True	False	True	False	False	False
ERR346596	ERR346596.512649	VH36-60.a2.90	JH4	95.876	82.353	False	True	False	True	False	False
ERR346596	ERR346596.512725	J558.50	JH3	81.443	100.000	True	False	True	False	False	False
ERR346596	ERR346596.512726	VH7183.a19.31	JH4	36.458	100.000	True	False	True	False	False	False
ERR346596	ERR346596.512663	J558.79.184	JH4	80.208	87.500	True	False	True	False	False	False
ERR346596	ERR346596.512727	J558.17	JH3	13.684	100.000	True	False	True	False	False	False
ERR346596	ERR346596.512895	J558.29	JH4	52.577	100.000	True	False	True	False	False	False
ERR346596	ERR346596.512982	J558.29	JH4	5.155	100.000	True	False	True	False	False	False
ERR346596	ERR346596.512979	VHSM7.a3.93	JH3	86.598	73.333	False	True	False	True	False	False
ERR346596	ERR346596.513006	VHSM7.a3.93	JH4	47.917	100.000	True	False	True	False	False	False
ERR346596	ERR346596.513036	VHSM7.a3.93	JH3	9.375	100.000	True	False	True	False	False	False
ERR346596	ERR346596.513049	J558.83.189	JH2	22.449	100.000	True	False	True	False	False	False
ERR346596	ERR346596.513130	J558.45	JH1	92.784	20.000	False	True	False	True	False	False
ERR346596	ERR346596.513166	J558.45	JH3	12.371	100.000	True	False	True	False	False	False
ERR346596	ERR346596.513183	J558.h	JH4	84.694	92.857	True	False	True	False	False	False
ERR346596	ERR346596.513142	V102	JH2	84.375	86.667	True	False	True	False	False	False
ERR346596	ERR346596.513213	J558.29	JH4	77.083	100.000	True	False	True	False	False	False
ERR346596	ERR346596.513236	J558.50	JH3	84.536	100.000	True	False	True	False	False	False
ERR346596	ERR346596.513277	V11,VHS107.a3.106	JH1	50.000	100.000	True	False	True	False	False	False
ERR346596	ERR346596.513252	V11,VHS107.a3.106	JH2	49.000	100.000	True	False	True	False	False	False
ERR346596	ERR346596.513370	J558.h	JH4	82.292	87.500	True	False	True	False	False	False
ERR346596	ERR346596.513434	VHSM7.a3.93	JH4	11.340	100.000	True	False	True	False	False	False
ERR346596	ERR346596.513421	J558.19.109,J558.37.127	JH1	16.495	100.000	True	False	True	False	False	False
ERR346596	ERR346596.513499	VH7183.a28.48	JH4	81.633	100.000	True	False	True	False	False	False
ERR346596	ERR346596.513537	J558.70pg.171,J558.n	JH4	84.536	88.235	True	False	True	False	False	False
ERR346596	ERR346596.513638	VHQ52.a27.79,VOx-1	JH4	80.000	92.857	True	False	True	False	False	False
ERR346596	ERR346596.513669	J558.h	JH4	81.443	92.857	True	False	True	False	False	False
ERR346596	ERR346596.513711	J558.f	JH1	42.268	100.000	True	False	True	False	False	False
ERR346596	ERR346596.513794	J558.2	JH4	84.536	100.000	True	False	True	False	False	False
ERR346596	ERR346596.513925	VHX24.a1.84	JH4	76.042	100.000	True	False	True	False	False	False
ERR346596	ERR346596.514072	J558.55.149	JH2	94.845	30.769	False	True	False	True	False	False
ERR346596	ERR346596.514059	J606.1.79,VH22.1,VHJ606.a3.124#	JH3	84.848	100.000	True	False	True	False	False	False
ERR346596	ERR346596.514080	VH108A	JH3	48.454	100.000	True	False	True	False	False	False
ERR346596	ERR346596.514076	J558.50	JH3	82.474	100.000	True	False	True	False	False	False
ERR346596	ERR346596.514016	J558.2.88	JH2	15.464	100.000	True	False	True	False	False	False
ERR346596	ERR346596.514156	J558.39	JH3	10.309	92.308	True	False	True	False	False	False
ERR346596	ERR346596.514169	J558.h	JH4	82.474	92.857	True	False	True	False	False	False
ERR346596	ERR346596.514219	VHQ52.a2.4	JH2	78.351	100.000	True	False	True	False	False	False
ERR346596	ERR346596.514188	J558.55.149	JH2	47.959	100.000	True	False	True	False	False	False
ERR346596	ERR346596.514250	VHQ52.a24.72	JH3	5.208	93.333	True	False	True	False	False	False
ERR346596	ERR346596.514286	J558.33	JH2	84.375	93.333	True	False	True	False	False	False
ERR346596	ERR346596.514383	J558.47	JH3	8.247	100.000	True	False	True	False	False	False
ERR346596	ERR346596.514391	J558.h	JH4	83.673	92.857	True	False	True	False	False	False
ERR346596	ERR346596.514508	J558.2	JH3	41.667	91.667	True	False	True	False	False	False
ERR346596	ERR346596.514616	V11,VHS107.a3.106	JH1	50.000	100.000	True	False	True	False	False	False
ERR346596	ERR346596.514677	MAI1,MBK2,PWK2		66.667		True	False	True	False	False	False
ERR346596	ERR346596.514656	J558.23	JH4	54.082	100.000	True	False	True	False	False	False
ERR346596	ERR346596.514678	VHX24.a1.84	JH3	70.103	100.000	True	False	True	False	False	False
ERR346596	ERR346596.514608	J558.50	JH3	82.474	100.000	True	False	True	False	False	False
ERR346596	ERR346596.514791	J558.41pg.131	JH2	83.333	100.000	True	False	True	False	False	False
ERR346596	ERR346596.514818	J558.f	JH2	53.608	100.000	True	False	True	False	False	False
ERR346596	ERR346596.514950	J558.83.189	JH2	89.796	35.714	False	True	False	True	False	False
ERR346596	ERR346596.515037	J558.47	JH2	54.167	100.000	True	False	True	False	False	False
ERR346596	ERR346596.515112	J558.29	JH2	8.333	100.000	True	False	True	False	False	False
ERR346596	ERR346596.515257	J558.45	JH1	14.286	100.000	True	False	True	False	False	False
ERR346596	ERR346596.515445	J558.h	JH4	82.292	87.500	True	False	True	False	False	False
ERR346596	ERR346596.515446	VHSM7.a3.93	JH2	8.333	100.000	True	False	True	False	False	False
ERR346596	ERR346596.515430	7183.18.35,7183.9.15,PG.1.11	JH1	75.000	100.000	True	False	True	False	False	False
ERR346596	ERR346596.515395	J558.50	JH3	18.367	100.000	True	False	True	False	False	False
ERR346596	ERR346596.515610	J558.f,VH104B	JH2	80.000	100.000	True	False	True	False	False	False
ERR346596	ERR346596.515597	J558.f	JH2	71.875	100.000	True	False	True	False	False	False
ERR346596	ERR346596.515627	J558.17	JH3	5.263	100.000	True	False	True	False	False	False
ERR346596	ERR346596.515763	VHSM7.a3.93	JH2	19.588	100.000	True	False	True	False	False	False
ERR346596	ERR346596.515845	J558.21pg.111	JH3	87.629	84.615	False	True	False	True	False	False
ERR346596	ERR346596.515764	VH7183.a4.6,VHD6.96	JH4	73.469	100.000	True	False	True	False	False	False
ERR346596	ERR346596.515934	J558.5	JH4	94.898	81.250	False	True	False	True	False	False
ERR346596	ERR346596.515947	VH61-1P,VH7183.a47.76	JH4	6.186	100.000	True	False	True	False	False	False
ERR346596	ERR346596.515991	J558.5	JH4	91.837	81.250	False	True	False	True	False	False
ERR346596	ERR346596.515968	VH7183.a7.10	JH4	46.939	100.000	True	False	True	False	False	False
ERR346596	ERR346596.516044	J558.50	JH3	84.375	100.000	True	False	True	False	False	False
ERR346596	ERR346596.516033	J558.47	JH2	65.979	100.000	True	False	True	False	False	False
ERR346596	ERR346596.516177	J558.47	JH3	97.959	38.462	False	True	False	True	False	False
ERR346596	ERR346596.516508	Vh10.2a	JH4	91.919	82.353	False	True	False	True	False	False
ERR346596	ERR346596.516535	J558.2	JH3	62.500	75.000	True	True	True	True	False	False
ERR346596	ERR346596.516524	J558.50	JH3	81.443	100.000	True	False	True	False	False	False
ERR346596	ERR346596.516570	J558.17	JH3	43.158	100.000	True	False	True	False	False	False
ERR346596	ERR346596.516653	VH7183.a4.6,VHD6.96	JH3	12.245	91.667	True	False	True	False	False	False
ERR346596	ERR346596.516709	VHQ52.a22.67	JH1	5.208	100.000	True	False	True	False	False	False
ERR346596	ERR346596.516665	J558.45	JH3	38.542	60.000	True	True	True	True	False	False
ERR346596	ERR346596.516793	J558.29	JH2	97.938	30.769	False	True	False	True	False	False
ERR346596	ERR346596.516907	VHX24.a1.84	JH3	96.907	80.000	False	True	False	True	False	False
ERR346596	ERR346596.516965	J558.50	JH3	84.694	100.000	True	False	True	False	False	False
ERR346596	ERR346596.516977	J558.15	JH3	42.708	100.000	True	False	True	False	False	False
ERR346596	ERR346596.516970	J558.64.162,J558.74.176	JH3	17.526	100.000	True	False	True	False	False	False
ERR346596	ERR346596.517002	J558.h	JH4	83.505	93.750	True	False	True	False	False	False
ERR346596	ERR346596.516968	J558.21pg.111,J558.25pg.115	JH3	82.474	100.000	True	False	True	False	False	False
ERR346596	ERR346596.517079	J558.f	JH1	93.814	46.667	False	True	False	True	False	False
ERR346596	ERR346596.517088	VH36-60.a1.85	JH3	11.458	100.000	True	False	True	False	False	False
ERR346596	ERR346596.517135	VH7183.a30.50	JH2	94.898	80.000	False	True	False	True	False	False
ERR346596	ERR346596.517106	VH7183.a7.10	JH3	22.680	92.308	True	False	True	False	False	False
ERR346596	ERR346596.517122	V11,VHS107.a3.106	JH2	46.535	100.000	True	False	True	False	False	False
ERR346596	ERR346596.517182	V11,VHS107.a3.106	JH2	90.099	70.000	False	True	False	True	False	False
ERR346596	ERR346596.517254	J558.19	JH2	95.918	83.333	False	True	False	True	False	False
ERR346596	ERR346596.517512	J558.k	JH4	73.958	43.750	True	True	True	True	False	False
ERR346596	ERR346596.517619	VHSM7.a3.93	JH1	14.433	100.000	True	False	True	False	False	False
ERR346596	ERR346596.517641	VHA1	JH2	96.907	80.000	False	True	False	True	False	False
ERR346596	ERR346596.517656	J558.h	JH4	83.333	93.750	True	False	True	False	False	False
ERR346596	ERR346596.517693	J558.h	JH4	84.694	100.000	True	False	True	False	False	False
ERR346596	ERR346596.517681	J558.45	JH4	60.417	100.000	True	False	True	False	False	False
ERR346596	ERR346596.517686	J558.79.184	JH4	82.474	87.500	True	False	True	False	False	False
ERR346596	ERR346596.517842	J558.h	JH4	84.694	92.857	True	False	True	False	False	False
ERR346596	ERR346596.517729	MAI1,MBK2,PWK2		66.667		True	False	True	False	False	False
ERR346596	ERR346596.517878	J558.h	JH4	84.375	93.750	True	False	True	False	False	False
ERR346596	ERR346596.517885	VHQ52.a27.79	JH1	32.990	100.000	True	False	True	False	False	False
ERR346596	ERR346596.517829	VH7183.a4.6,VHD6.96	JH4	7.292	92.857	True	False	True	False	False	False
ERR346596	ERR346596.518016	VH36-60.a2.90	JH3	92.784	73.333	False	True	False	True	False	False
ERR346596	ERR346596.517998	V11,VHS107.a3.106	JH1	52.000	100.000	True	False	True	False	False	False
ERR346596	ERR346596.518097	VH7183.a19.31	JH4	14.433	100.000	True	False	True	False	False	False
ERR346596	ERR346596.518191	J558.5	JH4	93.814	81.250	False	True	False	True	False	False
ERR346596	ERR346596.518140	J558.15	JH3	61.856	100.000	True	False	True	False	False	False
ERR346596	ERR346596.518250	J558.h	JH4	84.536	93.750	True	False	True	False	False	False
ERR346596	ERR346596.518425	J558.h	JH4	83.505	92.857	True	False	True	False	False	False
ERR346596	ERR346596.518444	J558.4	JH4	96.939	40.000	False	True	False	True	False	False
ERR346596	ERR346596.518539	J558.45	JH3	9.278	92.308	True	False	True	False	False	False
ERR346596	ERR346596.518618	VH7183.a4.6,VHD6.96	JH4	15.464	92.857	True	False	True	False	False	False
ERR346596	ERR346596.518632	VH124	JH4	89.796	40.000	False	True	False	True	False	False
ERR346596	ERR346596.518681	J558.83.189	JH2	96.939	63.636	False	True	False	True	False	False
ERR346596	ERR346596.518692	VH7183.a4.6,VHD6.96	JH4	9.184	93.333	True	False	True	False	False	False
ERR346596	ERR346596.518844	J558.50	JH3	83.673	100.000	True	False	True	False	False	False
ERR346596	ERR346596.518902	J558.19.109,J558.37.127	JH3	14.433	100.000	True	False	True	False	False	False
ERR346596	ERR346596.518912	7183.3pg.5,VH7183.a3psi.5		62.500		True	False	True	False	False	False
ERR346596	ERR346596.519021	VHQ52.a27.79	JH2	92.708	84.615	False	True	False	True	False	False
ERR346596	ERR346596.519083	J558.5	JH4	94.898	81.250	False	True	False	True	False	False
ERR346596	ERR346596.519080	J558.39	JH3	84.043	92.308	True	False	True	False	False	False
ERR346596	ERR346596.519137	VH36-60.a2.90	JH4	25.773	93.333	True	False	True	False	False	False
ERR346596	ERR346596.519163	VHSM7.a3.93	JH2	84.536	100.000	True	False	True	False	False	False
ERR346596	ERR346596.519197	J558.70pg.171,J558.n	JH4	90.722	82.353	False	True	False	True	False	False
ERR346596	ERR346596.519296	J558.3	JH3	52.083	91.667	True	False	True	False	False	False
ERR346596	ERR346596.519276	J558.34.124	JH1	22.917	93.750	True	False	True	False	False	False
ERR346596	ERR346596.519504	J606.4.82	JH3	95.000	42.857	False	True	False	True	False	False
ERR346596	ERR346596.519525	J558.17	JH3	42.708	100.000	True	False	True	False	False	False
ERR346596	ERR346596.519579	J558.h	JH2	84.536	100.000	True	False	True	False	False	False
ERR346596	ERR346596.519808	J558.50	JH3	84.536	100.000	True	False	True	False	False	False
ERR346596	ERR346596.519677	J558.70pg.171,J558.n	JH3	84.536	92.857	True	False	True	False	False	False
ERR346596	ERR346596.519856	J558.48,J558.k	JH2,JH3	70.000	100.000	True	False	True	False	False	False
ERR346596	ERR346596.520068	J558.10pg.100	JH4	57.143	100.000	True	False	True	False	False	False
ERR346596	ERR346596.520071	J558.79.184,J558.h	JH4	84.694	100.000	True	False	True	False	False	False
ERR346596	ERR346596.520074	J558.12	JH2	83.505	100.000	True	False	True	False	False	False
ERR346596	ERR346596.520125	V11,VHS107.a3.106	JH1	49.505	100.000	True	False	True	False	False	False
ERR346596	ERR346596.520176	J558.2	JH3	84.536	92.857	True	False	True	False	False	False
ERR346596	ERR346596.520209	V11,VHS107.a3.106	JH1	47.000	100.000	True	False	True	False	False	False
ERR346596	ERR346596.520214	J558.11	JH1	56.842	100.000	True	False	True	False	False	False
ERR346596	ERR346596.520313	VH7183.a7.10	JH4	71.429	100.000	True	False	True	False	False	False
ERR346596	ERR346596.520446	J558.19	JH2	68.041	100.000	True	False	True	False	False	False
ERR346596	ERR346596.520511	J558.5	JH4	94.845	81.250	False	True	False	True	False	False
ERR346596	ERR346596.520513	J558.50	JH3	84.536	100.000	True	False	True	False	False	False
ERR346596	ERR346596.520827	V11,VHS107.a3.106	JH2	50.495	100.000	True	False	True	False	False	False
ERR346596	ERR346596.520921	J558.53.146,V23	JH1,JH2,JH3	80.000	100.000	True	False	True	False	False	False
ERR346596	ERR346596.520857	J558.54.148	JH2	22.449	93.333	True	False	True	False	False	False
ERR346596	ERR346596.520982	VH36-60.a1.85	JH4	50.515	93.333	True	False	True	False	False	False
ERR346596	ERR346596.520963	J558.70pg.171,J558.n	JH4	13.542	93.750	True	False	True	False	False	False
ERR346596	ERR346596.521020	J558.h	JH4	84.536	93.750	True	False	True	False	False	False
ERR346596	ERR346596.521076	MAI1,MBK2,PWK2		66.667		True	False	True	False	False	False
ERR346596	ERR346596.521085	7183.2.3,7183.20.37,7183.8pg.14	JH2,JH3	70.000	100.000	True	False	True	False	False	False
ERR346596	ERR346596.521184	J558.83.189	JH4	15.625	100.000	True	False	True	False	False	False
ERR346596	ERR346596.521154	J558.45	JH3	13.402	100.000	True	False	True	False	False	False
ERR346596	ERR346596.521235	J558.46	JH4	7.216	93.750	True	False	True	False	False	False
ERR346596	ERR346596.521227	V11,VHS107.a3.106	JH2	48.485	92.857	True	False	True	False	False	False
ERR346596	ERR346596.521206	Q52.1pg.2,VHQ52.a1psi.2		62.500		True	False	True	False	False	False
ERR346596	ERR346596.521333	J558.h	JH4	84.536	92.857	True	False	True	False	False	False
ERR346596	ERR346596.521338	J558.33	JH4	92.784	81.250	False	True	False	True	False	False
ERR346596	ERR346596.521410	VH36-60.a2.90	JH1	10.309	100.000	True	False	True	False	False	False
ERR346596	ERR346596.521446	VHSM7.a3.93	JH4	55.208	92.857	True	False	True	False	False	False
ERR346596	ERR346596.521471	J558.h	JH2	84.536	100.000	True	False	True	False	False	False
ERR346596	ERR346596.521512	VH7183.a7.10	JH4	9.184	92.308	True	False	True	False	False	False
ERR346596	ERR346596.521442	Q52.1pg.2,VHQ52.a1psi.2		62.500		True	False	True	False	False	False
ERR346596	ERR346596.521515	VHQ52.a27.79,VOx-1	JH4	57.895	100.000	True	False	True	False	False	False
ERR346596	ERR346596.521499	VH7183.a7.10	JH4	10.204	92.857	True	False	True	False	False	False
ERR346596	ERR346596.521574	VHSM7.a3.93	JH3	68.041	100.000	True	False	True	False	False	False
ERR346596	ERR346596.521557	Q52.3.8,VHQ52.a3.8		50.000		True	False	True	False	False	False
ERR346596	ERR346596.521683	VHSM7.a3.93	JH3	57.292	100.000	True	False	True	False	False	False
ERR346596	ERR346596.521681	J558.20	JH2	77.320	93.333	True	False	True	False	False	False
ERR346596	ERR346596.521724	J558.29	JH4	66.667	100.000	True	False	True	False	False	False
ERR346596	ERR346596.521928	J558.29	JH4	28.125	100.000	True	False	True	False	False	False
ERR346596	ERR346596.521942	J558.19	JH2	7.216	100.000	True	False	True	False	False	False
ERR346596	ERR346596.522001	J558.64.162,J558.74.176	JH3	38.144	100.000	True	False	True	False	False	False
ERR346596	ERR346596.522140	J558.i	JH3	31.959	100.000	True	False	True	False	False	False
ERR346596	ERR346596.522131	J558.21pg.111,J558.25pg.115	JH3	83.505	100.000	True	False	True	False	False	False
ERR346596	ERR346596.522259	VHSM7.a3.93	JH2	84.375	100.000	True	False	True	False	False	False
ERR346596	ERR346596.522342	VHQ52.a12.33	JH3	80.412	100.000	True	False	True	False	False	False
ERR346596	ERR346596.522263	J558.h	JH4	82.979	93.750	True	False	True	False	False	False
ERR346596	ERR346596.522351	Q52.1pg.2,VHQ52.a1psi.2		62.500		True	False	True	False	False	False
ERR346596	ERR346596.522513	VHX24.a1.84	JH3	52.577	100.000	True	False	True	False	False	False
ERR346596	ERR346596.522609	3:3.9,7183.7.10,VH7183.a7.10	JH2	76.289	93.333	True	False	True	False	False	False
ERR346596	ERR346596.522570	J558.23	JH1	53.333	100.000	True	False	True	False	False	False
ERR346596	ERR346596.522702	VH7183.9,VH7183.a15.24	JH4	6.186	92.857	True	False	True	False	False	False
ERR346596	ERR346596.522750	J558.50	JH3	84.536	100.000	True	False	True	False	False	False
ERR346596	ERR346596.522828	J558.70pg.171,J558.n	JH4	7.368	100.000	True	False	True	False	False	False
ERR346596	ERR346596.522822	SM7.1.44,SM7.2.49,VHSM7.a3.93	JH2	77.778	100.000	True	False	True	False	False	False
ERR346596	ERR346596.522876	J558.18A,J558.54,J558.83.189	JH1	50.000	100.000	True	False	True	False	False	False
ERR346596	ERR346596.522904	J558.50	JH3	84.375	100.000	True	False	True	False	False	False
ERR346596	ERR346596.523031	J558.45	JH3	36.458	100.000	True	False	True	False	False	False
ERR346596	ERR346596.523133	VH36-60.a2.90	JH3	41.667	100.000	True	False	True	False	False	False
ERR346596	ERR346596.523146	J558.h	JH4	82.474	92.857	True	False	True	False	False	False
ERR346596	ERR346596.523159	MAI1,MBK2,PWK2		66.667		True	False	True	False	False	False
ERR346596	ERR346596.523226	J558.17	JH2	53.125	84.615	True	True	True	True	False	False
ERR346596	ERR346596.523470	J558.h	JH4	83.505	92.857	True	False	True	False	False	False
ERR346596	ERR346596.523522	J558.17	JH3	55.789	100.000	True	False	True	False	False	False
ERR346596	ERR346596.523528	VHS107.a3.106	JH2	48.515	100.000	True	False	True	False	False	False
ERR346596	ERR346596.523443	J558.70pg.171,J558.n	JH3	84.375	92.857	True	False	True	False	False	False
ERR346596	ERR346596.523640	J558.5	JH4	94.845	81.250	False	True	False	True	False	False
ERR346596	ERR346596.523686	J558.h	JH4	84.375	93.750	True	False	True	False	False	False
ERR346596	ERR346596.523688	VHQ52.a27.79,VOx-1	JH4	8.421	100.000	True	False	True	False	False	False
ERR346596	ERR346596.523685	VHSM7.a3.93	JH2	31.959	100.000	True	False	True	False	False	False
ERR346596	ERR346596.523743	J558.21pg.111,J558.25pg.115	JH3	83.505	100.000	True	False	True	False	False	False
ERR346596	ERR346596.523754	J558.8	JH3	84.694	100.000	True	False	True	False	False	False
ERR346596	ERR346596.523767	J558.50	JH3	83.673	100.000	True	False	True	False	False	False
ERR346596	ERR346596.523813	SM7.1.44,SM7.2.49,VHSM7.a3.93	JH2	77.778	100.000	True	False	True	False	False	False
ERR346596	ERR346596.523885	J558.61.157,V3	JH2	46.392	93.333	True	False	True	False	False	False
ERR346596	ERR346596.523960	J558.64.162,J558.74.176	JH3	42.268	100.000	True	False	True	False	False	False
ERR346596	ERR346596.523997	J558.h	JH2	22.917	93.333	True	False	True	False	False	False
ERR346596	ERR346596.524069	J558.18	JH4	16.495	100.000	True	False	True	False	False	False
ERR346596	ERR346596.524122	VH36-60.a2.90	JH3	41.837	100.000	True	False	True	False	False	False
ERR346596	ERR346596.524167	J558.5	JH4	93.878	81.250	False	True	False	True	False	False
ERR346596	ERR346596.524192	J558.83.189	JH2	78.571	100.000	True	False	True	False	False	False
ERR346596	ERR346596.524269	VH7183.a4.6,VHD6.96	JH4	82.105	93.333	True	False	True	False	False	False
ERR346596	ERR346596.524358	J558.19	JH2	5.319	100.000	True	False	True	False	False	False
ERR346596	ERR346596.524563	VH124	JH4	89.796	80.000	False	True	False	True	False	False
ERR346596	ERR346596.524550	J558.17	JH3	65.625	100.000	True	False	True	False	False	False
ERR346596	ERR346596.524591	VHSM7.a1.83	JH4	100.000	68.750	False	True	False	True	False	False
ERR346596	ERR346596.524635	SM7.1.44,SM7.2.49,VHSM7.a3.93	JH2	77.778	100.000	True	False	True	False	False	False
ERR346596	ERR346596.524647	J558.h	JH4	80.412	100.000	True	False	True	False	False	False
ERR346596	ERR346596.524782	J606.4.82		50.000		True	False	True	False	False	False
ERR346596	ERR346596.524967	VHQ52.a27.79,VOx-1	JH2	58.333	100.000	True	False	True	False	False	False
ERR346596	ERR346596.525038	J558.17	JH2	61.458	92.308	True	False	True	False	False	False
ERR346596	ERR346596.525076	V11,VHS107.a3.106	JH1	35.000	100.000	True	False	True	False	False	False
ERR346596	ERR346596.525056	J558.20	JH2	40.206	100.000	True	False	True	False	False	False
ERR346596	ERR346596.525120	gu33		66.667		True	False	True	False	False	False
ERR346596	ERR346596.525189	J558.35	JH4	15.625	100.000	True	False	True	False	False	False
ERR346596	ERR346596.525335	VHA1	JH2	98.969	80.000	False	True	False	True	False	False
ERR346596	ERR346596.525321	VHQ52.a27.79	JH1	81.250	100.000	True	False	True	False	False	False
ERR346596	ERR346596.525504	J558.37.127	JH3	5.155	100.000	True	False	True	False	False	False
ERR346596	ERR346596.525510	J558.19	JH2	83.505	100.000	True	False	True	False	False	False
ERR346596	ERR346596.525602	VH7183.a4.6,VHD6.96	JH3	41.837	100.000	True	False	True	False	False	False
ERR346596	ERR346596.525541	VHS107.a3.106	JH4	97.030	82.353	False	True	False	True	False	False
ERR346596	ERR346596.525661	VH7183.a19.31	JH4	29.592	100.000	True	False	True	False	False	False
ERR346596	ERR346596.525559	J558.50	JH3	83.505	100.000	True	False	True	False	False	False
ERR346596	ERR346596.525623	J558.h	JH4	83.505	100.000	True	False	True	False	False	False
ERR346596	ERR346596.525724	VHSM7.a3.93	JH3	37.113	100.000	True	False	True	False	False	False
ERR346596	ERR346596.525811	J558.79.184,J558.h	JH4	84.694	100.000	True	False	True	False	False	False
ERR346596	ERR346596.525852	V11,VHS107.a3.106	JH2	84.000	50.000	True	True	True	True	False	False
ERR346596	ERR346596.525971	J558.29	JH2	24.742	100.000	True	False	True	False	False	False
ERR346596	ERR346596.525979	J558.18A,J558.54,J558.83.189		50.000		True	False	True	False	False	False
ERR346596	ERR346596.525880	J558.8	JH3	24.742	100.000	True	False	True	False	False	False
ERR346596	ERR346596.526001	J558.54.148	JH3	39.175	91.667	True	False	True	False	False	False
ERR346596	ERR346596.526039	VHQ52.a27.79	JH1	81.250	100.000	True	False	True	False	False	False
ERR346596	ERR346596.526026	VHSM7.a3.93	JH3	88.660	78.571	False	True	False	True	False	False
ERR346596	ERR346596.526096	VH124	JH4	89.691	20.000	False	True	False	True	False	False
ERR346596	ERR346596.526135	VH7183.a4.6,VHD6.96	JH4	7.143	93.333	True	False	True	False	False	False
ERR346596	ERR346596.526102	J558.35	JH4	38.542	100.000	True	False	True	False	False	False
ERR346596	ERR346596.526172	J558.45	JH1	73.626	100.000	True	False	True	False	False	False
ERR346596	ERR346596.526201	J558.h	JH4	83.505	100.000	True	False	True	False	False	False
ERR346596	ERR346596.526208	VH7183.a19.31	JH1	40.816	100.000	True	False	True	False	False	False
ERR346596	ERR346596.526230	VHQ52.a27.79,VOx-1	JH4	78.947	100.000	True	False	True	False	False	False
ERR346596	ERR346596.526273	J558.47	JH2	60.825	91.667	True	False	True	False	False	False
ERR346596	ERR346596.526249	J558.41pg.131	JH1	83.333	100.000	True	False	True	False	False	False
ERR346596	ERR346596.526381	J558.4	JH2	76.289	100.000	True	False	True	False	False	False
ERR346596	ERR346596.526369	VHS107.a3.106	JH1	5.941	100.000	True	False	True	False	False	False
ERR346596	ERR346596.526551	VHSM7.a3.93	JH3	19.792	100.000	True	False	True	False	False	False
ERR346596	ERR346596.526668	J558.5	JH4	92.857	81.250	False	True	False	True	False	False
ERR346596	ERR346596.526669	J558.50	JH3	83.505	100.000	True	False	True	False	False	False
ERR346596	ERR346596.526696	J558.44	JH2	27.835	100.000	True	False	True	False	False	False
ERR346596	ERR346596.526678	J558.14pg.104		71.429		True	False	True	False	False	False
ERR346596	ERR346596.526825	VHSM7.a3.93	JH3	62.500	100.000	True	False	True	False	False	False
ERR346596	ERR346596.526830	J558.h	JH4	8.247	93.750	True	False	True	False	False	False
ERR346596	ERR346596.527108	VHQ52.a27.79	JH1	81.250	100.000	True	False	True	False	False	False
ERR346596	ERR346596.527115	J558.33	JH2	11.458	100.000	True	False	True	False	False	False
ERR346596	ERR346596.527166	Q52.7.18,VHQ52.a7.18	JH4	42.708	100.000	True	False	True	False	False	False
ERR346596	ERR346596.527246	J558.45	JH4	37.113	100.000	True	False	True	False	False	False
ERR346596	ERR346596.527396	V11,VHS107.a3.106	JH1	24.242	100.000	True	False	True	False	False	False
ERR346596	ERR346596.527399	J558.h	JH4	84.694	92.857	True	False	True	False	False	False
ERR346596	ERR346596.527536	J558.h	JH4	84.694	92.857	True	False	True	False	False	False
ERR346596	ERR346596.527674	J558.8	JH3	84.694	100.000	True	False	True	False	False	False
ERR346596	ERR346596.527698	VHSM7.a3.93	JH3	100.000	38.462	False	True	False	True	False	False
ERR346596	ERR346596.527731	J558.54.148	JH3	92.784	83.333	False	True	False	True	False	False
ERR346596	ERR346596.527797	J558.39	JH3	48.454	92.308	True	False	True	False	False	False
ERR346596	ERR346596.527833	VHSM7.a1.83	JH4	12.371	100.000	True	False	True	False	False	False
ERR346596	ERR346596.527899	J558.5	JH4	93.814	81.250	False	True	False	True	False	False
ERR346596	ERR346596.527910	VH36-60.a1.85	JH2	18.557	100.000	True	False	True	False	False	False
ERR346596	ERR346596.527939	J558.h	JH4	84.694	100.000	True	False	True	False	False	False
ERR346596	ERR346596.527990	VHX24.a1.84	JH3	93.878	80.000	False	True	False	True	False	False
ERR346596	ERR346596.528020	VHQ52.a27.79	JH1	80.412	100.000	True	False	True	False	False	False
ERR346596	ERR346596.528164	J558.h	JH4	84.270	93.750	True	False	True	False	False	False
ERR346596	ERR346596.528210	VHSM7.a3.93	JH3	37.113	100.000	True	False	True	False	False	False
ERR346596	ERR346596.528276	J558.17	JH2	47.368	100.000	True	False	True	False	False	False
ERR346596	ERR346596.528300	VHSM7.a3.93	JH2	64.948	100.000	True	False	True	False	False	False
ERR346596	ERR346596.528399	V11,VHS107.a3.106	JH1	7.000	100.000	True	False	True	False	False	False
ERR346596	ERR346596.528419	VHX24.a1.84	JH3	52.577	100.000	True	False	True	False	False	False
ERR346596	ERR346596.528472	J558.45	JH4	9.278	100.000	True	False	True	False	False	False
ERR346596	ERR346596.528460	V11,VHS107.a3.106	JH1	80.808	100.000	True	False	True	False	False	False
ERR346596	ERR346596.528633	V11,VHS107.a3.106	JH2	51.000	100.000	True	False	True	False	False	False
ERR346596	ERR346596.528644	J558.20	JH1	46.939	93.333	True	False	True	False	False	False
ERR346596	ERR346596.528663	VH36-60.a1.85	JH2	42.268	92.857	True	False	True	False	False	False
ERR346596	ERR346596.528619	VH7183.a4.6,VHD6.96	JH4	30.612	100.000	True	False	True	False	False	False
ERR346596	ERR346596.528758	J558.5	JH4	94.565	81.250	False	True	False	True	False	False
ERR346596	ERR346596.528742	VH7183.a4.6,VHD6.96	JH4	28.571	100.000	True	False	True	False	False	False
ERR346596	ERR346596.528815	J558.50	JH3	84.536	100.000	True	False	True	False	False	False
ERR346596	ERR346596.528804	VHSM7.a3.93	JH2	84.536	100.000	True	False	True	False	False	False
ERR346596	ERR346596.528865	J558.12	JH3	100.000	42.857	False	True	False	True	False	False
ERR346596	ERR346596.528951	J558.70pg.171,J558.n	JH4	17.708	100.000	True	False	True	False	False	False
ERR346596	ERR346596.528954	VHQ52.a2.4	JH2	77.320	100.000	True	False	True	False	False	False
ERR346596	ERR346596.529071	V11,VHS107.a3.106	JH1	10.000	100.000	True	False	True	False	False	False
ERR346596	ERR346596.529072	VHSM7.a4.108	JH2	60.000	100.000	True	False	True	False	False	False
ERR346596	ERR346596.529060	VH7183.9,VH7183.a15.24	JH4	10.309	100.000	True	False	True	False	False	False
ERR346596	ERR346596.529111	J558.45	JH4	15.464	100.000	True	False	True	False	False	False
ERR346596	ERR346596.529140	VH7183.7b	JH4	10.101	100.000	True	False	True	False	False	False
ERR346596	ERR346596.529410	VHQ52.a27.79	JH2	26.804	92.857	True	False	True	False	False	False
ERR346596	ERR346596.529517	J558.83.189	JH2	42.268	100.000	True	False	True	False	False	False
ERR346596	ERR346596.529532	J558.83.189	JH2	46.875	100.000	True	False	True	False	False	False
ERR346596	ERR346596.529512	J558.83.189	JH2	93.684	69.231	False	True	False	True	False	False
ERR346596	ERR346596.529576	J558.50	JH3	83.673	100.000	True	False	True	False	False	False
ERR346596	ERR346596.529708	J558.34.124	JH1	90.722	70.588	False	True	False	True	False	False
ERR346596	ERR346596.529766	VHQ52.a27.79,VOx-1	JH4	54.167	100.000	True	False	True	False	False	False
ERR346596	ERR346596.529879	VHSM7.a3.93	JH2	84.536	100.000	True	False	True	False	False	False
ERR346596	ERR346596.530015	J558.55.149	JH2	38.776	92.857	True	False	True	False	False	False
ERR346596	ERR346596.530078	J558.50	JH3	84.536	100.000	True	False	True	False	False	False
ERR346596	ERR346596.529971	J558.2.88	JH4	15.464	93.333	True	False	True	False	False	False
ERR346596	ERR346596.530163	VHSM7.a3.93	JH2	89.691	84.615	False	True	False	True	False	False
ERR346596	ERR346596.530204	J558.21pg.111,J558.25pg.115	JH3	83.505	100.000	True	False	True	False	False	False
ERR346596	ERR346596.530325	S107.2pg.43	JH4	77.778	100.000	True	False	True	False	False	False
ERR346596	ERR346596.530331	VHQ52.a27.79	JH2	32.292	100.000	True	False	True	False	False	False
ERR346596	ERR346596.530447	J558.h	JH4	84.536	92.857	True	False	True	False	False	False
ERR346596	ERR346596.530448	J558.50	JH3	83.505	100.000	True	False	True	False	False	False
ERR346596	ERR346596.530706	VHQ52.a27.79,VOx-1	JH4	7.368	100.000	True	False	True	False	False	False
ERR346596	ERR346596.530745	J558.2	JH4	96.907	84.615	False	True	False	True	False	False
ERR346596	ERR346596.530780	J558.5	JH4	5.208	88.235	True	False	True	False	False	False
ERR346596	ERR346596.530833	VHX24.a1.84	JH3	79.381	100.000	True	False	True	False	False	False
ERR346596	ERR346596.530831	J558.50	JH3	81.443	100.000	True	False	True	False	False	False
ERR346596	ERR346596.530878	VHSM7.a3.93	JH3	71.134	100.000	True	False	True	False	False	False
ERR346596	ERR346596.530939	VH7183.9,VH7183.a15.24	JH3	9.184	92.308	True	False	True	False	False	False
ERR346596	ERR346596.530963	J558.45	JH3	11.458	100.000	True	False	True	False	False	False
ERR346596	ERR346596.531083	J558.13,J558.54.148	JH4	34.375	100.000	True	False	True	False	False	False
ERR346596	ERR346596.531037	VHA1	JH2	98.980	80.000	False	True	False	True	False	False
ERR346596	ERR346596.531270	VH7183.7b	JH4	81.633	92.308	True	False	True	False	False	False
ERR346596	ERR346596.531241	VHQ52.a27.79	JH1	58.333	100.000	True	False	True	False	False	False
ERR346596	ERR346596.531258	VHQ52.a27.79	JH1	61.458	100.000	True	False	True	False	False	False
ERR346596	ERR346596.531365	J558.54.148	JH2	60.825	93.333	True	False	True	False	False	False
ERR346596	ERR346596.531553	J558.50	JH3	82.653	92.857	True	False	True	False	False	False
ERR346596	ERR346596.531616	J558.20	JH3	4.167	100.000	True	False	True	False	False	False
ERR346596	ERR346596.531633	J558.12	JH1	62.887	100.000	True	False	True	False	False	False
ERR346596	ERR346596.531663	SM7.1.44,SM7.2.49,VHSM7.a3.93	JH2	77.778	100.000	True	False	True	False	False	False
ERR346596	ERR346596.531742	V11,VHS107.a3.106	JH1	95.050	81.250	False	True	False	True	False	False
ERR346596	ERR346596.531917	VHSM7.a3.93	JH3	9.375	100.000	True	False	True	False	False	False
ERR346596	ERR346596.531977	VHSM7.a4.108	JH2	8.333	100.000	True	False	True	False	False	False
ERR346596	ERR346596.532001	VH7183.a4.6,VHD6.96	JH4	8.247	100.000	True	False	True	False	False	False
ERR346596	ERR346596.532038	VHSM7.a3.93	JH2	83.505	100.000	True	False	True	False	False	False
ERR346596	ERR346596.532083	J558.h	JH4	39.583	92.857	True	False	True	False	False	False
ERR346596	ERR346596.532170	VHQ52.a27.79	JH1	8.333	100.000	True	False	True	False	False	False
ERR346596	ERR346596.532169	VHQ52.a27.79	JH1	81.250	100.000	True	False	True	False	False	False
ERR346596	ERR346596.532211	J558.20	JH1	6.186	93.333	True	False	True	False	False	False
ERR346596	ERR346596.532407	J558.38pg.128	JH2	70.000	100.000	True	False	True	False	False	False
ERR346596	ERR346596.532419	VHA1	JH2	39.583	86.667	True	False	True	False	False	False
ERR346596	ERR346596.532418	VHSM7.a3.93	JH2	84.375	100.000	True	False	True	False	False	False
ERR346596	ERR346596.532567	J558.61.157,V3	JH2	7.216	100.000	True	False	True	False	False	False
ERR346596	ERR346596.532591	J606.4.82	JH2	30.303	92.308	True	False	True	False	False	False
ERR346596	ERR346596.532622	J558.50	JH3	82.474	100.000	True	False	True	False	False	False
ERR346596	ERR346596.532683	VHQ52.a27.79	JH1	81.250	100.000	True	False	True	False	False	False
ERR346596	ERR346596.532684	J558.13,J558.54.148	JH3	26.316	100.000	True	False	True	False	False	False
ERR346596	ERR346596.532813	J558.39	JH3	46.875	100.000	True	False	True	False	False	False
ERR346596	ERR346596.532819	J558.64.162,J558.74.176	JH1	10.309	100.000	True	False	True	False	False	False
ERR346596	ERR346596.532823	VH50.1,VH7183.a13.20	JH2	26.531	100.000	True	False	True	False	False	False
ERR346596	ERR346596.532868	VHS107.a3.106	JH1	16.832	100.000	True	False	True	False	False	False
ERR346596	ERR346596.532940	J558.38pg.128	JH2	70.000	100.000	True	False	True	False	False	False
ERR346596	ERR346596.532973	VHQ52.a23.68	JH2	76.923	100.000	True	False	True	False	False	False
ERR346596	ERR346596.533024	J558.h	JH4	82.474	92.857	True	False	True	False	False	False
ERR346596	ERR346596.533026	VH7183.7b	JH4	84.694	100.000	True	False	True	False	False	False
ERR346596	ERR346596.533116	J558.54.148	JH3	95.876	83.333	False	True	False	True	False	False
ERR346596	ERR346596.533203	VHX24.a1.84	JH3	70.103	100.000	True	False	True	False	False	False
ERR346596	ERR346596.533262	J558.h	JH3	84.536	100.000	True	False	True	False	False	False
ERR346596	ERR346596.533263	J558.47	JH2	70.103	100.000	True	False	True	False	False	False
ERR346596	ERR346596.533294	J558.21pg.111,J558.25pg.115	JH3	84.694	100.000	True	False	True	False	False	False
ERR346596	ERR346596.533309	VHQ52.a22.67	JH2	55.670	100.000	True	False	True	False	False	False
ERR346596	ERR346596.533314	J558.39	JH3	11.458	100.000	True	False	True	False	False	False
ERR346596	ERR346596.533363	J558.50	JH3	83.673	100.000	True	False	True	False	False	False
ERR346596	ERR346596.533341	J558.21pg.111,J558.25pg.115	JH3	87.755	50.000	False	True	False	True	False	False
ERR346596	ERR346596.533403	J558.46	JH4	97.938	20.000	False	True	False	True	False	False
ERR346596	ERR346596.533465	J558.14pg.104		71.429		True	False	True	False	False	False
ERR346596	ERR346596.533537	VHA1	JH2	97.938	80.000	False	True	False	True	False	False
ERR346596	ERR346596.533562	VHQ52.a15.42	JH4	46.875	100.000	True	False	True	False	False	False
ERR346596	ERR346596.533478	J558.12	JH1	5.155	100.000	True	False	True	False	False	False
ERR346596	ERR346596.533623	VH36-60.a1.85	JH2	13.265	100.000	True	False	True	False	False	False
ERR346596	ERR346596.533734	3:3.9,7183.7.10,VH7183.a7.10	JH1	29.897	100.000	True	False	True	False	False	False
ERR346596	ERR346596.533751	VHSM7.a3.93	JH3	29.167	100.000	True	False	True	False	False	False
ERR346596	ERR346596.533731	VH7183.a4.6,VHD6.96	JH4	73.196	100.000	True	False	True	False	False	False
ERR346596	ERR346596.533864	J558.64.162,J558.74.176	JH3	9.278	100.000	True	False	True	False	False	False
ERR346596	ERR346596.533913	J558.2	JH3	88.542	84.615	False	True	False	True	False	False
ERR346596	ERR346596.533943	VHQ52.a27.79,VOx-1	JH4	78.125	100.000	True	False	True	False	False	False
ERR346596	ERR346596.533966	J558.12	JH4	5.155	100.000	True	False	True	False	False	False
ERR346596	ERR346596.534069	J558.50	JH3	82.653	100.000	True	False	True	False	False	False
ERR346596	ERR346596.534071	VHQ52.a27.79,VOx-1	JH4	80.000	100.000	True	False	True	False	False	False
ERR346596	ERR346596.534145	VHSM7.a1.83	JH4	41.237	100.000	True	False	True	False	False	False
ERR346596	ERR346596.534105	VHQ52.a27.79,VOx-1	JH4	82.292	100.000	True	False	True	False	False	False
ERR346596	ERR346596.534143	VHS107.a3.106	JH1	36.634	100.000	True	False	True	False	False	False
ERR346596	ERR346596.534182	VHSM7.a4.108	JH2	98.969	35.714	False	True	False	True	False	False
ERR346596	ERR346596.534277	Vh10.2a	JH3	52.525	100.000	True	False	True	False	False	False
ERR346596	ERR346596.534297	VHSM7.a3.93	JH3	34.021	100.000	True	False	True	False	False	False
ERR346596	ERR346596.534352	J558.20	JH2	7.292	100.000	True	False	True	False	False	False
ERR346596	ERR346596.534575	J558.35	JH2	37.895	100.000	True	False	True	False	False	False
ERR346596	ERR346596.534653	J558.45	JH3	13.402	100.000	True	False	True	False	False	False
ERR346596	ERR346596.534678	J558.47	JH2	8.247	100.000	True	False	True	False	False	False
ERR346596	ERR346596.534657	VH7183.a4.6,VHD6.96	JH4	45.361	100.000	True	False	True	False	False	False
ERR346596	ERR346596.534698	J558.50	JH3	82.292	100.000	True	False	True	False	False	False
ERR346596	ERR346596.534690	J558.12	JH3	83.505	92.857	True	False	True	False	False	False
ERR346596	ERR346596.534696	VHSM7.a3.93	JH2	84.536	100.000	True	False	True	False	False	False
ERR346596	ERR346596.534767	J558.h	JH4	44.330	100.000	True	False	True	False	False	False
ERR346596	ERR346596.534906	J558.3.90,J558.50	JH4	82.292	100.000	True	False	True	False	False	False
ERR346596	ERR346596.534943	VHQ52.a27.79	JH4	79.167	100.000	True	False	True	False	False	False
ERR346596	ERR346596.535055	J558.83.189	JH2	40.206	100.000	True	False	True	False	False	False
ERR346596	ERR346596.535099	VH7183.a4.6,VHD6.96	JH4	56.701	100.000	True	False	True	False	False	False
ERR346596	ERR346596.535133	J606.4.82	JH2	84.694	100.000	True	False	True	False	False	False
ERR346596	ERR346596.535269	VHSM7.a3.93	JH2	57.292	100.000	True	False	True	False	False	False
ERR346596	ERR346596.535305	J558.f	JH1	66.667	100.000	True	False	True	False	False	False
ERR346596	ERR346596.535286	J558.50	JH3	84.536	100.000	True	False	True	False	False	False
ERR346596	ERR346596.535357	J558.1	JH4	83.333	100.000	True	False	True	False	False	False
ERR346596	ERR346596.535393	J558.21pg.111,J558.25pg.115	JH3	84.536	100.000	True	False	True	False	False	False
ERR346596	ERR346596.535487	J558.19	JH3	47.917	100.000	True	False	True	False	False	False
ERR346596	ERR346596.535399	V11,VHS107.a3.106	JH2	72.277	100.000	True	False	True	False	False	False
ERR346596	ERR346596.535638	VHSM7.a3.93	JH2	42.708	100.000	True	False	True	False	False	False
ERR346596	ERR346596.535636	VHQ52.a27.79	JH1	9.375	100.000	True	False	True	False	False	False
ERR346596	ERR346596.535724	VH7183.a28.48	JH4	54.082	100.000	True	False	True	False	False	False
ERR346596	ERR346596.535794	J558.47	JH4	68.539	100.000	True	False	True	False	False	False
ERR346596	ERR346596.535796	J558.h	JH4	83.505	100.000	True	False	True	False	False	False
ERR346596	ERR346596.535830	J558.17	JH2	49.474	100.000	True	False	True	False	False	False
ERR346596	ERR346596.535950	J558.32		69.355		True	False	True	False	False	False
ERR346596	ERR346596.535956	J558.47	JH2	93.878	71.429	False	True	False	True	False	False
ERR346596	ERR346596.535997	J558.2	JH3	90.625	84.615	False	True	False	True	False	False
ERR346596	ERR346596.536011	J558.50	JH3	83.673	100.000	True	False	True	False	False	False
ERR346596	ERR346596.536251	J558.39	JH3	12.371	100.000	True	False	True	False	False	False
ERR346596	ERR346596.536582	J558.83.189	JH4	64.045	100.000	True	False	True	False	False	False
ERR346596	ERR346596.536611	J558.h	JH4	82.474	92.857	True	False	True	False	False	False
ERR346596	ERR346596.536636	J558.64.162,J558.74.176	JH1	47.917	100.000	True	False	True	False	False	False
ERR346596	ERR346596.536751	J558.48,J558.k	JH2,JH3	66.667	100.000	True	False	True	False	False	False
ERR346596	ERR346596.536842	VHSM7.a3.93	JH4	58.333	100.000	True	False	True	False	False	False
ERR346596	ERR346596.536865	VHQ52.a13.37	JH1	78.125	100.000	True	False	True	False	False	False
ERR346596	ERR346596.536803	J558.50	JH3	82.653	100.000	True	False	True	False	False	False
ERR346596	ERR346596.536898	J558.47	JH3	10.417	100.000	True	False	True	False	False	False
ERR346596	ERR346596.536977	J558.13,J558.54.148	JH4	45.361	100.000	True	False	True	False	False	False
ERR346596	ERR346596.536980	J558.10pg.100	JH4	57.143	100.000	True	False	True	False	False	False
ERR346596	ERR346596.537010	ki4		66.667		True	False	True	False	False	False
ERR346596	ERR346596.537006	J558.64.162,J558.74.176	JH3	56.701	100.000	True	False	True	False	False	False
ERR346596	ERR346596.537074	SM7.1.44,SM7.2.49,VHSM7.a3.93	JH2	77.778	100.000	True	False	True	False	False	False
ERR346596	ERR346596.537098	J558.h	JH3	84.536	100.000	True	False	True	False	False	False
ERR346596	ERR346596.537128	VHS107.a3.106	JH1	19.192	100.000	True	False	True	False	False	False
ERR346596	ERR346596.537180	J558.5	JH4	94.898	81.250	False	True	False	True	False	False
ERR346596	ERR346596.537248	7183.15pg.26	JH2	60.000	100.000	True	False	True	False	False	False
ERR346596	ERR346596.537338	J558.h	JH4	84.694	92.857	True	False	True	False	False	False
ERR346596	ERR346596.537250	J558.19	JH2	21.875	100.000	True	False	True	False	False	False
ERR346596	ERR346596.537269	J558.47	JH3	10.417	100.000	True	False	True	False	False	False
ERR346596	ERR346596.537357	VHQ52.a27.79,VOx-1	JH4	33.333	100.000	True	False	True	False	False	False
ERR346596	ERR346596.537433	VH7183.a37.59	JH2	74.227	100.000	True	False	True	False	False	False
ERR346596	ERR346596.537531	J558.20	JH3	9.278	100.000	True	False	True	False	False	False
ERR346596	ERR346596.537629	VH36-60.a2.90	JH2	65.625	100.000	True	False	True	False	False	False
ERR346596	ERR346596.537657	J558.38pg.128	JH3	10.309	78.571	True	True	True	True	False	False
ERR346596	ERR346596.537734	VHQ52.a19.61	JH4	82.105	100.000	True	False	True	False	False	False
ERR346596	ERR346596.537752	VHQ52.a27.79	JH2	81.250	100.000	True	False	True	False	False	False
ERR346596	ERR346596.537844	J558.64.162,J558.74.176	JH3	8.247	100.000	True	False	True	False	False	False
ERR346596	ERR346596.537692	VHSM7.a3.93	JH2	100.000	42.857	False	True	False	True	False	False
ERR346596	ERR346596.537840	J558.54.148	JH3	56.250	100.000	True	False	True	False	False	False
ERR346596	ERR346596.537864	J558.5	JH2	51.546	91.667	True	False	True	False	False	False
ERR346596	ERR346596.537888	VHQ52.a27.79	JH1	81.443	100.000	True	False	True	False	False	False
ERR346596	ERR346596.538006	VHX24.a1.84	JH3	79.167	92.857	True	False	True	False	False	False
ERR346596	ERR346596.538016	J558.47	JH2	9.375	100.000	True	False	True	False	False	False
ERR346596	ERR346596.538084	Vh10.2a	JH3	59.596	90.909	True	False	True	False	False	False
ERR346596	ERR346596.538164	J558.50	JH3	83.505	100.000	True	False	True	False	False	False
ERR346596	ERR346596.538186	VHQ52.a27.79	JH1	43.750	100.000	True	False	True	False	False	False
ERR346596	ERR346596.538233	J558.14pg.104	JH4	71.429	100.000	True	False	True	False	False	False
ERR346596	ERR346596.538433	J558.1	JH1	80.208	100.000	True	False	True	False	False	False
ERR346596	ERR346596.538558	VH7183.a19.31	JH4	81.633	100.000	True	False	True	False	False	False
ERR346596	ERR346596.538483	VHQ52.a27.79	JH2	27.083	92.857	True	False	True	False	False	False
ERR346596	ERR346596.538605	VH7183.7b	JH4	20.202	100.000	True	False	True	False	False	False
ERR346596	ERR346596.538698	J558.44	JH2	7.216	100.000	True	False	True	False	False	False
ERR346596	ERR346596.538835	J558.40	JH2	53.608	100.000	True	False	True	False	False	False
ERR346596	ERR346596.538875	VHSM7.a3.93	JH2	84.536	100.000	True	False	True	False	False	False
ERR346596	ERR346596.538988	H13-3	JH4	36.082	100.000	True	False	True	False	False	False
ERR346596	ERR346596.539028	VHQ52.a27.79	JH2	8.247	100.000	True	False	True	False	False	False
ERR346596	ERR346596.539034	J558.54.148	JH4	35.106	100.000	True	False	True	False	False	False
ERR346596	ERR346596.539151	J558.8	JH3	84.694	100.000	True	False	True	False	False	False
ERR346596	ERR346596.539209	VHSM7.a3.93	JH2	44.792	100.000	True	False	True	False	False	False
ERR346596	ERR346596.539233	V11,VHS107.a3.106	JH1	48.515	100.000	True	False	True	False	False	False
ERR346596	ERR346596.539387	VHX24.a1.84	JH2	74.490	86.667	True	False	True	False	False	False
ERR346596	ERR346596.539500	Q52.3.8,VHQ52.a3.8	JH3	78.351	100.000	True	False	True	False	False	False
ERR346596	ERR346596.539680	V11,VHS107.a3.106	JH1	43.564	100.000	True	False	True	False	False	False
ERR346596	ERR346596.539580	J558.17	JH4	53.684	100.000	True	False	True	False	False	False
ERR346596	ERR346596.539721	Q52.3.8,VHQ52.a3.8	JH4	79.167	93.750	True	False	True	False	False	False
ERR346596	ERR346596.539819	VHQ52.a27.79,VOx-1	JH4	78.125	100.000	True	False	True	False	False	False
ERR346596	ERR346596.539857	J558.35	JH4	30.526	100.000	True	False	True	False	False	False
ERR346596	ERR346596.539858	J558.9	JH3	33.333	80.000	True	True	True	True	False	False
ERR346596	ERR346596.539904	VHQ52.a9.26	JH4	83.505	100.000	True	False	True	False	False	False
ERR346596	ERR346596.540170	J558.h	JH4	83.673	100.000	True	False	True	False	False	False
ERR346596	ERR346596.540136	VHQ52.a27.79,VOx-1	JH2	81.250	100.000	True	False	True	False	False	False
ERR346596	ERR346596.540193	VH61-1P,VH7183.a47.76	JH2	56.383	100.000	True	False	True	False	False	False
ERR346596	ERR346596.540194	J558.29	JH4	52.577	100.000	True	False	True	False	False	False
ERR346596	ERR346596.540534	V11,VHS107.a3.106	JH1	97.030	68.750	False	True	False	True	False	False
ERR346596	ERR346596.540538	J606.4.82	JH2	17.172	100.000	True	False	True	False	False	False
ERR346596	ERR346596.540612	J558.29	JH3	68.750	100.000	True	False	True	False	False	False
ERR346596	ERR346596.540632	J558.20	JH2	84.694	100.000	True	False	True	False	False	False
ERR346596	ERR346596.540738	VHQ52.a27.79,VOx-1	JH4	76.842	100.000	True	False	True	False	False	False
ERR346596	ERR346596.540785	J558.18A,J558.54,J558.83.189		50.000		True	False	True	False	False	False
ERR346596	ERR346596.540756	VH7183.a7.10	JH3	20.408	100.000	True	False	True	False	False	False
ERR346596	ERR346596.540734	J558.8.98		71.429		True	False	True	False	False	False
ERR346596	ERR346596.540827	VHSM7.a3.93	JH3	95.876	53.846	False	True	False	True	False	False
ERR346596	ERR346596.540771	J558.k	JH4	97.938	82.353	False	True	False	True	False	False
ERR346596	ERR346596.540799	SM7.1.44,SM7.2.49,VHSM7.a3.93	JH2	80.000	100.000	True	False	True	False	False	False
ERR346596	ERR346596.540811	J558.50	JH3	83.505	100.000	True	False	True	False	False	False
ERR346596	ERR346596.540858	H13-3		80.000		True	False	True	False	False	False
ERR346596	ERR346596.540841	MAI1,MBK2,PWK2		66.667		True	False	True	False	False	False
ERR346596	ERR346596.540875	J558.64.162,J558.74.176	JH3	62.887	100.000	True	False	True	False	False	False
ERR346596	ERR346596.540981	VHQ52.a15.42	JH3	36.082	100.000	True	False	True	False	False	False
ERR346596	ERR346596.541018	J558.20	JH1	39.583	93.333	True	False	True	False	False	False
ERR346596	ERR346596.541090	J558.5	JH3	9.278	100.000	True	False	True	False	False	False
ERR346596	ERR346596.541076	J558.5	JH4	94.845	81.250	False	True	False	True	False	False
ERR346596	ERR346596.541248	H13-3	JH2	16.667	100.000	True	False	True	False	False	False
ERR346596	ERR346596.541307	VHQ52.a27.79	JH1	53.125	100.000	True	False	True	False	False	False
ERR346596	ERR346596.541299	J558.1	JH2	36.458	100.000	True	False	True	False	False	False
ERR346596	ERR346596.541479	J558.5	JH4	3.125	82.353	True	True	True	True	False	False
ERR346596	ERR346596.541496	VHX24.a1.84	JH3	75.258	100.000	True	False	True	False	False	False
ERR346596	ERR346596.541513	VHQ52.a15.42	JH4	8.333	93.750	True	False	True	False	False	False
ERR346596	ERR346596.541511	J558.50	JH3	83.505	100.000	True	False	True	False	False	False
ERR346596	ERR346596.541666	J558.h	JH4	81.443	92.857	True	False	True	False	False	False
ERR346596	ERR346596.541687	VHSM7.a3.93	JH2	83.505	100.000	True	False	True	False	False	False
ERR346596	ERR346596.541780	J558.54.148	JH3	47.959	100.000	True	False	True	False	False	False
ERR346596	ERR346596.541811	SM7.1.44,SM7.2.49,VHSM7.a3.93	JH2	80.000	100.000	True	False	True	False	False	False
ERR346596	ERR346596.541855	VHQ52.a23.68	JH2	76.923	100.000	True	False	True	False	False	False
ERR346596	ERR346596.541845	J558.4	JH4	97.938	40.000	False	True	False	True	False	False
ERR346596	ERR346596.541959	J558.46	JH4	37.500	93.750	True	False	True	False	False	False
ERR346596	ERR346596.541979	VH7183.a4.6,VHD6.96	JH3	50.000	91.667	True	False	True	False	False	False
ERR346596	ERR346596.541993	J558.50	JH3	84.536	100.000	True	False	True	False	False	False
ERR346596	ERR346596.542102	J558.64.162,J558.74.176	JH3	84.211	100.000	True	False	True	False	False	False
ERR346596	ERR346596.542227	J558.19.109,J558.37.127		15.625		True	False	True	False	False	False
ERR346596	ERR346596.542329	J558.45	JH4	13.402	100.000	True	False	True	False	False	False
ERR346596	ERR346596.542378	J558.50	JH3	83.696	100.000	True	False	True	False	False	False
ERR346596	ERR346596.542387	J558.1.85	JH2	60.000	100.000	True	False	True	False	False	False
ERR346596	ERR346596.542443	V11,VHS107.a3.106	JH1	51.485	100.000	True	False	True	False	False	False
ERR346596	ERR346596.542542	J558.h	JH4	82.474	100.000	True	False	True	False	False	False
ERR346596	ERR346596.542596	J558.24,J558.80.186		66.667		True	False	True	False	False	False
ERR346596	ERR346596.542573	J558.35	JH4	5.208	100.000	True	False	True	False	False	False
ERR346596	ERR346596.542592	VH7183.9,VH7183.a15.24,VH7183.a19.31	JH1	67.347	100.000	True	False	True	False	False	False
ERR346596	ERR346596.542648	VH7183.a19.31	JH1	11.224	100.000	True	False	True	False	False	False
ERR346596	ERR346596.542669	J558.21pg.111,J558.25pg.115	JH3	81.443	100.000	True	False	True	False	False	False
ERR346596	ERR346596.542687	J558.47	JH2	49.485	100.000	True	False	True	False	False	False
ERR346596	ERR346596.542813	VH7183.9,VH7183.a15.24	JH4	20.619	100.000	True	False	True	False	False	False
ERR346596	ERR346596.543033	J558.20	JH1	13.542	93.333	True	False	True	False	False	False
ERR346596	ERR346596.543131	J558.38pg.128	JH2	70.000	100.000	True	False	True	False	False	False
ERR346596	ERR346596.543169	VHSM7.a3.93	JH4	97.938	35.714	False	True	False	True	False	False
ERR346596	ERR346596.543060	J558.16.106	JH3	92.857	84.615	False	True	False	True	False	False
ERR346596	ERR346596.543293	J558.45	JH4	91.753	82.353	False	True	False	True	False	False
ERR346596	ERR346596.543347	VH7183.a46.75	JH4	12.245	100.000	True	False	True	False	False	False
ERR346596	ERR346596.543376	J558.17	JH2	5.208	100.000	True	False	True	False	False	False
ERR346596	ERR346596.543364	J558.15pg.105,J558.38pg.128		52.381		True	False	True	False	False	False
ERR346596	ERR346596.543408	VHQ52.a27.79,VOx-1	JH2	81.250	100.000	True	False	True	False	False	False
ERR346596	ERR346596.543441	J558.50	JH3	83.505	100.000	True	False	True	False	False	False
ERR346596	ERR346596.543607	VH36-60.a2.90	JH1	5.208	100.000	True	False	True	False	False	False
ERR346596	ERR346596.543682	J558.h	JH4	84.536	100.000	True	False	True	False	False	False
ERR346596	ERR346596.543689	J558.k	JH4	6.250	100.000	True	False	True	False	False	False
ERR346596	ERR346596.543735	J558.21pg.111,J558.25pg.115	JH3	83.673	100.000	True	False	True	False	False	False
ERR346596	ERR346596.543836	J558.54.148	JH3	29.897	100.000	True	False	True	False	False	False
ERR346596	ERR346596.543816	J558.50	JH3	82.474	100.000	True	False	True	False	False	False
ERR346596	ERR346596.543931	VHQ52.a27.79,VOx-1	JH4	28.421	100.000	True	False	True	False	False	False
ERR346596	ERR346596.543985	VH36-60.a2.90	JH3	43.299	100.000	True	False	True	False	False	False
ERR346596	ERR346596.544005	VH7183.a4.6,VHD6.96	JH4	5.155	100.000	True	False	True	False	False	False
ERR346596	ERR346596.544097	J558.50	JH3	84.536	100.000	True	False	True	False	False	False
ERR346596	ERR346596.544189	VH7183.a19.31	JH2	79.381	100.000	True	False	True	False	False	False
ERR346596	ERR346596.544181	VHSM7.a3.93	JH3	78.351	100.000	True	False	True	False	False	False
ERR346596	ERR346596.544331	J558.k	JH3,JH4	77.778	100.000	True	False	True	False	False	False
ERR346596	ERR346596.544340	J558.33	JH4	37.234	93.333	True	False	True	False	False	False
ERR346596	ERR346596.544305	VHSM7.a3.93	JH3	59.794	100.000	True	False	True	False	False	False
ERR346596	ERR346596.544568	VHQ52.a27.79,VOx-1	JH2	79.167	100.000	True	False	True	False	False	False
ERR346596	ERR346596.544614	VH36-60.a1.85	JH3	25.773	100.000	True	False	True	False	False	False
ERR346596	ERR346596.544559	J558.50	JH3	82.474	100.000	True	False	True	False	False	False
ERR346596	ERR346596.544755	J558.17	JH3	76.042	100.000	True	False	True	False	False	False
ERR346596	ERR346596.544763	J558.50	JH3	81.633	100.000	True	False	True	False	False	False
ERR346596	ERR346596.544805	VHSM7.a1.83	JH4	11.458	100.000	True	False	True	False	False	False
ERR346596	ERR346596.544792	J558.19	JH3	26.042	100.000	True	False	True	False	False	False
ERR346596	ERR346596.544894	J558.55.149	JH2	18.750	100.000	True	False	True	False	False	False
ERR346596	ERR346596.544905	VH7183.a4.6,VHD6.96	JH3	58.333	93.333	True	False	True	False	False	False
ERR346596	ERR346596.544942	VH7183.a4.6,VHD6.96	JH4	8.247	92.857	True	False	True	False	False	False
ERR346596	ERR346596.544938	Q52.1pg.2,VHQ52.a1psi.2		50.000		True	False	True	False	False	False
ERR346596	ERR346596.545001	J558.h	JH4	83.505	100.000	True	False	True	False	False	False
ERR346596	ERR346596.545107	J558.f	JH2	81.250	100.000	True	False	True	False	False	False
ERR346596	ERR346596.545139	VHQ52.a27.79	JH4	30.928	100.000	True	False	True	False	False	False
ERR346596	ERR346596.545169	J558.53.146,V23	JH2	72.727	100.000	True	False	True	False	False	False
ERR346596	ERR346596.545124	J558.50	JH3	82.653	100.000	True	False	True	False	False	False
ERR346596	ERR346596.545245	VH61-1P,VH7183.a47.76	JH4	18.557	100.000	True	False	True	False	False	False
ERR346596	ERR346596.545273	J558.21pg.111,J558.25pg.115	JH3	83.505	100.000	True	False	True	False	False	False
ERR346596	ERR346596.545440	VHQ52.a27.79	JH1	14.583	100.000	True	False	True	False	False	False
ERR346596	ERR346596.545522	J558.5	JH4	94.845	81.250	False	True	False	True	False	False
ERR346596	ERR346596.545696	VHSM7.a3.93	JH2	82.474	100.000	True	False	True	False	False	False
ERR346596	ERR346596.545719	VH7183.a7.10	JH4	29.592	100.000	True	False	True	False	False	False
ERR346596	ERR346596.545760	J558.46	JH3	60.638	100.000	True	False	True	False	False	False
ERR346596	ERR346596.545756	VHA1	JH2	35.417	100.000	True	False	True	False	False	False
ERR346596	ERR346596.545830	J558.h	JH4	59.375	93.750	True	False	True	False	False	False
ERR346596	ERR346596.545892	J558.5	JH4	92.784	81.250	False	True	False	True	False	False
ERR346596	ERR346596.545878	VHQ52.a27.79,VOx-1	JH4	80.000	100.000	True	False	True	False	False	False
ERR346596	ERR346596.545911	VHSM7.a3.93	JH3	30.208	100.000	True	False	True	False	False	False
ERR346596	ERR346596.545938	VH36-60,VH36-60.a8.117,VH36-60.a9.121#	JH3	80.000	100.000	True	False	True	False	False	False
ERR346596	ERR346596.545971	J558.h	JH4	82.653	92.857	True	False	True	False	False	False
ERR346596	ERR346596.546003	J558.1	JH2	96.939	42.857	False	True	False	True	False	False
ERR346596	ERR346596.546034	VHSM7.a3.93	JH2	11.340	93.333	True	False	True	False	False	False
ERR346596	ERR346596.546212	VHA1	JH4	5.155	100.000	True	False	True	False	False	False
ERR346596	ERR346596.546224	J558.44	JH3	72.917	100.000	True	False	True	False	False	False
ERR346596	ERR346596.546334	VHQ52.a27.79	JH1	81.250	100.000	True	False	True	False	False	False
ERR346596	ERR346596.546291	VHSM7.a3.93	JH3	59.375	100.000	True	False	True	False	False	False
ERR346596	ERR346596.546437	VHSM7.a3.93	JH3	71.875	100.000	True	False	True	False	False	False
ERR346596	ERR346596.546495	Vh10.2a	JH4	83.838	94.118	True	False	True	False	False	False
ERR346596	ERR346596.546621	VH50.1,VH7183.a13.20	JH2	25.263	100.000	True	False	True	False	False	False
ERR346596	ERR346596.546675	VH7183.a4.6,VHD6.96	JH4	44.330	93.333	True	False	True	False	False	False
ERR346596	ERR346596.546736	VHSM7.a3.93	JH2	10.417	100.000	True	False	True	False	False	False
ERR346596	ERR346596.546869	J558.5	JH4	93.814	81.250	False	True	False	True	False	False
ERR346596	ERR346596.546830	VH7183.a4.6,VHD6.96	JH4	44.330	100.000	True	False	True	False	False	False
ERR346596	ERR346596.546976	VH36-60.a1.85	JH2	95.918	60.000	False	True	False	True	False	False
ERR346596	ERR346596.547211	J558.13,J558.54.148	JH3	97.917	69.231	False	True	False	True	False	False
ERR346596	ERR346596.547230	J558.h	JH4	83.505	93.750	True	False	True	False	False	False
ERR346596	ERR346596.547261	VHX24.a1.84	JH2	5.102	100.000	True	False	True	False	False	False
ERR346596	ERR346596.547309	J558.8	JH3	15.625	100.000	True	False	True	False	False	False
ERR346596	ERR346596.547336	J558.46	JH4	15.464	100.000	True	False	True	False	False	False
ERR346596	ERR346596.547359	V11,VHS107.a3.106	JH1	68.687	100.000	True	False	True	False	False	False
ERR346596	ERR346596.547408	3:3.9,7183.7.10,VH7183.7b	JH1	5.155	100.000	True	False	True	False	False	False
ERR346596	ERR346596.547498	J558.50	JH3	84.536	100.000	True	False	True	False	False	False
ERR346596	ERR346596.547573	J558.17	JH4	4.444	93.333	True	False	True	False	False	False
ERR346596	ERR346596.547737	J558.50	JH3	82.474	100.000	True	False	True	False	False	False
ERR346596	ERR346596.547704	VH36-60.a2.90	JH4	97.826	82.353	False	True	False	True	False	False
ERR346596	ERR346596.547939	J558.12	JH3	88.776	71.429	False	True	False	True	False	False
ERR346596	ERR346596.548046	J558.68pg.168	JH2	75.000	100.000	True	False	True	False	False	False
ERR346596	ERR346596.548039	kb4		80.000		True	False	True	False	False	False
ERR346596	ERR346596.548050	VHSM7.a3.93	JH2	34.375	100.000	True	False	True	False	False	False
ERR346596	ERR346596.548100	VHSM7.a3.93	JH3	91.753	50.000	False	True	False	True	False	False
ERR346596	ERR346596.548094	J558.34.124	JH1	5.208	93.750	True	False	True	False	False	False
ERR346596	ERR346596.548173	SM7.3.54	JH1,JH2,JH3	81.818	100.000	True	False	True	False	False	False
ERR346596	ERR346596.548190	V11,VHS107.a3.106	JH2	84.158	93.333	True	False	True	False	False	False
ERR346596	ERR346596.548207	J558.45	JH4	15.306	100.000	True	False	True	False	False	False
ERR346596	ERR346596.548235	J558.50	JH3	84.536	100.000	True	False	True	False	False	False
ERR346596	ERR346596.548243	VHQ52.a27.79,VOx-1	JH2	71.579	100.000	True	False	True	False	False	False
ERR346596	ERR346596.548357	VHSM7.a3.93	JH2	26.804	92.308	True	False	True	False	False	False
ERR346596	ERR346596.548339	J558.1	JH4	52.041	100.000	True	False	True	False	False	False
ERR346596	ERR346596.548426	VH7183.7b	JH3	4.082	100.000	True	False	True	False	False	False
ERR346596	ERR346596.548402	VHSM7.a3.93	JH2	83.505	100.000	True	False	True	False	False	False
ERR346596	ERR346596.548432	7183.3pg.5,VH7183.a3psi.5		62.500		True	False	True	False	False	False
ERR346596	ERR346596.548472	J558.14pg.104		71.429		True	False	True	False	False	False
ERR346596	ERR346596.548464	J558.39	JH3	24.742	100.000	True	False	True	False	False	False
ERR346596	ERR346596.548541	H13-3	JH2	16.495	100.000	True	False	True	False	False	False
ERR346596	ERR346596.548526	VHSM7.a3.93	JH3	7.216	100.000	True	False	True	False	False	False
ERR346596	ERR346596.548617	VHSM7.a3.93	JH1	60.417	100.000	True	False	True	False	False	False
ERR346596	ERR346596.548614	VHQ52.a27.79,VOx-1	JH2	79.167	100.000	True	False	True	False	False	False
ERR346596	ERR346596.548602	J558.21pg.111,J558.25pg.115	JH3	83.505	100.000	True	False	True	False	False	False
ERR346596	ERR346596.548837	J558.17	JH2	8.333	93.333	True	False	True	False	False	False
ERR346596	ERR346596.548869	VH61-1P,VH7183.a47.76	JH4	62.887	100.000	True	False	True	False	False	False
ERR346596	ERR346596.549076	J558.83.189	JH2	62.500	100.000	True	False	True	False	False	False
ERR346596	ERR346596.549128	VH36-60.a2.90	JH4	96.875	82.353	False	True	False	True	False	False
ERR346596	ERR346596.549157	J558.83.189	JH2	28.125	100.000	True	False	True	False	False	False
ERR346596	ERR346596.549182	J558.h	JH4	81.633	100.000	True	False	True	False	False	False
ERR346596	ERR346596.549164	VHSM7.a3.93	JH1	11.458	100.000	True	False	True	False	False	False
ERR346596	ERR346596.549198	J558.50	JH3	28.125	100.000	True	False	True	False	False	False
ERR346596	ERR346596.549336	J558.47	JH4	7.216	100.000	True	False	True	False	False	False
ERR346596	ERR346596.549325	VHA1	JH2	37.500	100.000	True	False	True	False	False	False
ERR346596	ERR346596.549284	J558.50	JH3	84.536	100.000	True	False	True	False	False	False
ERR346596	ERR346596.549409	J558.50	JH3	83.333	100.000	True	False	True	False	False	False
ERR346596	ERR346596.549390	VH7183.9,VH7183.a15.24	JH2	5.155	100.000	True	False	True	False	False	False
ERR346596	ERR346596.549553	J558.12	JH4	100.000	66.667	False	True	False	True	False	False
ERR346596	ERR346596.549581	VHA1	JH4	4.255	100.000	True	False	True	False	False	False
ERR346596	ERR346596.549618	SM7.1.44,SM7.2.49,VHSM7.a3.93	JH2	77.778	100.000	True	False	True	False	False	False
ERR346596	ERR346596.549626	J558.52.145,J558.61.157,V3	JH2	29.897	86.667	True	False	True	False	False	False
ERR346596	ERR346596.549646	VHQ52.a27.79	JH1	79.167	100.000	True	False	True	False	False	False
ERR346596	ERR346596.549678	VH36-60.a1.85	JH3	59.794	100.000	True	False	True	False	False	False
ERR346596	ERR346596.549762	J558.50	JH3	84.375	100.000	True	False	True	False	False	False
ERR346596	ERR346596.549790	J558.17	JH4	27.368	100.000	True	False	True	False	False	False
ERR346596	ERR346596.549880	J558.45	JH3	4.167	100.000	True	False	True	False	False	False
ERR346596	ERR346596.549944	J558.h	JH4	82.979	93.750	True	False	True	False	False	False
ERR346596	ERR346596.549936	J558.55.149	JH2	38.776	100.000	True	False	True	False	False	False
ERR346596	ERR346596.550052	J558.f,VH104B		80.000		True	False	True	False	False	False
ERR346596	ERR346596.550083	VHSM7.a3.93	JH3	100.000	38.462	False	True	False	True	False	False
ERR346596	ERR346596.550160	J558.50	JH3	83.505	100.000	True	False	True	False	False	False
ERR346596	ERR346596.550213	J558.52.145,J558.61.157,V3	JH2	7.216	93.333	True	False	True	False	False	False
ERR346596	ERR346596.550272	VHSM7.a3.93	JH3	48.958	100.000	True	False	True	False	False	False
ERR346596	ERR346596.550304	V11,VHS107.a3.106	JH1	91.000	68.750	False	True	False	True	False	False
ERR346596	ERR346596.550299	VHS107.a3.106	JH2	48.515	100.000	True	False	True	False	False	False
ERR346596	ERR346596.550375	J558.55.149	JH2	8.333	100.000	True	False	True	False	False	False
ERR346596	ERR346596.550357	J558.19	JH3	30.208	100.000	True	False	True	False	False	False
ERR346596	ERR346596.550341	VHX24.a1.84	JH3	89.899	83.333	False	True	False	True	False	False
ERR346596	ERR346596.550449	VH7183.a37.59	JH4	13.684	93.333	True	False	True	False	False	False
ERR346596	ERR346596.550566	VHQ52.a27.79,VOx-1	JH4	80.000	100.000	True	False	True	False	False	False
ERR346596	ERR346596.550546	VHSM7.a3.93	JH2	57.732	100.000	True	False	True	False	False	False
ERR346596	ERR346596.550637	VH36-60.a2.90	JH4	96.907	82.353	False	True	False	True	False	False
ERR346596	ERR346596.550677	J558.54.148,J558.i	JH3	7.216	100.000	True	False	True	False	False	False
ERR346596	ERR346596.550634	J558.2.88	JH4	79.381	93.750	True	False	True	False	False	False
ERR346596	ERR346596.550692	J558.h	JH4	83.505	100.000	True	False	True	False	False	False
ERR346596	ERR346596.550681	J558.50	JH3	84.536	100.000	True	False	True	False	False	False
ERR346596	ERR346596.550699	J558.70pg.171,J558.n	JH3	83.673	92.857	True	False	True	False	False	False
ERR346596	ERR346596.550817	VHSM7.a3.93	JH2	77.320	100.000	True	False	True	False	False	False
ERR346596	ERR346596.550894	VHQ52.a19.61	JH2	5.208	100.000	True	False	True	False	False	False
ERR346596	ERR346596.551046	J558.16	JH2	49.485	93.333	True	False	True	False	False	False
ERR346596	ERR346596.551088	V11,VHS107.a3.106	JH1	47.000	100.000	True	False	True	False	False	False
ERR346596	ERR346596.551257	J558.50	JH3	84.536	100.000	True	False	True	False	False	False
ERR346596	ERR346596.551307	J558.h	JH4	82.979	93.750	True	False	True	False	False	False
ERR346596	ERR346596.551277	J558.5	JH4	93.878	68.750	False	True	False	True	False	False
ERR346596	ERR346596.551344	J558.50	JH3	82.653	100.000	True	False	True	False	False	False
ERR346596	ERR346596.551381	VHSM7.a3.93	JH2	53.608	100.000	True	False	True	False	False	False
ERR346596	ERR346596.551416	3:3.9,7183.6pg.9,7183.7.10	JH1,JH2,JH3	70.000	100.000	True	False	True	False	False	False
ERR346596	ERR346596.551417	Q52.1pg.2,VHQ52.a1psi.2		62.500		True	False	True	False	False	False
ERR346596	ERR346596.551539	VHS107.a3.106	JH1	96.040	52.941	False	True	False	True	False	False
ERR346596	ERR346596.551601	J558.13	JH3	4.167	100.000	True	False	True	False	False	False
ERR346596	ERR346596.551615	J558.k	JH4	67.708	100.000	True	False	True	False	False	False
ERR346596	ERR346596.551613	VH7183.a4.6,VHD6.96	JH4	20.619	100.000	True	False	True	False	False	False
ERR346596	ERR346596.551588	VHS107.a3.106	JH1	49.505	100.000	True	False	True	False	False	False
ERR346596	ERR346596.551701	J558.72.173,VH124	JH2	56.250	100.000	True	False	True	False	False	False
ERR346596	ERR346596.551829	VHA1	JH2	97.938	80.000	False	True	False	True	False	False
ERR346596	ERR346596.551877	J558.47	JH1	95.876	68.750	False	True	False	True	False	False
ERR346596	ERR346596.551893	V11,VHS107.a3.106	JH1	95.050	46.154	False	True	False	True	False	False
ERR346596	ERR346596.551963	J558.8	JH3	12.500	100.000	True	False	True	False	False	False
ERR346596	ERR346596.551996	VHSM7.a3.93	JH3	45.833	100.000	True	False	True	False	False	False
ERR346596	ERR346596.552141	J558.37.127	JH4	51.546	100.000	True	False	True	False	False	False
ERR346596	ERR346596.552150	J558.f	JH1	6.186	100.000	True	False	True	False	False	False
ERR346596	ERR346596.552088	J558.k	JH4	82.653	100.000	True	False	True	False	False	False
ERR346596	ERR346596.552324	J558.38pg.128	JH2	70.000	100.000	True	False	True	False	False	False
ERR346596	ERR346596.552328	J558.19	JH2	75.258	100.000	True	False	True	False	False	False
ERR346596	ERR346596.552384	J558.50	JH3	83.505	100.000	True	False	True	False	False	False
ERR346596	ERR346596.552424	J558.50	JH3	55.102	100.000	True	False	True	False	False	False
ERR346596	ERR346596.552421	VH7183.a6psi.9	JH1	53.333	100.000	True	False	True	False	False	False
ERR346596	ERR346596.552502	J558.8	JH3	84.694	100.000	True	False	True	False	False	False
ERR346596	ERR346596.552493	J558.53.146,V23	JH1,JH2,JH3	80.000	100.000	True	False	True	False	False	False
ERR346596	ERR346596.552511	J558.79.184	JH4	80.208	87.500	True	False	True	False	False	False
ERR346596	ERR346596.552622	J558.50	JH3	83.673	100.000	True	False	True	False	False	False
ERR346596	ERR346596.552682	J558.54.148	JH3	37.113	91.667	True	False	True	False	False	False
ERR346596	ERR346596.552752	VH7183.a4.6,VHD6.96	JH4	27.835	92.857	True	False	True	False	False	False
ERR346596	ERR346596.552766	J558.33	JH3	43.299	92.857	True	False	True	False	False	False
ERR346596	ERR346596.552782	VHQ52.a22.67	JH1	81.443	100.000	True	False	True	False	False	False
ERR346596	ERR346596.552744	VH36-60.a1.85	JH2	63.918	100.000	True	False	True	False	False	False
ERR346596	ERR346596.553097	V11,VHS107.a3.106	JH1	54.000	100.000	True	False	True	False	False	False
ERR346596	ERR346596.553165	VHQ52.a27.79,VOx-1	JH4	27.368	100.000	True	False	True	False	False	False
ERR346596	ERR346596.553398	J558.f	JH1	8.247	100.000	True	False	True	False	False	False
ERR346596	ERR346596.553483	VHQ52.a23.68	JH2	69.231	100.000	True	False	True	False	False	False
ERR346596	ERR346596.553375	Q52.1pg.2,VHQ52.a1psi.2		50.000		True	False	True	False	False	False
ERR346596	ERR346596.553549	J558.15	JH3	4.167	100.000	True	False	True	False	False	False
ERR346596	ERR346596.553614	J558.h	JH4	82.292	93.750	True	False	True	False	False	False
ERR346596	ERR346596.553637	J558.70pg.171,J558.n	JH3	17.708	92.308	True	False	True	False	False	False
ERR346596	ERR346596.553633	VHSM7-13		72.727		True	False	True	False	False	False
ERR346596	ERR346596.553719	J558.50	JH3	82.474	100.000	True	False	True	False	False	False
ERR346596	ERR346596.553747	J558.17	JH2	63.333	100.000	True	False	True	False	False	False
ERR346596	ERR346596.553869	VH7183.a19.31	JH2	45.918	100.000	True	False	True	False	False	False
ERR346596	ERR346596.553919	J558.33	JH1	98.969	66.667	False	True	False	True	False	False
ERR346596	ERR346596.554017	J558.h	JH4	84.694	92.857	True	False	True	False	False	False
ERR346596	ERR346596.554054	J558.54.148	JH3	25.773	100.000	True	False	True	False	False	False
ERR346596	ERR346596.554115	J558.5	JH4	98.980	76.471	False	True	False	True	False	False
ERR346596	ERR346596.554182	SM7.1.44,SM7.2.49,VHSM7.a3.93	JH2	77.778	100.000	True	False	True	False	False	False
ERR346596	ERR346596.554296	J558.20	JH1	9.278	93.333	True	False	True	False	False	False
ERR346596	ERR346596.554468	gu33		66.667		True	False	True	False	False	False
ERR346596	ERR346596.554455	VHSM7.a4.108		75.789		True	False	True	False	False	False
ERR346596	ERR346596.554473	J558.45	JH2	84.211	85.714	True	False	True	False	False	False
ERR346596	ERR346596.554495	J558.14pg.104		71.429		True	False	True	False	False	False
ERR346596	ERR346596.554531	J558.50	JH3	83.673	100.000	True	False	True	False	False	False
ERR346596	ERR346596.554587	SM7.1.44,SM7.2.49,VHSM7.a3.93	JH2	77.778	100.000	True	False	True	False	False	False
ERR346596	ERR346596.554629	J558.33	JH4	92.857	81.250	False	True	False	True	False	False
ERR346596	ERR346596.554671	J558.2	JH3	8.333	85.714	True	False	True	False	False	False
ERR346596	ERR346596.554693	VH7183.a4.6,VHD6.96	JH4	35.052	100.000	True	False	True	False	False	False
ERR346596	ERR346596.554806	J558.45	JH4	90.625	82.353	False	True	False	True	False	False
ERR346596	ERR346596.554882	J558.33	JH4	91.753	81.250	False	True	False	True	False	False
ERR346596	ERR346596.554859	J558.4	JH2	35.417	100.000	True	False	True	False	False	False
ERR346596	ERR346596.554888	VH7183.7b	JH4	11.111	100.000	True	False	True	False	False	False
ERR346596	ERR346596.554905	VH7183.a4.6,VHD6.96	JH4	63.918	100.000	True	False	True	False	False	False
ERR346596	ERR346596.555016	J558.54.148	JH3	5.208	92.857	True	False	True	False	False	False
ERR346596	ERR346596.555001	J558.64.162,J558.74.176	JH3	9.278	100.000	True	False	True	False	False	False
ERR346596	ERR346596.555104	J558.44	JH2	6.186	100.000	True	False	True	False	False	False
ERR346596	ERR346596.555120	VH36-60.a6.114	JH4	56.701	100.000	True	False	True	False	False	False
ERR346596	ERR346596.555134	J558.33,J558.c	JH4	68.889	87.500	True	False	True	False	False	False
ERR346596	ERR346596.555127	J558.27pg.117,J558.38pg.128	JH4	10.417	100.000	True	False	True	False	False	False
ERR346596	ERR346596.555201	J558.50	JH3	83.673	100.000	True	False	True	False	False	False
ERR346596	ERR346596.555133	V11,VHS107.a3.106	JH2	46.535	100.000	True	False	True	False	False	False
ERR346596	ERR346596.555225	J558.5	JH4	91.837	81.250	False	True	False	True	False	False
ERR346596	ERR346596.555248	VHQ52.a27.79,VOx-1	JH4	41.053	100.000	True	False	True	False	False	False
ERR346596	ERR346596.555343	J558.20	JH3	39.175	100.000	True	False	True	False	False	False
ERR346596	ERR346596.555274	J558.39	JH3	87.629	38.462	False	True	False	True	False	False
ERR346596	ERR346596.555401	J558.50	JH4	6.250	100.000	True	False	True	False	False	False
ERR346596	ERR346596.555609	J558.29	JH4	40.206	92.857	True	False	True	False	False	False
ERR346596	ERR346596.555660	J558.48,J558.k	JH2,JH3	66.667	100.000	True	False	True	False	False	False
ERR346596	ERR346596.555683	VHSM7.a3.93	JH3	26.042	100.000	True	False	True	False	False	False
ERR346596	ERR346596.555700	J558.64.162,J558.74.176	JH3	14.433	100.000	True	False	True	False	False	False
ERR346596	ERR346596.555853	VHX24.a1.84	JH3	80.412	100.000	True	False	True	False	False	False
ERR346596	ERR346596.555858	J558.50	JH3	84.536	100.000	True	False	True	False	False	False
ERR346596	ERR346596.555885	VHSM7.a3.93	JH2	63.542	100.000	True	False	True	False	False	False
ERR346596	ERR346596.555850	3:3.9,7183.7.10,VH7183.a7.10	JH1	68.041	100.000	True	False	True	False	False	False
ERR346596	ERR346596.555997	V11,VHS107.a3.106	JH1	50.000	100.000	True	False	True	False	False	False
ERR346596	ERR346596.556004	36-60.6.70,VH36-60.a6.114	JH2	72.727	100.000	True	False	True	False	False	False
ERR346596	ERR346596.556044	VHQ52.a5.13	JH4	31.579	100.000	True	False	True	False	False	False
ERR346596	ERR346596.556042	J558.h	JH4	84.694	92.857	True	False	True	False	False	False
ERR346596	ERR346596.556063	J558.17	JH2	37.895	100.000	True	False	True	False	False	False
ERR346596	ERR346596.555980	J558.35	JH2	62.105	100.000	True	False	True	False	False	False
ERR346596	ERR346596.556033	Q52.3.8,VHQ52.a3.8	JH4	36.842	86.667	True	False	True	False	False	False
ERR346596	ERR346596.556237	J558.26	JH4	62.887	100.000	True	False	True	False	False	False
ERR346596	ERR346596.556303	VHSM7.a3.93	JH4	94.898	78.571	False	True	False	True	False	False
ERR346596	ERR346596.556296	VHSM7.a3.93	JH3	95.876	69.231	False	True	False	True	False	False
ERR346596	ERR346596.556411	J558.38pg.128	JH2	70.000	100.000	True	False	True	False	False	False
ERR346596	ERR346596.556386	3:3.9,7183.7.10,VH7183.a7.10	JH2	84.375	86.667	True	False	True	False	False	False
ERR346596	ERR346596.556546	VHQ52.a23.68	JH2	69.231	100.000	True	False	True	False	False	False
ERR346596	ERR346596.556589	VHQ52.a24.72	JH3	78.125	93.333	True	False	True	False	False	False
ERR346596	ERR346596.556626	J558.h	JH4	83.673	100.000	True	False	True	False	False	False
ERR346596	ERR346596.556754	VH7183.a4.6,VHD6.96	JH4	42.268	92.857	True	False	True	False	False	False
ERR346596	ERR346596.556821	SM7.1.44,SM7.2.49,VHSM7.a3.93	JH2	80.000	100.000	True	False	True	False	False	False
ERR346596	ERR346596.556940	ki4		66.667		True	False	True	False	False	False
ERR346596	ERR346596.556857	VHQ52.a27.79,VOx-1	JH4	95.833	35.714	False	True	False	True	False	False
ERR346596	ERR346596.556913	J558.50	JH3	82.653	100.000	True	False	True	False	False	False
ERR346596	ERR346596.556934	J558.21pg.111,J558.25pg.115	JH3	82.474	100.000	True	False	True	False	False	False
ERR346596	ERR346596.556988	VH7183.a4.6,VHD6.96	JH4	40.206	100.000	True	False	True	False	False	False
ERR346596	ERR346596.557108	J558.45	JH3	15.306	100.000	True	False	True	False	False	False
ERR346596	ERR346596.557172	VH7183.a30.50	JH2	93.878	80.000	False	True	False	True	False	False
ERR346596	ERR346596.557225	J558.17	JH2	15.789	100.000	True	False	True	False	False	False
ERR346596	ERR346596.557297	J558.37	JH3	57.778	100.000	True	False	True	False	False	False
ERR346596	ERR346596.557291	VHQ52.a27.79,VOx-1	JH4	81.250	100.000	True	False	True	False	False	False
ERR346596	ERR346596.557333	Q52.3.8,VHQ52.a3.8	JH4	5.263	93.333	True	False	True	False	False	False
ERR346596	ERR346596.557362	J558.64.162,J558.74.176	JH3	41.237	100.000	True	False	True	False	False	False
ERR346596	ERR346596.557357	VHSM7.a4.108	JH2	6.186	100.000	True	False	True	False	False	False
ERR346596	ERR346596.557232	J558.83.189	JH2	31.250	100.000	True	False	True	False	False	False
ERR346596	ERR346596.557584	J558.79.184,J558.h	JH4	80.851	87.500	True	False	True	False	False	False
ERR346596	ERR346596.557713	VHSM7.a3.93	JH4	43.750	100.000	True	False	True	False	False	False
ERR346596	ERR346596.557783	SM7.1.44,SM7.2.49,SM7.3.54	JH3	66.667	100.000	True	False	True	False	False	False
ERR346596	ERR346596.557703	VHSM7.a3.93	JH2	48.454	100.000	True	False	True	False	False	False
ERR346596	ERR346596.557955	J558.46	JH2	23.958	100.000	True	False	True	False	False	False
ERR346596	ERR346596.558105	J558.15	JH3	17.526	100.000	True	False	True	False	False	False
ERR346596	ERR346596.558107	VH7183.a19.31	JH4	83.505	100.000	True	False	True	False	False	False
ERR346596	ERR346596.558163	J558.8.98		63.636		True	False	True	False	False	False
ERR346596	ERR346596.558162	J558.35	JH4	5.155	100.000	True	False	True	False	False	False
ERR346596	ERR346596.558189	J558.15	JH4	95.918	81.250	False	True	False	True	False	False
ERR346596	ERR346596.558098	J558.17	JH2	94.737	78.571	False	True	False	True	False	False
ERR346596	ERR346596.558256	J558.h	JH4	83.333	93.750	True	False	True	False	False	False
ERR346596	ERR346596.558351	J558.35	JH2	70.000	100.000	True	False	True	False	False	False
ERR346596	ERR346596.558348	J558.50	JH3	81.633	100.000	True	False	True	False	False	False
ERR346596	ERR346596.558429	J558.54.148	JH3	94.898	83.333	False	True	False	True	False	False
ERR346596	ERR346596.558554	J558.50	JH3	83.673	100.000	True	False	True	False	False	False
ERR346596	ERR346596.558647	V11,VHS107.a3.106	JH1	55.000	100.000	True	False	True	False	False	False
ERR346596	ERR346596.558645	7183.3pg.5,VH7183.a3psi.5		62.500		True	False	True	False	False	False
ERR346596	ERR346596.558713	J558.70pg.171,J558.n	JH4	83.505	88.235	True	False	True	False	False	False
ERR346596	ERR346596.558866	J558.14pg.104		71.429		True	False	True	False	False	False
ERR346596	ERR346596.558784	VHX24.a1.84	JH3	74.227	100.000	True	False	True	False	False	False
ERR346596	ERR346596.558898	J558.h	JH4	84.375	93.750	True	False	True	False	False	False
ERR346596	ERR346596.558958	J558.h	JH4	82.474	92.857	True	False	True	False	False	False
ERR346596	ERR346596.558969	VH7183.a19.31	JH1	5.102	100.000	True	False	True	False	False	False
ERR346596	ERR346596.558980	36-60.4.66,36-60.6.70,36-60.8.74	JH2	71.429	100.000	True	False	True	False	False	False
ERR346596	ERR346596.559146	VH36-60.a1.85	JH2	40.816	100.000	True	False	True	False	False	False
ERR346596	ERR346596.559174	J558.1	JH1	82.292	100.000	True	False	True	False	False	False
ERR346596	ERR346596.559182	J558.41pg.131	JH3	83.333	100.000	True	False	True	False	False	False
ERR346596	ERR346596.559256	J558.h	JH4	84.536	100.000	True	False	True	False	False	False
ERR346596	ERR346596.559235	V11,VHS107.a3.106	JH1	49.000	94.118	True	False	True	False	False	False
ERR346596	ERR346596.559252	J558.h	JH4	82.292	87.500	True	False	True	False	False	False
ERR346596	ERR346596.559274	J606.4.82		50.000		True	False	True	False	False	False
ERR346596	ERR346596.559284	VHJ606.a6.127#	JH3	19.000	100.000	True	False	True	False	False	False
ERR346596	ERR346596.559286	J558.h	JH4	82.653	100.000	True	False	True	False	False	False
ERR346596	ERR346596.559290	J558.14pg.104		71.429		True	False	True	False	False	False
ERR346596	ERR346596.559408	VHQ52.a27.79,VOx-1	JH4	10.526	100.000	True	False	True	False	False	False
ERR346596	ERR346596.559494	VHSM7.a3.93	JH1	58.333	100.000	True	False	True	False	False	False
ERR346596	ERR346596.559608	VH15B	JH1	65.306	100.000	True	False	True	False	False	False
ERR346596	ERR346596.559679	J558.64.162,J558.74.176	JH3	47.917	100.000	True	False	True	False	False	False
ERR346596	ERR346596.559702	J558.50	JH3	84.694	100.000	True	False	True	False	False	False
ERR346596	ERR346596.559746	J558.h	JH4	83.333	93.750	True	False	True	False	False	False
ERR346596	ERR346596.559890	J558.48,J558.k	JH2,JH3	70.000	100.000	True	False	True	False	False	False
ERR346596	ERR346596.559996	J558.5	JH4	94.898	81.250	False	True	False	True	False	False
ERR346596	ERR346596.559965	VHSM7.a3.93	JH2	84.536	92.857	True	False	True	False	False	False
ERR346596	ERR346596.559997	J558.45	JH4	91.753	82.353	False	True	False	True	False	False
ERR346596	ERR346596.560019	VHSM7.a3.93	JH2	81.443	100.000	True	False	True	False	False	False
ERR346596	ERR346596.560103	VHSM7.a3.93	JH3	7.292	100.000	True	False	True	False	False	False
ERR346596	ERR346596.560142	J558.19	JH2	14.433	100.000	True	False	True	False	False	False
ERR346596	ERR346596.560127	J558.33	JH2	47.917	100.000	True	False	True	False	False	False
ERR346596	ERR346596.560159	J558.83.189	JH2	34.043	100.000	True	False	True	False	False	False
ERR346596	ERR346596.560169	J558.50	JH3	81.633	100.000	True	False	True	False	False	False
ERR346596	ERR346596.560247	V11,VHS107.a3.106	JH2	92.929	76.923	False	True	False	True	False	False
ERR346596	ERR346596.560319	VHSM7.a3.93	JH3	52.083	100.000	True	False	True	False	False	False
ERR346596	ERR346596.560427	J558.h	JH4	83.673	100.000	True	False	True	False	False	False
ERR346596	ERR346596.560470	VHSM7.a3.93	JH2	84.043	100.000	True	False	True	False	False	False
ERR346596	ERR346596.560558	J558.47	JH3	98.980	64.286	False	True	False	True	False	False
ERR346596	ERR346596.560587	J558.29	JH4	5.155	100.000	True	False	True	False	False	False
ERR346596	ERR346596.560720	J558.45	JH4	88.542	71.429	False	True	False	True	False	False
ERR346596	ERR346596.560816	J558.19.109,J558.37.127		15.625		True	False	True	False	False	False
ERR346596	ERR346596.560872	J558.h	JH4	84.694	92.857	True	False	True	False	False	False
ERR346596	ERR346596.560915	VHQ52.a27.79	JH4	93.750	25.000	False	True	False	True	False	False
ERR346596	ERR346596.560940	VH7183.a7.10	JH4	64.286	100.000	True	False	True	False	False	False
ERR346596	ERR346596.560945	J558.64.162,J558.74.176	JH3	9.375	100.000	True	False	True	False	False	False
ERR346596	ERR346596.561022	cx9		62.500		True	False	True	False	False	False
ERR346596	ERR346596.561109	V11,VHS107.a3.106	JH2	46.535	100.000	True	False	True	False	False	False
ERR346596	ERR346596.561092	J558.20	JH3	14.433	100.000	True	False	True	False	False	False
ERR346596	ERR346596.561376	VHSM7.a3.93	JH2	83.505	100.000	True	False	True	False	False	False
ERR346596	ERR346596.561438	J558.h	JH4	84.536	92.857	True	False	True	False	False	False
ERR346596	ERR346596.561472	J558.h	JH4	84.536	92.857	True	False	True	False	False	False
ERR346596	ERR346596.561500	J558.26.116,J558.5,J558.8	JH1	5.155	100.000	True	False	True	False	False	False
ERR346596	ERR346596.561498	Q52.1pg.2,VHQ52.a1psi.2		62.500		True	False	True	False	False	False
ERR346596	ERR346596.561466	SM7.1.44,SM7.2.49,VHSM7.a3.93	JH2	77.778	100.000	True	False	True	False	False	False
ERR346596	ERR346596.561663	Q52.3.8,VHQ52.a3.8		50.000		True	False	True	False	False	False
ERR346596	ERR346596.561733	J558.54.148	JH3	95.918	83.333	False	True	False	True	False	False
ERR346596	ERR346596.561731	VH36-60.a1.85	JH2	64.948	100.000	True	False	True	False	False	False
ERR346596	ERR346596.561830	VH7183.a4.6,VHD6.96	JH4	50.515	92.857	True	False	True	False	False	False
ERR346596	ERR346596.561837	J558.64.162,J558.74.176	JH1	50.000	100.000	True	False	True	False	False	False
ERR346596	ERR346596.561899	J558.39	JH3	32.990	100.000	True	False	True	False	False	False
ERR346596	ERR346596.561779	J558.39	JH3	91.837	38.462	False	True	False	True	False	False
ERR346596	ERR346596.561893	J558.21pg.111	JH3	42.708	100.000	True	False	True	False	False	False
ERR346596	ERR346596.561913	VHQ52.a27.79,VOx-1	JH4	78.947	100.000	True	False	True	False	False	False
ERR346596	ERR346596.561854	J558.23	JH2	51.042	93.333	True	False	True	False	False	False
ERR346596	ERR346596.562000	J558.21pg.111,J558.25pg.115	JH3	82.474	100.000	True	False	True	False	False	False
ERR346596	ERR346596.562040	J558.h	JH4	83.505	100.000	True	False	True	False	False	False
ERR346596	ERR346596.562005	VH36-60.a1.85	JH4	62.887	100.000	True	False	True	False	False	False
ERR346596	ERR346596.562039	V11,VHS107.a3.106	JH1	47.525	100.000	True	False	True	False	False	False
ERR346596	ERR346596.562184	J558.h	JH4	82.474	87.500	True	False	True	False	False	False
ERR346596	ERR346596.562256	J558.19	JH2	6.186	100.000	True	False	True	False	False	False
ERR346596	ERR346596.562369	J558.83.189	JH2	7.292	100.000	True	False	True	False	False	False
ERR346596	ERR346596.562381	VHQ52.a22.67	JH2	40.625	100.000	True	False	True	False	False	False
ERR346596	ERR346596.562471	VHSM7.a3.93	JH2	84.043	100.000	True	False	True	False	False	False
ERR346596	ERR346596.562522	S107.1.42,V1,VHS107.a1.81		66.667		True	False	True	False	False	False
ERR346596	ERR346596.562523	J558.79.184	JH4	80.208	87.500	True	False	True	False	False	False
ERR346596	ERR346596.562576	VHS107.a3.106	JH1	7.921	100.000	True	False	True	False	False	False
ERR346596	ERR346596.562604	VHSM7.a3.93	JH2	95.876	35.714	False	True	False	True	False	False
ERR346596	ERR346596.562656	VHS107.a3.106	JH1	6.931	100.000	True	False	True	False	False	False
ERR346596	ERR346596.562684	J558.5	JH3	100.000	42.857	False	True	False	True	False	False
ERR346596	ERR346596.562796	J558.21pg.111,J558.25pg.115	JH3	84.536	100.000	True	False	True	False	False	False
ERR346596	ERR346596.562753	J558.5	JH4	94.898	81.250	False	True	False	True	False	False
ERR346596	ERR346596.562802	J558.54.148	JH2	16.495	93.333	True	False	True	False	False	False
ERR346596	ERR346596.562885	V11,VHS107.a3.106	JH1	8.000	100.000	True	False	True	False	False	False
ERR346596	ERR346596.562889	VHQ52.a27.79,VOx-1	JH4	37.895	100.000	True	False	True	False	False	False
ERR346596	ERR346596.563128	V11,VHS107.a3.106	JH2	32.000	92.857	True	False	True	False	False	False
ERR346596	ERR346596.563211	J558.12	JH4	44.330	100.000	True	False	True	False	False	False
ERR346596	ERR346596.563253	VHA1	JH2	97.959	80.000	False	True	False	True	False	False
ERR346596	ERR346596.563350	J558.2	JH3	90.722	84.615	False	True	False	True	False	False
ERR346596	ERR346596.563568	J558.50	JH3	83.505	100.000	True	False	True	False	False	False
ERR346596	ERR346596.563726	J558.64.162,J558.74.176	JH3	17.526	100.000	True	False	True	False	False	False
ERR346596	ERR346596.563684	J558.h	JH4	82.653	92.857	True	False	True	False	False	False
ERR346596	ERR346596.563735	J558.1	JH1	80.208	100.000	True	False	True	False	False	False
ERR346596	ERR346596.563813	J558.45	JH1	24.742	100.000	True	False	True	False	False	False
ERR346596	ERR346596.563930	21-1,21-10,21-2		80.000		True	False	True	False	False	False
ERR346596	ERR346596.564019	J558.h	JH4	83.673	92.857	True	False	True	False	False	False
ERR346596	ERR346596.564002	J558.2	JH4	96.907	84.615	False	True	False	True	False	False
ERR346596	ERR346596.564100	J558.17	JH3	93.684	64.286	False	True	False	True	False	False
ERR346596	ERR346596.564108	VH36-60.a6.114	JH4	81.250	100.000	True	False	True	False	False	False
ERR346596	ERR346596.564055	VH61-1P,VH7183.a47.76	JH4	73.196	100.000	True	False	True	False	False	False
ERR346596	ERR346596.564139	J558.50	JH4	30.208	100.000	True	False	True	False	False	False
ERR346596	ERR346596.564202	VH36-60.a8.117,VH36-60.a9.121#	JH3	11.957	100.000	True	False	True	False	False	False
ERR346596	ERR346596.564186	J558.29	JH3	43.750	100.000	True	False	True	False	False	False
ERR346596	ERR346596.564168	VHS107.a3.106	JH1	25.000	100.000	True	False	True	False	False	False
ERR346596	ERR346596.564169	VHQ52.a27.79,VOx-1	JH4	79.167	100.000	True	False	True	False	False	False
ERR346596	ERR346596.564245	J558.50	JH3	83.673	92.857	True	False	True	False	False	False
ERR346596	ERR346596.564350	J558.70pg.171,J558.n	JH4	83.505	88.235	True	False	True	False	False	False
ERR346596	ERR346596.564344	VH7183.a4.6,VHD6.96	JH4	40.206	92.857	True	False	True	False	False	False
ERR346596	ERR346596.564407	J558.45	JH3	84.536	100.000	True	False	True	False	False	False
ERR346596	ERR346596.564500	J558.24,J558.80.186		66.667		True	False	True	False	False	False
ERR346596	ERR346596.564533	J558.35	JH2	65.263	100.000	True	False	True	False	False	False
ERR346596	ERR346596.564501	J558.45	JH3	84.694	100.000	True	False	True	False	False	False
ERR346596	ERR346596.564609	bd2,bj2		66.667		True	False	True	False	False	False
ERR346596	ERR346596.564720	VHX24.a1.84	JH3	5.495	100.000	True	False	True	False	False	False
ERR346596	ERR346596.564789	J558.17	JH3	60.000	93.333	True	False	True	False	False	False
ERR346596	ERR346596.564967	VHQ52.a9.26	JH4	79.381	100.000	True	False	True	False	False	False
ERR346596	ERR346596.565028	VHQ52.a22.67	JH4	43.299	100.000	True	False	True	False	False	False
ERR346596	ERR346596.565158	J558.5	JH2	15.464	91.667	True	False	True	False	False	False
ERR346596	ERR346596.565232	J558.5	JH4	94.845	81.250	False	True	False	True	False	False
ERR346596	ERR346596.565243	VHQ52.a27.79	JH1	81.250	100.000	True	False	True	False	False	False
ERR346596	ERR346596.565355	VHA1	JH2	98.980	80.000	False	True	False	True	False	False
ERR346596	ERR346596.565528	J558.55.149	JH2	25.000	100.000	True	False	True	False	False	False
ERR346596	ERR346596.565518	J558.54.148	JH3	95.876	83.333	False	True	False	True	False	False
ERR346596	ERR346596.565560	J558.k	JH4	54.167	100.000	True	False	True	False	False	False
ERR346596	ERR346596.565542	J558.h	JH4	84.211	100.000	True	False	True	False	False	False
ERR346596	ERR346596.565522	VH7183.a30.50	JH2	94.898	80.000	False	True	False	True	False	False
ERR346596	ERR346596.565600	VHSM7.a3.93	JH2	58.763	100.000	True	False	True	False	False	False
ERR346596	ERR346596.565699	J558.50	JH3	84.694	100.000	True	False	True	False	False	False
ERR346596	ERR346596.565778	J606.4.82		50.000		True	False	True	False	False	False
ERR346596	ERR346596.565859	VHX24.a1.84	JH3	95.876	80.000	False	True	False	True	False	False
ERR346596	ERR346596.565892	J558.24,J558.80.186		66.667		True	False	True	False	False	False
ERR346596	ERR346596.565962	J558.47	JH1	65.625	100.000	True	False	True	False	False	False
ERR346596	ERR346596.565954	VHQ52.a27.79,VOx-1	JH4	57.895	100.000	True	False	True	False	False	False
ERR346596	ERR346596.565949	J558.38pg.128	JH2	70.000	100.000	True	False	True	False	False	False
ERR346596	ERR346596.566065	J558.17	JH4	32.432	100.000	True	False	True	False	False	False
ERR346596	ERR346596.566239	VHA1	JH2	98.969	80.000	False	True	False	True	False	False
ERR346596	ERR346596.566300	J558.50	JH3	83.673	100.000	True	False	True	False	False	False
ERR346596	ERR346596.566396	VHQ52.a27.79	JH1	98.969	46.667	False	True	False	True	False	False
ERR346596	ERR346596.566480	J558.40	JH2	7.216	100.000	True	False	True	False	False	False
ERR346596	ERR346596.566691	VH7183.a4.6,VHD6.96	JH4	43.299	100.000	True	False	True	False	False	False
ERR346596	ERR346596.566774	J558.54.148	JH3	95.918	83.333	False	True	False	True	False	False
ERR346596	ERR346596.566748	J558.83.189	JH2	10.417	100.000	True	False	True	False	False	False
ERR346596	ERR346596.566704	VHQ52.a27.79,VOx-1	JH4	80.000	100.000	True	False	True	False	False	False
ERR346596	ERR346596.566827	J558.38pg.128	JH2	70.000	100.000	True	False	True	False	False	False
ERR346596	ERR346596.566885	VHJ606.a6.127#	JH2	99.000	25.000	False	True	False	True	False	False
ERR346596	ERR346596.566915	VHQ52.a27.79	JH1	81.250	93.750	True	False	True	False	False	False
ERR346596	ERR346596.566918	VHSM7.a3.93	JH3	42.708	100.000	True	False	True	False	False	False
ERR346596	ERR346596.566938	VHSM7.a4.108	JH3	7.292	100.000	True	False	True	False	False	False
ERR346596	ERR346596.566976	V11,VHS107.a3.106	JH2	74.000	92.857	True	False	True	False	False	False
ERR346596	ERR346596.567000	J558.54.148	JH3	94.898	83.333	False	True	False	True	False	False
ERR346596	ERR346596.566996	VH7183.a2.3	JH4	97.959	35.714	False	True	False	True	False	False
ERR346596	ERR346596.567053	VHQ52.a27.79	JH1	36.458	100.000	True	False	True	False	False	False
ERR346596	ERR346596.567010	SM7.3.54	JH1,JH2,JH3	70.000	100.000	True	False	True	False	False	False
ERR346596	ERR346596.567086	H13-3	JH3	88.660	80.000	False	True	False	True	False	False
ERR346596	ERR346596.567029	V11,VHS107.a3.106	JH2	90.000	80.000	False	True	False	True	False	False
ERR346596	ERR346596.567098	J558.3	JH3	93.814	84.615	False	True	False	True	False	False
ERR346596	ERR346596.567155	VHQ52.a27.79,VOx-1	JH4	30.526	100.000	True	False	True	False	False	False
ERR346596	ERR346596.567398	J558.29	JH4	54.639	100.000	True	False	True	False	False	False
ERR346596	ERR346596.567389	VHX24.a1.84		70.103		True	False	True	False	False	False
ERR346596	ERR346596.567444	J558.50	JH3	82.653	100.000	True	False	True	False	False	False
ERR346596	ERR346596.567549	Vh10.2a	JH3	17.347	100.000	True	False	True	False	False	False
ERR346596	ERR346596.567594	VHS107.a3.106	JH2	99.010	84.615	False	True	False	True	False	False
ERR346596	ERR346596.567666	VHSM7.a1.83	JH4	7.143	100.000	True	False	True	False	False	False
ERR346596	ERR346596.567802	VHSM7.a3.93	JH2	93.814	57.143	False	True	False	True	False	False
ERR346596	ERR346596.567874	VHS107.a3.106	JH2	98.020	84.615	False	True	False	True	False	False
ERR346596	ERR346596.567910	J558.50	JH3	84.783	100.000	True	False	True	False	False	False
ERR346596	ERR346596.567928	V11,VHS107.a3.106	JH1	15.000	100.000	True	False	True	False	False	False
ERR346596	ERR346596.568039	J558.33	JH3	84.536	92.308	True	False	True	False	False	False
ERR346596	ERR346596.568004	J558.50	JH3	82.653	100.000	True	False	True	False	False	False
ERR346596	ERR346596.567965	J558.19	JH3	16.495	100.000	True	False	True	False	False	False
ERR346596	ERR346596.568180	J558.18	JH4	26.042	100.000	True	False	True	False	False	False
ERR346596	ERR346596.568306	J558.50	JH3	14.583	100.000	True	False	True	False	False	False
ERR346596	ERR346596.568400	VHSM7.a3.93	JH4	35.417	100.000	True	False	True	False	False	False
ERR346596	ERR346596.568425	J558.89pg.195	JH3	60.204	100.000	True	False	True	False	False	False
ERR346596	ERR346596.568446	J558.17	JH3	94.737	30.769	False	True	False	True	False	False
ERR346596	ERR346596.568546	J558.50	JH3	83.505	92.857	True	False	True	False	False	False
ERR346596	ERR346596.568667	VHSM7.a3.93	JH4	16.495	100.000	True	False	True	False	False	False
ERR346596	ERR346596.568679	VH7183.a4.6,VHD6.96	JH4	17.347	100.000	True	False	True	False	False	False
ERR346596	ERR346596.568707	VHX24.a1.84	JH3	98.980	80.000	False	True	False	True	False	False
ERR346596	ERR346596.568724	VH7183.a19.31	JH2	28.571	100.000	True	False	True	False	False	False
ERR346596	ERR346596.568748	J558.54.148	JH2	30.928	93.333	True	False	True	False	False	False
ERR346596	ERR346596.568788	J558.5	JH4	91.837	81.250	False	True	False	True	False	False
ERR346596	ERR346596.568859	VH7183.a4.6,VHD6.96	JH4	94.845	35.714	False	True	False	True	False	False
ERR346596	ERR346596.568862	J606.1.79,VH22.1,VHJ606.a3.124#	JH3	83.838	100.000	True	False	True	False	False	False
ERR346596	ERR346596.568878	J558.54.148	JH3	95.876	83.333	False	True	False	True	False	False
ERR346596	ERR346596.568901	VH7183.a4.6,VHD6.96	JH4	93.814	80.000	False	True	False	True	False	False
ERR346596	ERR346596.568936	VH7183.a4.6,VHD6.96	JH4	43.299	100.000	True	False	True	False	False	False
ERR346596	ERR346596.568970	J558.h	JH4	82.474	93.750	True	False	True	False	False	False
ERR346596	ERR346596.569074	VHQ52.a23.68	JH2	76.923	100.000	True	False	True	False	False	False
ERR346596	ERR346596.569181	J558.h	JH4	83.505	92.857	True	False	True	False	False	False
ERR346596	ERR346596.569164	J558.52	JH2	74.227	100.000	True	False	True	False	False	False
ERR346596	ERR346596.569173	J558.17	JH3	12.632	92.308	True	False	True	False	False	False
ERR346596	ERR346596.569306	J558.20	JH3	58.333	100.000	True	False	True	False	False	False
ERR346596	ERR346596.569323	J558.47	JH2	26.804	100.000	True	False	True	False	False	False
ERR346596	ERR346596.569353	J558.5	JH4	37.113	81.250	True	True	True	True	False	False
ERR346596	ERR346596.569346	Vh10.2a	JH3	37.374	100.000	True	False	True	False	False	False
ERR346596	ERR346596.569431	J558.46	JH2	49.485	100.000	True	False	True	False	False	False
ERR346596	ERR346596.569457	VHQ52.a9.26	JH4	35.417	100.000	True	False	True	False	False	False
ERR346596	ERR346596.569473	VHQ52.a27.79,VOx-1	JH2	97.917	84.615	False	True	False	True	False	False
ERR346596	ERR346596.569645	J558.29	JH4	96.939	35.714	False	True	False	True	False	False
ERR346596	ERR346596.569671	J558.54.148	JH3	94.845	83.333	False	True	False	True	False	False
ERR346596	ERR346596.569858	J558.83.189	JH2	50.000	100.000	True	False	True	False	False	False
ERR346596	ERR346596.569942	J558.47	JH2	71.875	100.000	True	False	True	False	False	False
ERR346596	ERR346596.570001	J558.47	JH2	91.667	84.615	False	True	False	True	False	False
ERR346596	ERR346596.570123	J558.89pg.195,J558.n	JH1	70.000	66.667	True	True	True	True	False	False
ERR346596	ERR346596.570099	J558.h	JH4	84.783	92.857	True	False	True	False	False	False
ERR346596	ERR346596.570256	J558.39	JH3	24.742	100.000	True	False	True	False	False	False
ERR346596	ERR346596.570171	VH7183.a46.75	JH4	33.673	100.000	True	False	True	False	False	False
ERR346596	ERR346596.570235	J558.2,J558.26.116,J558.5	JH1	83.505	85.714	True	False	True	False	False	False
ERR346596	ERR346596.570313	VHQ52.a27.79,VOx-1	JH4	38.542	100.000	True	False	True	False	False	False
ERR346596	ERR346596.570350	J558.50	JH3	82.653	100.000	True	False	True	False	False	False
ERR346596	ERR346596.570488	VHQ52.a27.79	JH1	81.443	100.000	True	False	True	False	False	False
ERR346596	ERR346596.570528	J558.45	JH3	38.542	100.000	True	False	True	False	False	False
ERR346596	ERR346596.570574	J558.h	JH4	84.694	92.857	True	False	True	False	False	False
ERR346596	ERR346596.570523	J558.58.154,J558.j	JH1	53.333	100.000	True	False	True	False	False	False
ERR346596	ERR346596.570720	J558.54.148	JH3	95.918	83.333	False	True	False	True	False	False
ERR346596	ERR346596.570724	VHX24.a1.84	JH3	72.165	100.000	True	False	True	False	False	False
ERR346596	ERR346596.570895	J558.16.106	JH3	92.708	78.571	False	True	False	True	False	False
ERR346596	ERR346596.571016	VHX24.a1.84	JH3	90.722	80.000	False	True	False	True	False	False
ERR346596	ERR346596.571068	J558.64.162,J558.74.176	JH3	98.969	57.143	False	True	False	True	False	False
ERR346596	ERR346596.571074	J558.19	JH2	20.833	100.000	True	False	True	False	False	False
ERR346596	ERR346596.571147	VHQ52.a27.79	JH2	9.375	84.615	True	True	True	True	False	False
ERR346596	ERR346596.571145	V11,VHS107.a3.106	JH1	49.000	100.000	True	False	True	False	False	False
ERR346596	ERR346596.571258	J558.55.149	JH2	19.588	100.000	True	False	True	False	False	False
ERR346596	ERR346596.571324	J558.k	JH4	7.216	100.000	True	False	True	False	False	False
ERR346596	ERR346596.571314	VHQ52.a27.79,VOx-1	JH4	93.750	80.000	False	True	False	True	False	False
ERR346596	ERR346596.571423	VHQ52.a27.79	JH1	66.667	100.000	True	False	True	False	False	False
ERR346596	ERR346596.571424	VHQ52.a27.79,VOx-1	JH4	28.421	100.000	True	False	True	False	False	False
ERR346596	ERR346596.571453	J558.54.148	JH3	92.857	83.333	False	True	False	True	False	False
ERR346596	ERR346596.571496	VHSM7.a3.93	JH4	53.608	100.000	True	False	True	False	False	False
ERR346596	ERR346596.571521	J558.12	JH2	4.167	100.000	True	False	True	False	False	False
ERR346596	ERR346596.571590	J558.8	JH3	84.694	100.000	True	False	True	False	False	False
ERR346596	ERR346596.571598	VHQ52.a27.79	JH1	60.417	100.000	True	False	True	False	False	False
ERR346596	ERR346596.571645	J558.20	JH1	96.939	46.667	False	True	False	True	False	False
ERR346596	ERR346596.572021	J558.l	JH4	5.155	93.333	True	False	True	False	False	False
ERR346596	ERR346596.572037	VHSM7.a3.93	JH3	52.083	92.308	True	False	True	False	False	False
ERR346596	ERR346596.572070	J606.1.79,VH22.1,VHJ606.a3.124#	JH3	84.848	100.000	True	False	True	False	False	False
ERR346596	ERR346596.572179	VH36-60.a6.114	JH4	98.958	25.000	False	True	False	True	False	False
ERR346596	ERR346596.572096	J558.45	JH4	31.959	100.000	True	False	True	False	False	False
ERR346596	ERR346596.572293	J558.50	JH3	84.536	100.000	True	False	True	False	False	False
ERR346596	ERR346596.572201	J558.17	JH3	43.750	69.231	True	True	True	True	False	False
ERR346596	ERR346596.572438	VH50.1,VH7183.a13.20	JH2	43.878	100.000	True	False	True	False	False	False
ERR346596	ERR346596.572481	J558.20	JH3	83.505	100.000	True	False	True	False	False	False
ERR346596	ERR346596.572496	J558.47	JH2	98.980	80.000	False	True	False	True	False	False
ERR346596	ERR346596.572565	V1,VHS107.a1.81	JH4	14.141	100.000	True	False	True	False	False	False
ERR346596	ERR346596.573047	MAI1,MBK2,PWK2		66.667		True	False	True	False	False	False
ERR346596	ERR346596.573133	J558.h	JH4	84.375	93.750	True	False	True	False	False	False
ERR346596	ERR346596.573117	VHS107.a3.106	JH1	36.667	100.000	True	False	True	False	False	False
ERR346596	ERR346596.573312	VHSM7.a3.93	JH2	33.333	92.308	True	False	True	False	False	False
ERR346596	ERR346596.573322	V11,VHS107.a3.106	JH1	36.000	100.000	True	False	True	False	False	False
ERR346596	ERR346596.573446	VH36-60.a1.85	JH4	22.917	100.000	True	False	True	False	False	False
ERR346596	ERR346596.573462	VH36-60.a2.90	JH1	63.918	100.000	True	False	True	False	False	False
ERR346596	ERR346596.573650	J558.21pg.111,J558.25pg.115	JH3	38.542	100.000	True	False	True	False	False	False
ERR346596	ERR346596.573689	J558.h	JH4	82.474	92.857	True	False	True	False	False	False
ERR346596	ERR346596.573705	J558.27pg.117,J558.38pg.128	JH4	11.579	100.000	True	False	True	False	False	False
ERR346596	ERR346596.573641	J558.5	JH4	25.000	88.235	True	False	True	False	False	False
ERR346596	ERR346596.573917	J606.4.82		50.000		True	False	True	False	False	False
ERR346596	ERR346596.573941	J558.70pg.171,J558.n		77.320		True	False	True	False	False	False
ERR346596	ERR346596.574091	J558.h	JH4	81.443	93.750	True	False	True	False	False	False
ERR346596	ERR346596.574232	J558.h	JH4	83.333	93.750	True	False	True	False	False	False
ERR346596	ERR346596.574224	VHSM7.a3.93	JH2	84.043	100.000	True	False	True	False	False	False
ERR346596	ERR346596.574298	VH36-60.a1.85	JH4	43.299	100.000	True	False	True	False	False	False
ERR346596	ERR346596.574335	J558.20	JH3	25.773	100.000	True	False	True	False	False	False
ERR346596	ERR346596.574319	J558.50	JH3	82.653	100.000	True	False	True	False	False	False
ERR346596	ERR346596.574466	J558.50	JH3	83.673	100.000	True	False	True	False	False	False
ERR346596	ERR346596.574424	VHQ52.a27.79,VOx-1	JH2	69.474	100.000	True	False	True	False	False	False
ERR346596	ERR346596.574525	J558.37.127	JH4	13.402	100.000	True	False	True	False	False	False
ERR346596	ERR346596.574559	J606.4.82		50.000		True	False	True	False	False	False
ERR346596	ERR346596.574641	J558.f	JH1	6.522	100.000	True	False	True	False	False	False
ERR346596	ERR346596.574570	J558.40	JH3	6.250	100.000	True	False	True	False	False	False
ERR346596	ERR346596.574713	SM7.1.44,SM7.2.49,VHSM7.a3.93	JH2	80.000	100.000	True	False	True	False	False	False
ERR346596	ERR346596.574776	J558.2	JH4	83.505	100.000	True	False	True	False	False	False
ERR346596	ERR346596.574793	VHQ52.a27.79	JH1	82.292	100.000	True	False	True	False	False	False
ERR346596	ERR346596.574829	J558.50	JH3	82.474	100.000	True	False	True	False	False	False
ERR346596	ERR346596.574980	J558.h	JH4	81.443	100.000	True	False	True	False	False	False
ERR346596	ERR346596.575168	J558.20	JH2	52.941	100.000	True	False	True	False	False	False
ERR346596	ERR346596.575231	VHSM7.a3.93	JH3	7.216	100.000	True	False	True	False	False	False
ERR346596	ERR346596.575216	J558.8	JH3	84.536	100.000	True	False	True	False	False	False
ERR346596	ERR346596.575146	J558.24,J558.80.186		66.667		True	False	True	False	False	False
ERR346596	ERR346596.575408	J558.24,J558.80.186		66.667		True	False	True	False	False	False
ERR346596	ERR346596.575435	J558.23	JH4	65.625	100.000	True	False	True	False	False	False
ERR346596	ERR346596.575478	gu33		66.667		True	False	True	False	False	False
ERR346596	ERR346596.575573	J558.h	JH4	83.158	92.857	True	False	True	False	False	False
ERR346596	ERR346596.575597	J558.5	JH4	94.845	81.250	False	True	False	True	False	False
ERR346596	ERR346596.575619	VH7183.7b	JH4	45.918	100.000	True	False	True	False	False	False
ERR346596	ERR346596.575660	J558.25pg.115	JH3	66.667	100.000	True	False	True	False	False	False
ERR346596	ERR346596.575708	VHQ52.a27.79	JH3	45.833	92.857	True	False	True	False	False	False
ERR346596	ERR346596.575600	VHSM7.a3.93	JH4	54.167	100.000	True	False	True	False	False	False
ERR346596	ERR346596.575695	VHSM7.a3.93	JH2	18.557	100.000	True	False	True	False	False	False
ERR346596	ERR346596.575836	J558.64.162,J558.74.176	JH3	8.247	100.000	True	False	True	False	False	False
ERR346596	ERR346596.575869	J558.50	JH3	84.536	100.000	True	False	True	False	False	False
ERR346596	ERR346596.575852	Vh10.2a	JH3	45.455	100.000	True	False	True	False	False	False
ERR346596	ERR346596.575923	J558.5	JH4	93.878	81.250	False	True	False	True	False	False
ERR346596	ERR346596.576019	J558.17	JH4	50.000	100.000	True	False	True	False	False	False
ERR346596	ERR346596.576038	VHQ52.a27.79,VOx-1	JH4	9.375	92.857	True	False	True	False	False	False
ERR346596	ERR346596.576154	J558.5	JH4	36.458	81.250	True	True	True	True	False	False
ERR346596	ERR346596.576124	J558.17	JH2	91.667	84.615	False	True	False	True	False	False
ERR346596	ERR346596.576173	J558.h	JH4	84.536	92.857	True	False	True	False	False	False
ERR346596	ERR346596.576233	VHSM7.a3.93	JH2	84.375	100.000	True	False	True	False	False	False
ERR346596	ERR346596.576359	J558.13,J558.54.148	JH4	36.458	100.000	True	False	True	False	False	False
ERR346596	ERR346596.576396	J558.40	JH2	93.814	83.333	False	True	False	True	False	False
ERR346596	ERR346596.576419	VHQ52.a27.79	JH2	94.845	84.615	False	True	False	True	False	False
ERR346596	ERR346596.576440	21-11,21-6		16.667		True	False	True	False	False	False
ERR346596	ERR346596.576498	J558.50	JH3	81.633	100.000	True	False	True	False	False	False
ERR346596	ERR346596.576500	J558.37.127	JH3	5.155	100.000	True	False	True	False	False	False
ERR346596	ERR346596.576723	VHSM7.a3.93	JH2	11.340	100.000	True	False	True	False	False	False
ERR346596	ERR346596.576825	J558.8	JH3	7.692	100.000	True	False	True	False	False	False
ERR346596	ERR346596.577034	VHSM7.a3.93	JH2	6.250	100.000	True	False	True	False	False	False
ERR346596	ERR346596.577247	J558.h	JH1	76.042	100.000	True	False	True	False	False	False
ERR346596	ERR346596.577353	VHQ52.a27.79	JH2	90.722	78.571	False	True	False	True	False	False
ERR346596	ERR346596.577448	VHQ52.a27.79,VOx-1	JH4	55.789	100.000	True	False	True	False	False	False
ERR346596	ERR346596.577514	J558.40	JH3	6.316	100.000	True	False	True	False	False	False
ERR346596	ERR346596.577585	VH7183.a7.10	JH4	80.612	100.000	True	False	True	False	False	False
ERR346596	ERR346596.577646	J558.50	JH3	82.653	100.000	True	False	True	False	False	False
ERR346596	ERR346596.577515	J558.38pg.128	JH2	70.000	100.000	True	False	True	False	False	False
ERR346596	ERR346596.577709	ki4	JK4	66.667	100.000	True	False	True	False	False	False
ERR346596	ERR346596.577719	J558.h	JH4	59.794	100.000	True	False	True	False	False	False
ERR346596	ERR346596.577771	VHX24.a1.84	JH2	37.113	100.000	True	False	True	False	False	False
ERR346596	ERR346596.577711	J558.12.102	JH2	82.474	100.000	True	False	True	False	False	False
ERR346596	ERR346596.577838	VHA1	JH4	21.875	100.000	True	False	True	False	False	False
ERR346596	ERR346596.577912	VHSM7.a3.93	JH3	24.468	92.308	True	False	True	False	False	False
ERR346596	ERR346596.578010	J558.29	JH1	40.206	100.000	True	False	True	False	False	False
ERR346596	ERR346596.578026	J558.44	JH2	84.536	100.000	True	False	True	False	False	False
ERR346596	ERR346596.578056	VHQ52.a27.79	JH1	42.105	100.000	True	False	True	False	False	False
ERR346596	ERR346596.578157	J558.21pg.111,J558.25pg.115	JH3	83.505	100.000	True	False	True	False	False	False
ERR346596	ERR346596.578278	VH36-60.a2.90	JH4	95.833	82.353	False	True	False	True	False	False
ERR346596	ERR346596.578347	J558.3.90,J558.50	JH3	64.286	100.000	True	False	True	False	False	False
ERR346596	ERR346596.578418	VH36-60.a1.85	JH4	41.237	93.333	True	False	True	False	False	False
ERR346596	ERR346596.578448	VHQ52.a27.79,VOx-1	JH4	30.526	100.000	True	False	True	False	False	False
ERR346596	ERR346596.578491	J558.35	JH2	84.536	100.000	True	False	True	False	False	False
ERR346596	ERR346596.578513	VHSM7.a4.108	JH2	78.125	100.000	True	False	True	False	False	False
ERR346596	ERR346596.578631	J558.44	JH2	39.583	100.000	True	False	True	False	False	False
ERR346596	ERR346596.578661	VHSM7.a3.93	JH1	73.626	94.118	True	False	True	False	False	False
ERR346596	ERR346596.578678	J558.1	JH1	81.250	100.000	True	False	True	False	False	False
ERR346596	ERR346596.578705	VHA1	JH4	98.980	81.250	False	True	False	True	False	False
ERR346596	ERR346596.578813	J558.52.145,J558.61.157,V3	JH2	22.917	93.333	True	False	True	False	False	False
ERR346596	ERR346596.578735	VHJ606.a6.127#	JH3	79.798	100.000	True	False	True	False	False	False
ERR346596	ERR346596.578817	J558.8	JH3	84.536	100.000	True	False	True	False	False	False
ERR346596	ERR346596.578870	VH7183.a37.59	JH4	31.250	93.333	True	False	True	False	False	False
ERR346596	ERR346596.578927	J558.55.149	JH2	43.750	100.000	True	False	True	False	False	False
ERR346596	ERR346596.578900	VH7183.a19.31	JH1	46.939	100.000	True	False	True	False	False	False
ERR346596	ERR346596.579013	J558.39	JH3	30.851	100.000	True	False	True	False	False	False
ERR346596	ERR346596.579180	VHS107.a3.106	JH2	5.941	100.000	True	False	True	False	False	False
ERR346596	ERR346596.579330	Q52.1pg.2,VHQ52.a1psi.2		62.500		True	False	True	False	False	False
ERR346596	ERR346596.579361	VHSM7.a3.93	JH2	31.250	100.000	True	False	True	False	False	False
ERR346596	ERR346596.579362	VHSM7.a3.93	JH2	14.583	100.000	True	False	True	False	False	False
ERR346596	ERR346596.579381	VHQ52.a27.79,VOx-1	JH4	7.368	100.000	True	False	True	False	False	False
ERR346596	ERR346596.579392	J558.38pg.128	JH2	72.727	100.000	True	False	True	False	False	False
ERR346596	ERR346596.579328	J558.h	JH4	83.505	100.000	True	False	True	False	False	False
ERR346596	ERR346596.579418	VHSM7.a1.83	JH2	96.939	71.429	False	True	False	True	False	False
ERR346596	ERR346596.579573	V11,VHS107.a3.106	JH2	47.525	100.000	True	False	True	False	False	False
ERR346596	ERR346596.579587	J558.5	JH4	94.845	81.250	False	True	False	True	False	False
ERR346596	ERR346596.579633	VHSM7.a3.93	JH3	97.917	69.231	False	True	False	True	False	False
ERR346596	ERR346596.579692	J558.50	JH4	35.052	100.000	True	False	True	False	False	False
ERR346596	ERR346596.579788	J558.14pg.104		71.429		True	False	True	False	False	False
ERR346596	ERR346596.579793	VH61-1P,VH7183.a47.76	JH4	84.536	100.000	True	False	True	False	False	False
ERR346596	ERR346596.579860	J558.h	JH4	84.211	100.000	True	False	True	False	False	False
ERR346596	ERR346596.579901	J558.5	JH4	98.969	82.353	False	True	False	True	False	False
ERR346596	ERR346596.579856	J558.50	JH3	84.536	100.000	True	False	True	False	False	False
ERR346596	ERR346596.580038	VH36-60.a2.90	JH2	63.265	100.000	True	False	True	False	False	False
ERR346596	ERR346596.580050	VH7183.a37.59	JH2	20.619	100.000	True	False	True	False	False	False
ERR346596	ERR346596.580109	J558.16.106,J558.18.108,J558.2	JH2	100.000	66.667	False	True	False	True	False	False
ERR346596	ERR346596.580193	Q52.3.8,VHQ52.a3.8	JH4	81.250	93.333	True	False	True	False	False	False
ERR346596	ERR346596.580302	VH7183.a4.6,VHD6.96	JH4	30.928	100.000	True	False	True	False	False	False
ERR346596	ERR346596.580361	J558.40	JH2	6.250	100.000	True	False	True	False	False	False
ERR346596	ERR346596.580405	VH36-60.a2.90	JH4	93.814	82.353	False	True	False	True	False	False
ERR346596	ERR346596.580400	VHQ52.a22.67	JH1	73.958	93.750	True	False	True	False	False	False
ERR346596	ERR346596.580506	VHQ52.a24.72	JH3	77.320	93.333	True	False	True	False	False	False
ERR346596	ERR346596.580445	J558.29	JH4	98.980	57.143	False	True	False	True	False	False
ERR346596	ERR346596.580556	Q52.7.18,VHQ52.a7.18	JH4	63.918	100.000	True	False	True	False	False	False
ERR346596	ERR346596.580588	J558.2	JH3	87.500	78.571	False	True	False	True	False	False
ERR346596	ERR346596.580665	VHQ52.a27.79	JH2	54.639	84.615	True	True	True	True	False	False
ERR346596	ERR346596.580607	J558.h	JH4	83.158	92.857	True	False	True	False	False	False
ERR346596	ERR346596.580705	H13-3	JH3	91.837	73.333	False	True	False	True	False	False
ERR346596	ERR346596.580812	H13-3	JH3	40.206	100.000	True	False	True	False	False	False
ERR346596	ERR346596.580836	V11,VHS107.a3.106	JH2	84.158	100.000	True	False	True	False	False	False
ERR346596	ERR346596.580763	VHQ52.a23.68	JH2	69.231	100.000	True	False	True	False	False	False
ERR346596	ERR346596.580873	J558.21pg.111,J558.25pg.115	JH3	83.505	100.000	True	False	True	False	False	False
ERR346596	ERR346596.580876	J558.12	JH3	79.381	92.857	True	False	True	False	False	False
ERR346596	ERR346596.580898	J558.h	JH4	83.505	100.000	True	False	True	False	False	False
ERR346596	ERR346596.580906	J558.50	JH3	82.474	100.000	True	False	True	False	False	False
ERR346596	ERR346596.580913	J558.47	JH3	17.708	100.000	True	False	True	False	False	False
ERR346596	ERR346596.580965	VHQ52.a27.79	JH2	93.750	84.615	False	True	False	True	False	False
ERR346596	ERR346596.580903	VH36-60.a6.114	JH4	77.083	100.000	True	False	True	False	False	False
ERR346596	ERR346596.581053	J558.h	JH4	83.673	92.857	True	False	True	False	False	False
ERR346596	ERR346596.581038	J558.2	JH3	88.660	46.154	False	True	False	True	False	False
ERR346596	ERR346596.581269	J558.54.148	JH3	15.464	91.667	True	False	True	False	False	False
ERR346596	ERR346596.581386	J558.50	JH4	38.144	93.750	True	False	True	False	False	False
ERR346596	ERR346596.581371	J558.35	JH2	37.895	100.000	True	False	True	False	False	False
ERR346596	ERR346596.581447	J558.54.148	JH3	95.918	83.333	False	True	False	True	False	False
ERR346596	ERR346596.581436	VHQ52.a22.67	JH1	58.333	93.750	True	False	True	False	False	False
ERR346596	ERR346596.581546	J558.47	JH2	98.980	66.667	False	True	False	True	False	False
ERR346596	ERR346596.581494	J558.h	JH3	84.536	100.000	True	False	True	False	False	False
ERR346596	ERR346596.581601	VHS107.a3.106	JH2	98.020	84.615	False	True	False	True	False	False
ERR346596	ERR346596.581568	J558.39	JH3	94.898	38.462	False	True	False	True	False	False
ERR346596	ERR346596.581694	VH7183.a31psi.53		42.857		True	False	True	False	False	False
ERR346596	ERR346596.581927	J558.4	JH4	63.542	100.000	True	False	True	False	False	False
ERR346596	ERR346596.581955	J558.55.149	JH2	51.042	100.000	True	False	True	False	False	False
ERR346596	ERR346596.581934	J606.4.82	JH2	75.789	100.000	True	False	True	False	False	False
ERR346596	ERR346596.582145	Q52.1pg.2,VHQ52.a1psi.2		62.500		True	False	True	False	False	False
ERR346596	ERR346596.582213	J558.54.148	JH2	94.898	42.857	False	True	False	True	False	False
ERR346596	ERR346596.582285	J558.18	JH2	54.082	91.667	True	False	True	False	False	False
ERR346596	ERR346596.582347	J558.45	JH2	34.375	100.000	True	False	True	False	False	False
ERR346596	ERR346596.582369	VHQ52.a27.79,VOx-1	JH4	78.947	100.000	True	False	True	False	False	False
ERR346596	ERR346596.582393	J558.h	JH4	83.673	92.857	True	False	True	False	False	False
ERR346596	ERR346596.582494	VHQ52.a27.79	JH4	79.167	100.000	True	False	True	False	False	False
ERR346596	ERR346596.582680	VH7183.a3psi.5		62.500		True	False	True	False	False	False
ERR346596	ERR346596.582727	VHSM7.a3.93	JH4	10.417	100.000	True	False	True	False	False	False
ERR346596	ERR346596.582712	3:3.9,7183.7.10,VH7183.a7.10	JH2	67.708	93.333	True	False	True	False	False	False
ERR346596	ERR346596.582722	J558.83.189	JH2	9.184	100.000	True	False	True	False	False	False
ERR346596	ERR346596.582855	J558.h	JH4	80.208	87.500	True	False	True	False	False	False
ERR346596	ERR346596.582887	J558.47	JH4	94.898	62.500	False	True	False	True	False	False
ERR346596	ERR346596.583066	J558.h	JH4	84.694	92.857	True	False	True	False	False	False
ERR346596	ERR346596.583039	VHSM7.a1.83	JH4	7.216	100.000	True	False	True	False	False	False
ERR346596	ERR346596.583211	J558.42.132	JH1	84.536	92.857	True	False	True	False	False	False
ERR346596	ERR346596.583238	VHSM7.a3.93	JH3	8.247	100.000	True	False	True	False	False	False
ERR346596	ERR346596.583267	VHSM7.a3.93	JH4	67.010	100.000	True	False	True	False	False	False
ERR346596	ERR346596.583261	J558.29	JH4	25.773	100.000	True	False	True	False	False	False
ERR346596	ERR346596.583344	J558.50	JH3	83.673	100.000	True	False	True	False	False	False
ERR346596	ERR346596.583428	VH7183.a7.10	JH4	63.265	92.857	True	False	True	False	False	False
ERR346596	ERR346596.583432	VHA1	JH2	9.184	100.000	True	False	True	False	False	False
ERR346596	ERR346596.583426	J606.4.82		50.000		True	False	True	False	False	False
ERR346596	ERR346596.583594	V11,VHS107.a3.106	JH1	50.000	100.000	True	False	True	False	False	False
ERR346596	ERR346596.583540	VH15B	JH1	95.960	33.333	False	True	False	True	False	False
ERR346596	ERR346596.583743	J558.50	JH3	83.505	100.000	True	False	True	False	False	False
ERR346596	ERR346596.583730	J558.64.162,J558.74.176	JH1	40.206	100.000	True	False	True	False	False	False
ERR346596	ERR346596.583990	J558.50	JH3	83.505	100.000	True	False	True	False	False	False
ERR346596	ERR346596.583961	J558.39	JH3	72.917	100.000	True	False	True	False	False	False
ERR346596	ERR346596.584028	VH7183.9,VH7183.a15.24	JH1	95.918	46.667	False	True	False	True	False	False
ERR346596	ERR346596.584068	J606.4.82	JH2	45.745	100.000	True	False	True	False	False	False
ERR346596	ERR346596.584051	J558.50	JH3	84.536	100.000	True	False	True	False	False	False
ERR346596	ERR346596.584197	VHQ52.a27.79	JH1	81.250	100.000	True	False	True	False	False	False
ERR346596	ERR346596.584195	VHSM7.a3.93	JH2	58.333	100.000	True	False	True	False	False	False
ERR346596	ERR346596.584214	V11,VHS107.a3.106	JH2	47.525	100.000	True	False	True	False	False	False
ERR346596	ERR346596.584270	J558.50	JH3	84.536	100.000	True	False	True	False	False	False
ERR346596	ERR346596.584297	J558.h	JH4	83.158	100.000	True	False	True	False	False	False
ERR346596	ERR346596.584354	J558.25pg.115	JH3	84.536	100.000	True	False	True	False	False	False
ERR346596	ERR346596.584448	J558.17	JH3	6.250	100.000	True	False	True	False	False	False
ERR346596	ERR346596.584556	VHSM7.a3.93	JH2	64.583	100.000	True	False	True	False	False	False
ERR346596	ERR346596.584571	J558.15	JH4	100.000	81.250	False	True	False	True	False	False
ERR346596	ERR346596.584572	VHSM7.a3.93	JH2	82.474	100.000	True	False	True	False	False	False
ERR346596	ERR346596.584564	VHQ52.a24.72	JH3	12.632	100.000	True	False	True	False	False	False
ERR346596	ERR346596.584525	J558.5	JH4	91.837	81.250	False	True	False	True	False	False
ERR346596	ERR346596.584737	J558.44	JH4	32.990	93.333	True	False	True	False	False	False
ERR346596	ERR346596.584825	J558.h	JH4	83.505	92.857	True	False	True	False	False	False
ERR346596	ERR346596.585039	J558.12	JH1	80.208	100.000	True	False	True	False	False	False
ERR346596	ERR346596.585070	J558.29	JH4	25.773	100.000	True	False	True	False	False	False
ERR346596	ERR346596.585057	J558.f,VH104B		80.000		True	False	True	False	False	False
ERR346596	ERR346596.585181	SM7.1.44,SM7.2.49,VHSM7.a3.93	JH2	77.778	100.000	True	False	True	False	False	False
ERR346596	ERR346596.585270	J558.26.116	JH1	45.833	100.000	True	False	True	False	False	False
ERR346596	ERR346596.585348	J558.h	JH4	84.536	93.750	True	False	True	False	False	False
ERR346596	ERR346596.585616	VH7183.a19.31	JH4	28.571	100.000	True	False	True	False	False	False
ERR346596	ERR346596.585606	VHSM7.a3.93	JH2	83.333	100.000	True	False	True	False	False	False
ERR346596	ERR346596.585719	SM7.1.44,SM7.2.49,VHSM7.a3.93	JH2	77.778	100.000	True	False	True	False	False	False
ERR346596	ERR346596.585835	J558.5	JH4	94.898	81.250	False	True	False	True	False	False
ERR346596	ERR346596.585853	J558.47	JH3	7.292	100.000	True	False	True	False	False	False
ERR346596	ERR346596.586011	J558.37,J558.38,J558.39		80.000		True	False	True	False	False	False
ERR346596	ERR346596.586047	J558.37.127	JH3	74.227	100.000	True	False	True	False	False	False
ERR346596	ERR346596.586152	J558.54.148	JH2	34.375	93.333	True	False	True	False	False	False
ERR346596	ERR346596.586177	J558.h	JH4	84.211	100.000	True	False	True	False	False	False
ERR346596	ERR346596.586216	V11,VHS107.a3.106	JH1	74.257	100.000	True	False	True	False	False	False
ERR346596	ERR346596.586191	VHQ52.a23.68	JH2	76.923	100.000	True	False	True	False	False	False
ERR346596	ERR346596.586287	J558.17A,J558.6.96	JH2	55.556	100.000	True	False	True	False	False	False
ERR346596	ERR346596.586319	VHQ52.a27.79,VOx-1	JH4	9.375	100.000	True	False	True	False	False	False
ERR346596	ERR346596.586373	VHSM7.a4.108	JH2	26.804	100.000	True	False	True	False	False	False
ERR346596	ERR346596.586471	J558.33	JH2	14.433	93.333	True	False	True	False	False	False
ERR346596	ERR346596.586527	J558.5	JH4	94.845	81.250	False	True	False	True	False	False
ERR346596	ERR346596.586617	J558.22	JH3	50.000	100.000	True	False	True	False	False	False
ERR346596	ERR346596.586660	J558.h	JH4	83.505	100.000	True	False	True	False	False	False
ERR346596	ERR346596.586676	J558.33	JH2	42.105	100.000	True	False	True	False	False	False
ERR346596	ERR346596.586679	J558.21pg.111,J558.25pg.115	JH3	83.505	100.000	True	False	True	False	False	False
ERR346596	ERR346596.586729	J558.22	JH3	93.814	35.714	False	True	False	True	False	False
ERR346596	ERR346596.586838	J558.h	JH4	80.412	87.500	True	False	True	False	False	False
ERR346596	ERR346596.586876	J558.50	JH3	82.474	100.000	True	False	True	False	False	False
ERR346596	ERR346596.586893	J558.16.106	JH1	97.938	50.000	False	True	False	True	False	False
ERR346596	ERR346596.586863	J558.50	JH3	83.505	100.000	True	False	True	False	False	False
